{
"리퀘스트 네트워크, 멀티체인 대량지급 기능 확대…트론·컴플라이언스 추가": 1782372654.59955,
"프랑스 6월 소비자신심지수 84, 예상치 소폭 상회": 1782371740.765729,
"H.B. Fuller, Advanced Medical Solutions 7억1500만 파운드로 인수 제안": 1782370907.2724974,
"한국투자신탁 액티브 ETF 4종 7월 초 상장폐지…상관계수 기준 미충족": 1782370853.4866302,
"독일 7월 소비심리 지수 -29.2…예상치 상회했으나 약세 지속": 1782369976.58812,
"RWA 시장 규모 310억달러 돌파…토큰화 자산 90%가 유동성 부족 상태": 1782369941.6184382,
"미국 중재 대형사, 에이전트 AI 거래 분쟁 해결용 '법적 계층' 출시": 1782369046.0748909,
"대마초 기업 WM 테크놀로지, 나스닥 자진 상폐…상장 유지 비용 절감 추진": 1782368144.317744,
"미 하원 민주당, SEC에 AI 투자 자문사 규제 방안 문의": 1782367313.179994,
"CoinEx, 이란 연계 자금 38억 달러 처리…테러 조직과도 거래": 1782367253.8294637,
"메모코어 M 토큰 수 시간 내 80% 급락, 시가총액 30억 달러 증발": 1782366337.9361725,
"한국거래소, 개별주식 위클리 옵션 상장 연기": 1782363649.614804,
"페르미 아메리카, AI 데이터센터 물 소비 80% 절감 설계 공개": 1782360939.6582513,
"국제금융센터, 2026년 하반기 세계 주식시장 인공지능 투자 확산으로 추가 상승 전망": 1782359139.5915282,
"미·이란 종전 협상 기대에 국내 방산주 약세": 1782358329.2037053,
"Abracadabra, MIM 스테이블코인 디페그 악화에 긴급 조치": 1782358286.211655,
"리플, 일본에서 RLUSD 스테이블코인 출시": 1782358249.2979593,
"찰스 슈왑, 비트코인 거래 서비스 공식 출시…미 하원 금융서비스위원장 '클래리티법 법제화 충분한 표 확보' 언급": 1782357349.0711179,
"그리스 포기한 바이낸스… ‘MiCA 마감 압박’에 유럽 우회로 모색": 1782355575.288289,
"두나무, 현물 ETF 동향 서비스 출시": 1782355542.7056663,
"OKX, CARDS/USD 현물 거래 상장": 1782354652.0228167,
"호주 5월 실업률 4.4% 기록, 전월 대비 0.1%p 하락": 1782353742.2068193,
"민병덕 의원, 미국 방문해 스테이블코인 규제 동향 점검": 1782351941.3028743,
"삼성증권, 에이피알 목표주가 51만원으로 인상": 1782351046.9607441,
"카르다노 요로이 지갑 익스플로잇 피해, 텔레그램 투자자 커뮤니티에서 경각심 확산": 1782348396.9806833,
"SK하이닉스 ADR 내달 10일 나스닥 상장, 12월 나스닥100 지수 편입 가능성": 1782348341.9016476,
"베네수엘라 7.1 규모 지진 발생…카라카스 건물 붕괴, 경제 손실 1~4% 추정": 1782346598.4463668,
"CVB 파이낸셜, 주당 0.20달러 배당 결정…147분기 연속 기록 갱신": 1782346539.9311721,
"웨스턴유니언, 인터멕스 인수 승인 절차 진행 상황 공개": 1782345656.1083176,
"트럼프 행정부, 의회에 876억 달러 추가 예산 요청…이란 관련 사항 포함": 1782344738.0442388,
"도이체뱅크, 연준 추가 인상 시 금값 3800달러까지 하락 가능": 1782343843.9103913,
"호르무즈 해협 석유 흐름 정상 수준 회복, 미 에너지 장관 확인": 1782343092.3404133,
"일본은행 인상에도 엔화 약세 지속, 개입 위협이 낙폭 억제 중": 1782343035.9218578,
"여당, 내년 디지털자산 과세 시행 예정 유지 입장": 1782343003.939603,
"캐나다 핀테크 테넷, OSC 지적 반영해 재무공시 대폭 수정": 1782342947.933367,
"캔터 계열사-BSTR 합병 주주총회 연기, DAT 열풍 식는 중": 1782341140.2980225,
"달러 1년 만에 최고 수준, 금은 4000달러선 붕괴": 1782338452.167222,
"Kalshi Sues Illinois Over New State Tax on Sports-Related Prediction Markets": 1782337596.6720045,
"비트코인 채굴자 20% 수익성 악화, 채산 이하 상황 심화": 1782337542.3279672,
"트럼프 대통령, CBDC 금지 조항 포함 주택법안 서명 연기": 1782336648.8935926,
"미국 연준, 대형은행 32곳 스트레스 테스트 모두 통과": 1782335856.485018,
"FTX 임원 부인, 11월 캠페인 재정 위반 혐의 재판 일정 확정": 1782335802.0212674,
"리플, 룩셈부르크에서 암호화폐 서비스 라이선스 예비 승인 획득": 1782335746.4797513,
"블록체인닷컴·쿠코인, 신흥시장 결제 네트워크 확대": 1782334854.3697908,
"스탠다드차타드, 에이브의 RWA 토큰화 확대에 따른 성장성 평가": 1782333941.3272276,
"미국, 쿠웨이트 대사관 재개관…이란 공격 이후 수개월 만": 1782332182.0448964,
"미국 국무장관 루비오, 페르시아만 안보 훼손 금지 선언": 1782332141.5377192,
"예측시장 업체 칼시, 400억 달러 기업가치 목표…경쟁사 폴리마켓 추월": 1782331346.1042204,
"미 상원의원 루미스, 클래리티 법안 7월 상원 본회의 상정 예정": 1782331299.7784228,
"이더리움 재단 인사 변화, 업계 주요 인물들 긍정적 반응": 1782331254.542895,
"미 의회, 암호화폐·핀테크 기업 대상 연방준비제도 '스키니 계좌' 접근권 논의": 1782330396.168194,
"칼시, 일리노이 예측시장 규제법 소송 제기": 1782330339.5558882,
"브리지워터 창립자 달리오, 미국 중심 세계질서 급속 변화 경고": 1782329447.7068417,
"물리학자, 마이크로소프트 양자칩 토폴로지 큐빗 검증 부족 지적": 1782328540.7131863,
"JP모건, S&P 500 연말 목표치 7,800으로 상향 조정": 1782327660.5081806,
"홈플러스, 회생자금 부족으로 이달 말 파산 위험…정부 긴급지원 요청": 1782326846.319936,
"오픈AI, 자체 개발 AI 칩 '할라피뇨' 공개…브로드컴과 공동": 1782326786.3661282,
"펌프펀, 최고법무담당자 신규 채용…연봉 500만달러 규모": 1782326746.346338,
"Superstate 공동창립자, 온체인 수익 접근성 확대 플랫폼 '그라운드'에 360만달러 시드펀딩 유치": 1782325847.2643418,
"유가 하락으로 미국 항공사 주가 상승": 1782325103.0433285,
"금융당국, 부실 공시 기업에 과징금·감사인 지정 조치": 1782325042.752754,
"스페이스X, 250억달러 회사채 발행 성공…목표 초과 수요": 1782325000.826912,
"해치텍·니어스랩·스카이랩스, 코스닥 상장예비심사 통과": 1782324945.0460377,
"호르무즈 해협 재개방 합의로 유가 급락, 브렌트유 배럴당 74달러 붕괴": 1782323147.7050574,
"미국 재무장관 베센트, 2026년 GDP 3% 성장 전망…예측시장 거래자들은 회의적": 1782322434.6428552,
"암호화폐 지지 PAC, 미국 3개 주 예비선거에서 800만 달러 투자로 후보 당선": 1782322392.6877065,
"아서 헤이즈 \"AI 버블 붕괴 후 유동성 확대…비트코인 100만 달러 도달 가능\"": 1782322333.4508214,
"바이낸스, 그리스 MiCA 규제 신청 철회…EU 내 대체 라이선스 추진": 1782322291.5617416,
"가짜 암호화폐 인플루언서, 텔레그램 스테이킹 사기로 140만 달러 적발 후 징역 15개월": 1782322254.312047,
"a16z 지원 블록체인 데이터 스타트업 캄브리안, 600만 달러 시드 펀딩 조성": 1782321385.8220608,
"정부, 다주택자 대상 세제 개편 검토…종부세 강화 추진": 1782321347.7057052,
"비겐 인터랙티브, 자회사 비겐 커넥티드 매각 독점 협상 진행": 1782320603.416209,
"미국 기술업계 감원 확대, 루시드 1500명 추가 감원": 1782320554.8078246,
"SK하이닉스, 나스닥 ADR 상장 추진…최대 45조원 신주 발행": 1782320518.9645474,
"2026 월드컵 개막 후 예측시장 거래량 폭증": 1782320464.0651739,
"트럼프, 이란이 호르무즈 해협 통행료 미청구 확인": 1782319640.1091893,
"금과 은 2026년 이후 최저가로 하락": 1782319583.7790356,
"미국 예측시장 규제, 연방 통일 기준 여론이 우세": 1782319547.230504,
"스웨덴 상장사 H100, 주주승인으로 비트코인 보유 3배 확대 인수 추진": 1782318651.3034897,
"한국 관계자, 미국 SEC와 만나 통일된 암호화폐 규제 논의": 1782317777.6504
}