{
"S&P글로벌·MSCI, 글로벌 산업분류 개편 추진…AI·반도체 재분류로 자금 이동 예상": 1784380537.3616369,
"카스퍼스키, 암호화폐 투자자 겨냥 악성코드 프레임워크 적발": 1784376052.204951,
"미국 CLARITY Act 통과 시 기관자금 유입 본격화 예상": 1784372447.601206,
"인도 온라인 소매업체 젭토, IPO 밸류에이션 대폭 하향": 1784371538.0121615,
"프랑스 도박 규제당국, 폴리마켓 차단 명령": 1784369734.6829906,
"메타, 앤트로픽에 AI 인프라 임대…2년간 최대 100억달러 규모": 1784359842.2011795,
"FTX, 7월 31일 9억달러 규모 5차 채권자 분배 시작": 1784358935.420685,
"인도 NSE, IPO 앞두고 분석가로부터 드문 '매도' 평가 받아": 1784355664.276109,
"트럼프 행정부, AI 규제 독립기구 추진…FINRA 모델 채택": 1784355335.4279156,
"이란, 미국 공습 후 걸프만 국가들에 재차 공격": 1784353568.4221187,
"펏지펭귄, 카카와우와 파트너십…아시아 실물 수집품 시장 진출": 1784353536.3341463,
"JPMorgan, 인도 GIFT City 금융허브 진출 추진…100개 다국적기업과 협의": 1784350846.4521306,
"인도 중앙은행, 비거주자 외화예금 환헤지 비용 부담…유동성 개선": 1784349044.080938,
"미국 국채시장 구조 변화로 재정적자 충격 확대 우려": 1784348136.657135,
"골드그룹·골드 리소스 합병 완료, NYSE 아메리칸 상장 추진": 1784347704.1677172,
"금값 주간 낙폭, 중동 긴장·금리인상 베팅 영향": 1784347243.6721025,
"이라크 드론 공격으로 유가 변동성 확대, 중동 공급 차질": 1784346340.6980627,
"미국-이란 무력 충돌 심화로 중동 긴장 고조, 반도체주 동반 약세": 1784345440.1525853,
"중국 문샷AI 모델, 미국 최상위 AI 능가…시장 충격": 1784340933.9869134,
"일본 키옥시아, 미국 특허 소송서 패소…3400억원 배상 명령에 주가 16% 급락": 1784339180.1137664,
"크라켄, 프로 사용자 대출 기능 개편…담보 효율성·유동성 관리 개선": 1784339137.7410896,
"크라켄, 업숏과 손잡고 NFT·비유동 자산 평가 도구 강화": 1784337339.9386928,
"미 SEC·CFTC 암호화폐 상품 분류 공조에도 규제 권한 싸움 심화": 1784336449.6712046,
"미 SEC, 암호화폐 규칙안 백악관 심사 단계 진입": 1784335539.0684302,
"미 클래리티법 통과 가능성 급락, 규제 불확실성 심화": 1784334676.067218,
"국경간 송금 효율화, CBDC와 예금토큰 결합 필요": 1784334644.8566875,
"테넷 핀테크, 150만 달러 증자 완료…북미 사업 확장": 1784333786.8060114,
"T. 로우 프라이스, 활성형 멀티자산 암호화폐 ETF 출시": 1784333737.8551805,
"국내 증시 반도체 약세 속 대형주 급락, 개인자금 중소형주로 이동": 1784330200.9541028,
"톰 리 비트마인 회장 이더리움 '저평가 변곡점' 주장": 1784330142.0075333,
"국내 ETF 시장 500조원 돌파, 자산운용사 감시 역할 강화 필요": 1784329251.2913435,
"DWS 뮤니서플 인컴 트러스트, 2026년 11월 청산 확정": 1784326534.5692863,
"FTX, 파산 절차에서 5차 채권자 배분 실시…누적 100억 달러 근접": 1784325655.0056236,
"네메라이, 1년간 NMR 47억 원 규모 추가 매입": 1784324738.649541,
"뱅크오브아메리카, 암호화폐·AI 담당 신임 리더 임명": 1784322938.4000523,
"미 법무부, 디지털 자산 시장 명확화법 반발…통과 확률 35%로 급락": 1784322055.253316,
"ECB, 스테이블코인 확산으로 은행 예금 침식 우려 제기": 1784320248.0651941,
"트럼프, 캐나다 산불 연기로 추가 관세 부과 경고": 1784319389.873201,
"뉴욕증시 반도체 약세·중동 긴장으로 일제히 하락": 1784319341.3369954,
"미 하원, 전략적 비트코인 비축 법안 논의": 1784318490.9209905,
"미국·이란 무력 충돌로 유가 급등": 1784318459.5608554,
"컨센시스, 북한 연계 개발자에게 개발 업무 외주했다가 적발": 1784317537.8559122,
"볼리비아, 달러 부족 속 USDT 공식 인정 추진": 1784316654.0099585,
"카르다노, 핵심 인프라 외부 팀에 이관…프로토콜 업그레이드 앞두고 탈중앙화 강화": 1784315737.7377484,
"중국 문샷AI의 키미K3 모델, 코딩 벤치마크 1위 차지…AI 투자심리 위축": 1784314847.9076412,
"FTX, 파산 절차에서 5차 채권자 배분 실시…누적 배분액 100억 달러 근접": 1784313043.059441,
"미 클래리티 법안 연내 통과 가능성 급락": 1784312139.5955517,
"스프레드파이, 미국 법인 설립하며 디파이 본격 확장": 1784311960.938651,
"베이커 휴즈 석유 시추 장비 수 주간 7기 증가해 452기": 1784310433.8514123,
"리플X, XRP를 디지털 자산 브리지 자산으로 재포지셔닝": 1784310380.4060469,
"SEC, 기업 분기 실적 공시 의무 폐지 추진": 1784310340.0766258,
"미국 휘발유 가격 갤런당 4달러 근접, 공급난 심화": 1784309483.4981368,
"스위프트·스트라이프, 블록체인 결제 인프라 주도권 경쟁 본격화": 1784309446.479788,
"메타, 앤스로픽과 수십억 달러 규모 AI 인프라 계약 추진": 1784308661.527899,
"워렌 상원의원, 트럼프의 암호화폐 수익 2026년 보고 요구": 1784308622.6763134,
"OKX Europe, USDT에서 MiCA 규제 준수 USDC로 전환 기능 출시": 1784308591.5523674,
"어보브 푸드, 나스닥 상폐 결정에 항소 진행": 1784308545.7256742,
"미국, 이란 가능 전략 확대 앞두고 이스라엘에 급유기 추가 배송": 1784306840.2954264,
"트럼프 미디어, 트루스소셜 게시물 선공개 유료화 추진": 1784306790.0619166,
"프랑스, 예측시장 폴리마켓 접속 차단 명령": 1784306744.8149972,
"미국 상원의원, 연준 의장 후보 1억달러 자금 출처 추궁": 1784305901.3131933,
"카르다노, 핵심 인프라 외부 개발팀에 이관…완전한 탈중앙화 진입": 1784305854.6873574,
"미국 6월 주택착공 19% 증가…아파트 반등에도 건축허가 3개월 최저": 1784304937.0482724,
"바이낸스, 에어로드롬(AERO) 수익 창출·구매·전환·VIP 대출·마진 서비스에 추가": 1784304048.9328492,
"로빈후드, 1000만 명 소매투자자 디파이 온보딩 추진": 1784303078.090393,
"캘리포니아 부자세, 장기 경제 영향 불명확…노르웨이 사례 참고": 1784302244.5503922,
"미 하원 금융위, 클래리티 법안 특별 청문회 개최": 1784300457.2864084,
"7월 미국 소비자심리지수 54.4로 예상 초과": 1784299583.1402223,
"갤럭시 디지털, 텍사스 테크 대학 풋볼 스타디움 15년 명명권 계약": 1784299538.3950574,
"HSBC, 영국 중앙은행 승인으로 디지털증권 샌드박스 진입": 1784297286.2742996,
"이더파이, 넥서스뮤추얼과 손잡고 1만5000 ETH 규모 슬래싱 보험 도입": 1784297231.405084,
"호르무즈 해협 운송 차질로 걸프 지역 경제 올해 더 큰 침체 예상": 1784297005.8835227,
"영국, 가짜 경찰 사칭 530만 달러 암호화폐 사기범 3명 투옥": 1784296967.2207196,
"맥OS 악성코드, 텔레그램 세션·암호화폐 지갑 복구 문구 탈취": 1784296934.5846963,
"리플 페이먼츠, EU 미카 등록 완료…유럽 29개국 서비스 확대": 1784296875.8878903,
"영국령 버진아일랜드가 암호화폐 허브로 부상…크라켄·비트스탬프 등 진출": 1784295998.9768317,
"미·이란 전쟁 새 국면…민간 인프라까지 공격 범위 확대": 1784295941.511346,
"SBI홀딩스, 싱가포르 코인하코 대주주 확보 완료": 1784295044.666192,
"6월 미국 주택착공 142.7만건, 예상 131만건 대폭 초과": 1784294237.9606519,
"6월 미국 수입가격 0.3% 상승, 예상 -0.7% 반대": 1784294201.111418
}