{
"트럼프 비트코인 강력 언급, 투자자 커뮤니티 관심 급상승…중동 딜·우크라 협상·쇼트 청산 논의 활발": 1784162746.5329196,
"미국 하원, 뉴욕에서 CLARITY Act 청문회 개최…가상자산 규제 논의 본격화": 1784161852.3264349,
"SK텔레콤, AI 데이터센터 사업으로 기업가치 재평가 본격화": 1784160769.5283582,
"카르다노 재단, 토큰2049 행사 운영권 인수": 1784160056.5617523,
"체인링크, 미 상무부 경제지표를 여러 L1 블록체인에 연동": 1784159136.4457285,
"SBI·도플러, 리플 기반 결제망 구축…XRP 활용 확대": 1784158252.0153646,
"이더리움 재단, 데브콘 8 티켓 등록 개시": 1784157357.8065162,
"한국 국채 WGBI 편입 후 외국인 자금 유입 기대 이하": 1784157323.4344692,
"크라켄, 직불카드 결제 메커니즘 개선…법정화폐 연동성 강화": 1784156503.9061604,
"하이퍼리퀴드, 중국 DRAM 기업 CXMT 파생상품 상장": 1784156462.3486223,
"블록체인닷컴, 폴리마켓 오라클 피드 통합": 1784154658.7742403,
"NextEra Energy·Dominion Energy, 합병 신청 제출": 1784153847.835985,
"미국 정유사, 중동 전쟁으로 분기 이익 최대 4배 급증 전망": 1784153792.4763098,
"애플, 중국 정부 승인으로 인텔리전스 서비스 출시": 1784153740.628329,
"미 PPI 예상 외 하락…달러·국채금리 내려, 금값 반등": 1784152856.5130613,
"한국은행, 3년 6개월 만에 기준금리 인상 가능성 높아": 1784151996.5363135,
"미국 6개 연방 기관, GENIUS 법에 따른 결제용 스테이블코인 규정 마련 착수": 1784151942.543471,
"일본, 가상자산을 금융상품으로 명확 재분류…현물 ETF 논의 탄력": 1784151092.0902183,
"비트마인, ETH 스테이킹으로 680억원 수익 vs 파생상품서 1360억원 손실": 1784151057.0816298,
"미 법무장관 후보, 청문회서 암호화폐 단속 완화와 창펑자오 사면 논란으로 집중 추궁": 1784149878.5207665,
"솔라나 스테이킹 ETF 승인 임박, 기관 자금 유입 가속화": 1784149838.4469063,
"스트래티지, 비트코인 8000~10000달러 이하 떨어져야 채무 위험 검토": 1784149793.237541,
"미-이란 충돌로 국제유가 상승, 브렌트유 배럴당 84.95달러": 1784149320.7667427,
"미국 정부, 코인베이스로 약 2.88억달러 규모 BTC·ETH 이체": 1784149263.3800004,
"유엔 인권최고대표, 미국-이란 군사 충돌 재개는 민간인에게 큰 후퇴": 1784148383.784072,
"앤트로픽, 기업공개 준비 본격화…1조달러 기업가치 목표": 1784148340.36907,
"코인베이스 Jesse Pollak, Base 앱 리더십 Cobie에 인수인계": 1784147456.3191075,
"트럼프 대통령, FOX 인터뷰에서 이란과 협상 가능성·유가 변동성 언급": 1784146634.8710964,
"스탠퍼드 연구팀, 폴리마켓 5분 비트코인 예측시장의 가격 조종 취약성 지적": 1784146574.0616825,
"블랙록, 운용자산 15조3천억달러 돌파…업계 최초": 1784146541.4328678,
"스트라이프·애드벤트, 페이팔 530억달러 인수 제안": 1784145484.5811372,
"파이 네트워크, 2026년 하반기 7억7000만개 토큰 언락 예정": 1784145434.0527713,
"트럼프 대통령, 미 상원의원들과 암호화폐 명확성 법 논의 예정": 1784145400.6949272,
"핀테크 기업 리볼루트, UAE에서 암호화폐 서비스 인가 획득": 1784144830.4497917,
"캐나다 중앙은행, 기준금리 2.25% 동결 지속": 1784144798.6343915,
"비트코인 BIP-110 제안, 개발자·채굴자 커뮤니티 분열 심화": 1784144737.8756237,
"BNB Plus, 나스닥 상장폐지…암호화폐 재무 전략 1년 만에 실패": 1784143886.1475983,
"미국 6월 도매물가 전월비 0.3% 하락": 1784143853.5486405,
"탈중앙화 거래 프로토콜 오스티움, 오라클 공격으로 거래 중단…1800~2200만달러 피해": 1784142938.949604,
"셀레스티아랩스, 소버린랩스 기술·인력 인수": 1784142059.9101918,
"미국 테크 업계 AI 재편 가속화…7월 2115명 감원": 1784140254.2370481,
"美 상원 사법위, 트럼프 사법부 차관 후보자의 암호화폐 단속 약화·CZ 사면 비판": 1784139372.0424473,
"한국투자신탁운용, 스페이스엑스 공모주 펀드 편입 허위 광고로 수사 확대": 1784139340.674473,
"헤데라 오라클 결함으로 보노조 렌드 900만달러 탈취": 1784138544.7087824,
"한국은행, 예금토큰 실험 2단계 본격 확대": 1784138500.9805903,
"금융당국, 전자금융거래 수수료 고지 기준 강화": 1784137591.9772265,
"연준 이사 \"물가 위험 더 크다…추가 대응 가능\"": 1784137545.7582834,
"일본, 이란전 이후 첫 멕시코산 원유 수입": 1784137238.0979023,
"미국-이란 긴장 고조로 걸프 지역 증시 부진": 1784135775.619011,
"DTCC, 토큰화 증권 실거래 처음 처리…월가 블록체인 인프라 전환 본격화": 1784135739.758181,
"한국, 원화 스테이블코인 제도화 추진…디지털자산기본법 필요": 1784135000.55321,
"칸토 피츠제럴드·시큐리타이즈, 블록체인 기반 IPO 협력": 1784134961.5192947,
"미 재무부, 이란 연계 암호화폐 지갑 1억 3100만 달러 동결": 1784134921.618022,
"블랙록, 암호화폐-전통금융 통합 비전 제시…상품 파이프라인 확대": 1784134865.8990717,
"일부 선박, 미군 호르무즈 통과 호위 거부…지정학 긴장 고조": 1784134036.4650552,
"에이브, V4를 아발란체에 배포…토큰화 자산 담보 시장 기반 구축": 1784133996.5475917,
"글래시스랩, 스테이블코인 크로스체인 결제 플랫폼 확장 위해 680만 달러 시드 펀딩": 1784133941.9807878,
"금융위, 2026년 대형 금융기관 10곳 위기 대응 체계 승인": 1784133051.408661,
"크라켄 기관부, 업시프트와 협력해 유휴 자산 활용 수익창출 볼트 구축": 1784132136.839354,
"영국, 재무장관 교체…샤바나 마무드 신임 추진": 1784131591.0477502,
"시큐리타이즈·칸토 피츠제럴드, 미국 증권 규제 틀 내 토큰화 IPO 인프라 개발": 1784131558.2148552,
"비트와이즈, 2026년 상반기 암호화폐 주식이 신흥시장 제외 모든 주요 자산을 초과 수익": 1784131267.2392676,
"영풍·고려아연, 회계 처리 위반으로 총 350억 원 과징금 부과": 1784129560.5667677,
"DeFi 프로토콜 오스티움, 오라클 공격으로 1800만 달러 탈취당해": 1784129527.0563164,
"미국 KIDS 법안, 아동 보호 명분이나 개인정보 대규모 수집·해킹 위험 우려": 1784129467.2640092,
"이더리움 재단 2026년 대규모 조직 개편 추진, 역할 재정의": 1784128641.2866533,
"오픈 USD가 서클의 USDC에 가장 큰 위협 제기": 1784128580.9059901,
"보이스피싱 피해금을 가상자산으로 추적 회피할 때도 환급 가능해진다": 1784128548.1011925,
"애플, AI 칩 인수 추진 중": 1784127670.2721775,
"한국 정부, 76년 역사 법률 개정해 암호화폐를 국가자산으로 분류": 1784126771.0819523,
"미 백악관, 클래리티법 윤리 조항 논의 위한 고위급 회의 예정": 1784126739.7752936,
"스텔스EX, 프리덤 달러(FUSD) 상장…프라이버시 스테이블코인 시장 확대": 1784125122.7874424,
"캐나다 중앙은행, 기준금리 2.25% 동결…6회 연속 유지": 1784125082.8193614,
"EU MiCA 전환 종료…암호화폐 기업 컴플라이언스 부담 급증": 1784125024.9109986,
"뉴욕 연은 총재 \"인플레이션 정점 지나…현 금리 수준 적절\"": 1784124992.9520664,
"오픈 USD, 서클 USDC의 수익모델 위협…이자 배분 구조로 차별화": 1784124957.1163995,
"국고채 금리 전 구간 하락, 기준금리 전망 반영": 1784124084.7709062,
"미국, 이란 대상 신규 공습 개시": 1784123291.3820243,
"미국 DTCC, MS·SPY·미 국채 등 토큰화 파일럿 실거래 시작": 1784123241.9867048,
"스트라이브, STRC 투자에서 630만달러 평가손실 기록": 1784123194.904186
}