{
"한국은행 총재, 토큰화 정부채 비전 및 통합 장부 계획 제시": 1782914535.6420472,
"스탠더드차타드, 모르포 2030년 목표가 60달러 설정": 1782914498.6952052,
"유럽 MiCA, 암호화폐 파생상품 시장 규제 공백 남겨": 1782914451.2818153,
"토큰화 구글 주식 가격 조작, 약 40만3천 달러 손실 발생": 1782913605.4761078,
"시티, 비트코인·이더 12개월 목표가 하향 조정": 1782913572.4819064,
"이더리움 재단 지원 새로운 비영리 단체 출범, 기관 입양 중점": 1782913541.688988,
"팬더할로우, RWA·수익 전략 중심 다중전략 머천트뱅크 출범": 1782912645.9356844,
"메타, AI 초과 컴퓨팅 자원 판매 클라우드 사업 건설 발표…AI주 주가 동반 하락": 1782911875.7659156,
"솔라나 기반 예측시장 'World' 공식 공개…팬텀 지갑 통합": 1782911820.3837361,
"미국 6월 민간고용 9.8만 명 증가…시장 예상 밑돌며 노동시장 둔화 신호": 1782911786.0879092,
"마이크로소프트, 6월 주가 18% 급락…AI 투자 부담에 시총 945조원 증발": 1782911745.874415,
"서클 CEO, OUSD 도전에 USDC 네트워크 우위 강조": 1782910857.842266,
"OPEC+, 8월 유전 일일 산출량 18.8만 배럴 증산 방침": 1782909967.465645,
"오픈USD, 비자·마스터카드·구글 후원으로 출시…USDC·USDT 경합": 1782909935.5970984,
"EU, MiCA 규제 재검토 시작…스테이블코인·토큰화 시장 변화 반영": 1782909062.6373446,
"미국·이란, 카타르 중재로 평화협상 기술 협의 진행": 1782908243.5774045,
"영국, 국방력 강화 위해 약 200억 달러 군사비 증액 추진": 1782908193.0538793,
"대만, 가상자산 규제법 통과…금융감독위원회 인허가 의무화": 1782908140.5038786,
"프랑스 크레디아그리콜, EURXT 유로 스테이블코인 출시": 1782907290.6205206,
"심비오틱, 코어 V2 출시로 담보 시장 공식 전환": 1782907251.3253834,
"6월 암호화폐 해킹 피해 7,590만 달러, 전월 대비 7% 감소": 1782906384.4563272,
"원·달러 환율 1,554.9원으로 2009년 이후 최고가 갱신": 1782906348.7768402,
"유럽 MiCA 최종 단계 완료, 암호화폐 규제 전면 시행": 1782904537.1766033,
"영국 투자자 1700명, 바이낸스·CZ 상대로 무단 파생상품 판매 소송": 1782903523.0795937,
"리플·코인베이스 등 암호화폐 기업, 2026 중간선거에 1억8900만 달러 기부": 1782903475.0855005,
"위메이드, 알리바바 연관 투자사로 경영권 변동…주가 상한가": 1782903428.3726087,
"에이브 프로토콜 하루 신규 지갑 1,806개 추가, 약 5년 만 최고": 1782902782.9060154,
"오픈스탠더드 OUSD 출시로 스테이블코인 수익배분 구조 재편": 1782902738.8671029,
"미국 6월 일자리 감소 45,489건, 5월 대비 53% 감소…AI 여전히 주요 감원 사유": 1782900996.702688,
"유에스디에이아이, BSQ와 합작법인 설립…아태 지역 AI 인프라 최대 10억달러 대출": 1782900938.3414624,
"폴란드, EU 유일하게 암호화폐 기업 MiCA 라이선스 취득 불가": 1782900193.851333,
"Nordic Climate Group, 스웨덴 브롬마 에너지 인수": 1782900138.3495631,
"SiTime, 르네사스의 타이밍 비즈니스 인수 완료": 1782900091.9684815,
"미국 현물 비트코인 ETF, 6월에 45억 달러 순유출 기록": 1782900052.908245,
"유로존 6월 물가상승률 2.8%로 예상 하회, ECB에 긍정적 신호": 1782899263.0183008,
"제타체인, 크로스체인 서비스 종료하고 AI 플랫폼으로 전환": 1782899220.8087482,
"한국 검찰, 암호화폐 대량 보유자 시세 조종 혐의로 기소 추진": 1782899173.0029125,
"한국주택금융공사, 보금자리론 금리 7월부터 0.30%p 인상": 1782899137.4042027,
"글로벌 주식 약보합, 엔화 40년 저점 경신에 수익률 상승": 1782897389.8682518,
"미국-이란 카타르 중재로 도하에서 간접 기술협상 진행": 1782897336.8295274,
"골리앗벤처스 전 CEO, 4억달러 규모 암호화폐 폰지사기 혐의로 유죄인정": 1782896458.6629732,
"금융위, 신속채무조정 채권 매각 제한 규정 개정": 1782895595.9987533,
"공정위, 구글 앱마켓 경쟁 제한 혐의로 제재 절차 진행": 1782895536.8755515,
"독일 6월 최종 제조업 PMI 50.3, 비용 압력 완화 신호": 1782893775.2203674,
"금융위, 대규모 자금 시세조종·API 불공정거래 첫 고발": 1782893739.0536509,
"상하이 법원, 2900만 달러 규모 암호화폐 외환 불법송금 관련자 5명에 징역 선고": 1782892878.3352585,
"슈퍼폼, 3분기 첫 'FTB 퀘스트' 개시…플레어 슈퍼볼트 예치 시 최대 14% 수익률": 1782892847.1966214,
"호르무즈 해협 재개통에 분석가들 유가 전망 하향조정": 1782892072.0239584,
"아시아 제조업, AI 산업 성장에 힘입어 지정학적 악재 상쇄": 1782892031.082363,
"스페인 6월 제조업 PMI 49.7으로 예상치 하회, 수축 신호": 1782891978.332883,
"비트코인 손실 물량이 수익 물량 초과…역사적 약세장 신호 재현": 1782891939.1821806,
"EU MiCA 전면 시행, 유토그 인가 획득으로 유럽 합법 운영 기반 확보": 1782891094.8844705,
"상장사 주가조작 일당 4명 구속 심문": 1782891044.6744056,
"비자·마스터카드·블랙록·코인베이스, 공동 스테이블코인 OUSD 출시 추진": 1782890193.8883507,
"디지털자산기본법 논의 재개…정무위원회 핵심 의원들 후반기 잔류": 1782890137.2856154,
"앤스로픽, 미국 수출규제 해제 후 AI 모델 복구": 1782889250.7089484,
"금융위, 대부업 등록 요건 강화…불법사금융 근절": 1782888335.717427,
"대만 의회, 암호화폐·스테이블코인 규제법안 통과": 1782887440.3529387,
"일본 통화 외교관, 4월 이후 엔화 개입으로 엔 약세 둔화했다고 발표": 1782886534.1771865,
"한국 선박 나무호, 호르무즈 해협 공격으로 항로 이탈": 1782884738.3897083,
"인도 중앙은행, 자본시장 거래 기업 금융 규제 강화": 1782883839.7853625,
"외국인, 상반기 한국 증시에서 148조원 순매도": 1782882943.8791442,
"릴라이언스 인더스트리즈, 지오플랫폼 인도 최대 규모 IPO 추진": 1782881134.353775,
"대만, 암호화폐 사업 규제법 통과…금융감독위원회 인허가 의무화": 1782880242.5680144,
"쿠코인, MOVA 입금 서비스 일시 중단": 1782879464.9615138,
"엔저 40년 만 저점 경신, 아시아태평양 외환시장 변동": 1782879425.6331031,
"트럼프 2025년 가상자산 수익이 부동산 초과": 1782879382.329271,
"국민연금 국내주식 리밸런싱 유예 종료, 점진적 조정으로 진행": 1782879338.438439,
"넥써쓰, DCS 페이와 제휴하여 크로쓰 토큰 실생활 결제 추진": 1782878557.2333376,
"넷플릭스 영화 제작비를 암호화폐에 투자한 영화감독 30개월 징역": 1782878507.595032,
"세계은행, 2031년까지 중국 신규 대출 단계적 종료": 1782878450.2484982,
"도요타, 5월 판매량 4개월 연속 감소…중국·미국·중동 부진": 1782877632.6659863,
"스웨덴 사브, 우크라이나와 254억 원 규모 그리펜 전투기 계약 체결": 1782877596.25219,
"캐나다·멕시코, USMCA 유지 추진…미국은 변경 요구": 1782877539.7063859,
"UN 무역기구, 호르무즈 해협 차질이 취약 경제에 지속적 영향 경고": 1782876020.4064236,
"미국 6월 소비자심리 소폭 상승, 노동시장 인식은 악화": 1782875987.337777,
"나이지리아 최대 정유시설, 처음으로 UAE산 원유 수입": 1782875952.4968748,
"ECB, 손실 감소 목적으로 은행 최소준비금 인상 검토 중": 1782875896.4925516,
"미국, 폭염 대비 PJM 상호연결 긴급명령 발령": 1782875840.7771778,
"보잉, IT 장애로 컴퓨터 시스템·응용프로그램 영향": 1782875782.0313787
}