{
"뱅크오브아메리카, 암호화폐·AI 담당 신임 리더 임명": 1784322938.4000523,
"미 법무부, 디지털 자산 시장 명확화법 반발…통과 확률 35%로 급락": 1784322055.253316,
"ECB, 스테이블코인 확산으로 은행 예금 침식 우려 제기": 1784320248.0651941,
"트럼프, 캐나다 산불 연기로 추가 관세 부과 경고": 1784319389.873201,
"뉴욕증시 반도체 약세·중동 긴장으로 일제히 하락": 1784319341.3369954,
"미 하원, 전략적 비트코인 비축 법안 논의": 1784318490.9209905,
"미국·이란 무력 충돌로 유가 급등": 1784318459.5608554,
"컨센시스, 북한 연계 개발자에게 개발 업무 외주했다가 적발": 1784317537.8559122,
"볼리비아, 달러 부족 속 USDT 공식 인정 추진": 1784316654.0099585,
"카르다노, 핵심 인프라 외부 팀에 이관…프로토콜 업그레이드 앞두고 탈중앙화 강화": 1784315737.7377484,
"중국 문샷AI의 키미K3 모델, 코딩 벤치마크 1위 차지…AI 투자심리 위축": 1784314847.9076412,
"FTX, 파산 절차에서 5차 채권자 배분 실시…누적 배분액 100억 달러 근접": 1784313043.059441,
"미 클래리티 법안 연내 통과 가능성 급락": 1784312139.5955517,
"스프레드파이, 미국 법인 설립하며 디파이 본격 확장": 1784311960.938651,
"베이커 휴즈 석유 시추 장비 수 주간 7기 증가해 452기": 1784310433.8514123,
"리플X, XRP를 디지털 자산 브리지 자산으로 재포지셔닝": 1784310380.4060469,
"SEC, 기업 분기 실적 공시 의무 폐지 추진": 1784310340.0766258,
"미국 휘발유 가격 갤런당 4달러 근접, 공급난 심화": 1784309483.4981368,
"스위프트·스트라이프, 블록체인 결제 인프라 주도권 경쟁 본격화": 1784309446.479788,
"메타, 앤스로픽과 수십억 달러 규모 AI 인프라 계약 추진": 1784308661.527899,
"워렌 상원의원, 트럼프의 암호화폐 수익 2026년 보고 요구": 1784308622.6763134,
"OKX Europe, USDT에서 MiCA 규제 준수 USDC로 전환 기능 출시": 1784308591.5523674,
"어보브 푸드, 나스닥 상폐 결정에 항소 진행": 1784308545.7256742,
"미국, 이란 가능 전략 확대 앞두고 이스라엘에 급유기 추가 배송": 1784306840.2954264,
"트럼프 미디어, 트루스소셜 게시물 선공개 유료화 추진": 1784306790.0619166,
"프랑스, 예측시장 폴리마켓 접속 차단 명령": 1784306744.8149972,
"미국 상원의원, 연준 의장 후보 1억달러 자금 출처 추궁": 1784305901.3131933,
"카르다노, 핵심 인프라 외부 개발팀에 이관…완전한 탈중앙화 진입": 1784305854.6873574,
"미국 6월 주택착공 19% 증가…아파트 반등에도 건축허가 3개월 최저": 1784304937.0482724,
"바이낸스, 에어로드롬(AERO) 수익 창출·구매·전환·VIP 대출·마진 서비스에 추가": 1784304048.9328492,
"로빈후드, 1000만 명 소매투자자 디파이 온보딩 추진": 1784303078.090393,
"캘리포니아 부자세, 장기 경제 영향 불명확…노르웨이 사례 참고": 1784302244.5503922,
"미 하원 금융위, 클래리티 법안 특별 청문회 개최": 1784300457.2864084,
"7월 미국 소비자심리지수 54.4로 예상 초과": 1784299583.1402223,
"갤럭시 디지털, 텍사스 테크 대학 풋볼 스타디움 15년 명명권 계약": 1784299538.3950574,
"HSBC, 영국 중앙은행 승인으로 디지털증권 샌드박스 진입": 1784297286.2742996,
"이더파이, 넥서스뮤추얼과 손잡고 1만5000 ETH 규모 슬래싱 보험 도입": 1784297231.405084,
"호르무즈 해협 운송 차질로 걸프 지역 경제 올해 더 큰 침체 예상": 1784297005.8835227,
"영국, 가짜 경찰 사칭 530만 달러 암호화폐 사기범 3명 투옥": 1784296967.2207196,
"맥OS 악성코드, 텔레그램 세션·암호화폐 지갑 복구 문구 탈취": 1784296934.5846963,
"리플 페이먼츠, EU 미카 등록 완료…유럽 29개국 서비스 확대": 1784296875.8878903,
"영국령 버진아일랜드가 암호화폐 허브로 부상…크라켄·비트스탬프 등 진출": 1784295998.9768317,
"미·이란 전쟁 새 국면…민간 인프라까지 공격 범위 확대": 1784295941.511346,
"SBI홀딩스, 싱가포르 코인하코 대주주 확보 완료": 1784295044.666192,
"6월 미국 주택착공 142.7만건, 예상 131만건 대폭 초과": 1784294237.9606519,
"6월 미국 수입가격 0.3% 상승, 예상 -0.7% 반대": 1784294201.111418,
"캐넌 스트래티직, 미국채 토큰화 실험과 연계해 디지털 금융 인프라 확장": 1784294140.82589,
"머크, 의료 검사 회사 퍼소날리스 인수 검토 중": 1784293417.9464638,
"사우디 PIF, Electronic Arts 인수 거래 EU 승인 예정": 1784293362.525607,
"AI 컴퓨트 파생상품, CME·ICE 선물 출시 전 암호화폐 방식 등장": 1784293305.5926502,
"SBI홀딩스, 싱가포르 코인하코 대주주 확보": 1784293257.8666277,
"네덜란드 법원, 암호화폐 플랫폼 크나켄 파산 선언": 1784291442.8859003,
"ECB 관계자, 스테이블코인 확산이 은행 예금 침식할 우려 제기": 1784290539.5166123,
"쿠코인, 애크로스 프로토콜(ACX) 입금 서비스 일시 중단": 1784289746.6327922,
"미즈호, 써클 투자의견 하향…오픈USD 경쟁 심화": 1784289686.3589237,
"코스피 변동성이 비트코인 초과…고위험자산 인식 재평가": 1784289654.8953342,
"중국 조직범죄 집단, 탭 결제 사기로 연 10억 달러 규모 은행·소매점 사기": 1784288825.151312,
"영국 법원, 1억 1500만 달러 암호화폐 랜섬웨어 조직 멤버 2명 유죄 판결": 1784288779.555256,
"미국 클래리티 법안, 7월 상원 처리 실패 시 2030년 이후로 밀릴 우려": 1784288745.136772,
"스페이스X 장기 채권 급락…BBB 등급인데 수익률 정크본드 수준": 1784286941.945405,
"넷앱, 데이터펠라고 인수…AI 데이터 처리 기능 강화": 1784285729.2376437,
"유가 공급난 심화…아시아 정유업체 수익 기회 포착": 1784285236.1612465,
"호르무즈 해협 통행량 급감…미국-이란 교전 심화": 1784285192.4048858,
"유럽 MiCA 규제 등록 14개 사업자 추가…총 294개로 확대": 1784285139.4339013,
"미국, 페르시아만 심부에서 이란 관련 유조선 공습": 1784284344.8468852,
"미국, 블록체인 기반 토큰증권이 금융시스템 변화 주도": 1784284285.770129,
"메가ETH, 액셀러레이터 '메가 마피아' 운영 종료": 1784284248.430354,
"크립토닷컴, 시타델증권 4억 달러 투자로 200억 달러 기업가치 평가": 1784283334.8423834,
"인도 시티그룹 고객들, 루피 변동성 수익화로 전략 전환": 1784281613.8504727,
"유로존 6월 최종 인플레이션 2.8% 확정, 5월 3.2%에서 완화": 1784281568.7049415,
"미국, 암호화폐 투자자 2000만 달러 사기 혐의로 기소": 1784281535.6413743,
"맥OS 악성코드, 텔레그램 해킹해 암호화폐 지갑 노린다": 1784280644.7619402,
"에어비앤비 CEO 계정 해킹돼 토큰화 AI 게시물 올렸다": 1784279734.7541144,
"대만, 비트샤인 암호화폐 거래소 운영자 22년 징역 선고": 1784278871.4898422,
"에어비앤비 CEO 계정 해킹돼 RWA 홍보글 올라왔다가 삭제": 1784278825.7394397,
"이란 전쟁으로 중국 석유 수입 급락…회복 전망 불투명": 1784277968.12294,
"바이낸스, SPCXUSD1 무기한 선물계약 상장": 1784277935.4709427,
"쿠코인, 알리언 월즈(TLM) BSC 네트워크 입금 서비스 일시 중단": 1784277096.9879189,
"영국 경찰 사칭 암호화폐 사기 조직 투옥": 1784277045.2712195,
"일본, 스테이블코인 오프라인 결제로 확대…한국은 제도화 지연": 1784276141.3757122
}