{
"데카르트, 드리빈 3000만 달러에 인수": 1783339251.9070063,
"금융당국, 포용금융을 경영·감독 체계에 상시 편입 추진": 1783338384.5724678,
"러시아 최대 은행, 암호화폐 지갑 서비스 출시 계획": 1783338336.6518886,
"시어(Seer), CEO 인수 제안으로 급등": 1783336534.127172,
"이란, 카메네이 장례식서 트럼프에 복수 요구": 1783333847.0743659,
"한국, 폴리마켓에 대한 도박 우려 심의 진행": 1783332980.116492,
"영국, 해외 암호자산 기부자에 선거 기금 규제 강화": 1783332939.1240292,
"구글, EU 독점금지 과징금 41억 유로 법정 항소 패소": 1783331256.5383875,
"리플, 룩셈부르크서 MiCA 정규 인증 취득…30개 EEA국가서 운영": 1783331205.785043,
"미 '클래리티 법안' 상원 통과 난제…8월까지 4주 남겨": 1783331173.9350421,
"코인베이스 AI, 월드컵 경기 전 결과 배포해 논란": 1783331142.7803288,
"뉴욕 소송 연관 15년간 미사용 비트코인 주소, 190만 달러 송금": 1783330249.0849845,
"서머파이의 Lazy Summer Protocol, 플래시론 공격으로 600만 달러 탈취": 1783328519.0031784,
"데리빗, 35일간 옵션 거래 대회 'The Island' 개최": 1783328467.463102,
"이란 에너지 공급 차질 흡수, 유가 시장 재고 고갈 위험": 1783327707.1928923,
"네이버파이낸셜-두나무 합병 또 연기…거래 완료 12월말로": 1783327657.0074766,
"한국, 암호자산 압류·청산 절차 공식화": 1783327596.832127,
"쿠코인 선물, 주식지수 무기한 선물계약 다수 상장": 1783326684.5121992,
"쿠코인 트레이딩봇, NFP/USDT 거래쌍 7월 8일 폐지": 1783326645.6935322,
"검찰, 정유사 가격 담합 기소…유가 시장 교란 적발": 1783325735.2264013,
"도마 프로토콜, 2분기 거래액 3배 성장해 1억7500만 달러 돌파": 1783323975.4932852,
"비탈릭 부테린, 이더리움 머지 이후 최대 규모 프로토콜 재구축 계획 발표": 1783323938.757073,
"서머파이, 공격으로 약 600만 달러 탈취…'일 블룸' 취약점도 지속 악용": 1783322185.08635,
"다카이치 내각 확장 재정 발표, 일본 국채금리 30년 최고·엔화 40년래 최저": 1783322140.1682096,
"솔스티스, 엘리먼트 솔루션즈와 270억 달러 규모 합병 협상 중": 1783321310.5800822,
"유에스디에이아이, AI 해킹 시대 보안 전략 발표…'완벽 방어보다 피해 통제'": 1783321252.7593093,
"알라럼 테크놀로지스, 보안 의심 사고로 자회사 네트워크 서비스 중단": 1783318593.2903824,
"슈퍼폼, 2분기 보고서 발표…'슈퍼폼OS' 출시 및 거래소 상장 완료": 1783318536.565265,
"제네시스, 볼트 미네럴스와 56억 호주달러 통합 제안": 1783317828.2762794,
"노바티스, 바이오텍 마이릭스 바이오 15억 달러에 인수": 1783317795.9696386,
"'일 블룸' 취약점, 수천 개 암호자산 지갑 위험 노출": 1783317751.0639148,
"스테이블코인 6월 거래량 사상 최고 1조7900억 달러 기록": 1783317698.7740977,
"방송미디어통신심의위, 폴리마켓 사업자 의견청취 진행": 1783317663.64403,
"중국, 남태평양에서 핵탄두 장착 가능 장거리 미사일 시험 발사": 1783316858.8174806,
"크립토퀀트, 비트코인 자본 효율성 급락 분석…다음 강세장에 1조 달러 필요": 1783316798.3574471,
"미래에셋증권, 매도담보대출·현금미수금 이자율 인하": 1783316737.5957098,
"검찰, 국내 정유사 4곳을 공정거래법 위반 기소": 1783314973.3654242,
"키움투자자산운용, 우주산업·국내채 혼합 ETF 출시": 1783314939.8045268,
"SSC, 재무보고 지연으로 거래제한 조치 연장 신청…7월 3일 정상화 목표": 1783311335.4783237,
"AI 광풍 속 글로벌 투자자들, 인도 시장으로 자금 이동": 1783310515.3460321,
"OPEC+ 원유 증산 발표, 실행 가능성과 수요처 관건": 1783310474.7344327,
"글로벌 중앙은행 금융 감시자들, AI 에이전트 금융 위험 경고…협력적 규제 방식 필요": 1783309589.5021658,
"GS, 동해에 1.2GW 규모 AI 데이터센터 구축 공식화…단계적 확장으로 총 2.4GW 목표": 1783309536.1400528,
"록히드마틴, 애드벤트의 울트라 마리타임 인수 주도": 1783307832.257584,
"지갑 생성 취약점 'Ill Bloom', 수천 개 계정 위험 노출": 1783307787.6541126,
"트럼프 밈코인 투자자 98만8천개 지갑이 손실 중": 1783307739.4366436,
"밈코인 시장점유율 2년 최저…자금이 AI·RWA·디파이로 이동": 1783306848.947715,
"리퍼블릭 테크놀로지, 공시 지연으로 거래정지…이더리움 1,570개 보유": 1783304136.0876145,
"구윤철 부총리, 서비스산업 육성 기본법 제정 촉구": 1783302385.3276474,
"두산, AI 데이터센터 수요에 목표주가 200만원으로 상향": 1783299648.908671,
"호르무즈 해협 선박 통항 최저치·OPEC+ 증산 등 매크로 변수 동시 확산": 1783298745.0090911,
"엔어블런스, 1500만 달러 조달·530만 달러 수주…AI 데이터센터 광반도체 사업 가속": 1783296979.0508518,
"삼성전자, 2026년 2분기 실적 시장 기대치 부합할 전망…반도체 업황 개선": 1783296939.811164,
"일본 SBI 암호 자산 사업부, 세계 12대 비트코인 채굴풀 폐쇄…러시아는 제재 속 디지털 루블 출시 추진": 1783296054.7766948,
"인도 6월 서비스업 성장률 17개월 최저, 수요·채용 둔화": 1783295213.784322,
"앤스로픽, 호주 데이터센터 1.4GW 규모 150억 달러 투자 추진": 1783295175.7498596,
"부산, 11월 초 아세안+3 채권시장 3대 국제포럼 통합 개최": 1783295138.4019353,
"써클 주가 17% 급락, Open USD 출시로 USDC 독점 모델 흔들려": 1783293337.9013717,
"슈퍼마이크로, 대만 직원 2명 AI 서버 관련 조사로 구금": 1783291568.5630898,
"스트래티지, 84만 비트코인 보유 유지…시장은 보유량보다 기업가치 평가 전환": 1783291536.7531915,
"씨티그룹, 비트코인 12개월 목표가 8만2000달러로 하향 조정": 1783287938.8589294,
"금감원, 국채 만기 전 매도 시 손실 가능 경고": 1783287044.932034,
"금융권 정보보호 예산 증가에도 집행률 감소": 1783286179.0506227,
"금융정보분석원, 자금세탁방지 교육 품질 관리 강화": 1783286137.2203708,
"골드그룹 마이닝, 주식 4대1 병합…NYSE 상장 추진": 1783282533.4270444,
"이지젯, 캐슬레이크에 69억 달러 규모 인수 합의": 1783271733.8163886,
"쿠마이닝, ZEC 클라우드 마이닝 출시": 1783269042.9220586,
"미국 사용자, 폴리마켓 정치 베팅서 연간 5억7100만 달러 거래": 1783263651.499039,
"트럼프, 푸틴과 젤렌스키에 우크라이나 평화 중재 제안": 1783260933.1268342,
"금융기관, 스테이블코인 수용 경쟁 심화…'어떻게'로 전략 전환": 1783260051.1595674,
"사우디 아람코, 라스 타누라 터미널에서 수출 확대하며 현물 판매로 전환": 1783259132.4732282,
"스테이블코인 경쟁 결정요소는 수익률 아닌 담보다": 1783257336.9476025,
"칼시 등 예측시장 업체, 미국 전역서 규제 당국과 법적 분쟁 중": 1783256449.0624714,
"인도, 텔레그램·시그널에 사용자명 관련 공식 통지 발행": 1783255534.8995962,
"남아공 세무당국, 기존 세법 틀 내 암호자산 과세 지침 발표": 1783252846.5101247,
"카타르, 모든 해상 활동 즉시 재개 선언": 1783251934.4784687,
"JP모건, 비트코인 기관 매수자 스트레티지의 구조적 리스크 경고": 1783250137.3953636,
"바이낸스 주간 순유출 12억3천만 달러로 3배 급증, 이더리움 출금 3년 최고": 1783241132.0532155,
"이란·러시아·북한, 미국 제재 회피 수단으로 암호자산 활용 확대": 1783240245.1378784,
"한국은행, 공적 자산운용에 인공지능 도입 가속화": 1783239336.9433439
}