{
"넥스트에라·도미니언, 거대 합병 규제 신청": 1784207113.1637464,
"토큰화 주식 시가총액 사상 최고 23억 달러 돌파": 1784207067.5457885,
"크라우드스트라이크·슈바르츠 디지츠, 유럽 사이버보안 파트너십 확대": 1784207033.9029083,
"베이커 휴즈, 차트 인더스트리즈 인수 완료": 1784206973.9704156,
"집중된 디파이 유동성 85% 미활용...연 1억5천만 달러 수수료 손실": 1784206914.3260422,
"레저, AI 에이전트로 암호화폐 관리...개인키는 보유 안 함": 1784206872.7696135,
"캐나다 6월 주택착공 239.0K, 예상치 미달": 1784206039.5625937,
"온도 파이낸스, DTC 연계 토큰화 주식 상품 공개…하루 16% 급등": 1784205989.4241815,
"정부, 단일종목 레버리지 ETF 투자 요건 강화": 1784205941.0946815,
"KB증권, 레버리지·인버스 ETF 투자 예탁금 기준 강화…7월 20일부터 1천만원 일괄 적용": 1784205061.8622406,
"FATF, 스테이블코인 범죄 증가에 암호화폐 자금세탁방지 단속 강화 촉구": 1784204139.8011057,
"트윈 비 채굴회사, 그린란드 광산사 USFM과 합병": 1784203860.677042,
"ARK 인베스트, a16z의 '전통금융은 DeFi 아닌 블록체인만 원한다' 주장에 반박": 1784203349.8191082,
"비트코인 투자자, 카르다노·폴카닷·아비트럼 등 과대평가 지적": 1784203312.7775319,
"갤럭시, 모르포 기반 DeFi 수익 플랫폼 갤럭시 큐레이터 출시": 1784203263.644201,
"바이낸스, 전통금융 연동 USDT 마진 무기한 선물계약 다수 상장 예정": 1784202383.2778785,
"아시아 스타트업 투자 2분기 428억달러로 3년 만에 최고, 거래는 최저": 1784202334.5557961,
"메리츠금융, 홈플러스에 2천억원 긴급자금 대출 승인": 1784201532.9526944,
"x402 재단 출범, AI 에이전트 간 결제 오픈 표준 추진": 1784201490.7339375,
"오렌지주스, 제프 부스·린 올든 백업으로 4천만달러 조성...비트코인 재무전략 추진": 1784201457.260845,
"리지몬트·쿠지베이, 시니어 이사 서비스업체 케어링 트랜지션 인수": 1784199768.4961908,
"ABB, 로토크를 55억달러에 인수…사상 최대 규모 딜": 1784199712.8460135,
"미국, 게임 악성코드로 암호화폐 22만달러 절도한 플로리다 주민 체포": 1784199665.0535479,
"비자·아르테미스, AI 에이전트 경제 인프라 병목 지적": 1784198737.492435,
"테더, 아르헨티나 네오뱅크 우알라에 2000만달러 투자": 1784197852.4985256,
"유나이티드헬스, 2분기 실적 컨센서스 상회…AI에 15억달러 투자 진행": 1784196977.1054544,
"미국, 이란 중앙은행 암호화폐 지갑 4개에 제재 추가 지정…테더 1억3100만달러 동결": 1784196937.2074819,
"미 상원, 뱅크먼-프리드 사면 반대 결의안 만장일치 채택": 1784196059.5649574,
"유로존 5월 무역수지 -78억 유로, 2023년 1월 이후 최악": 1784195141.1134498,
"블랙록, 인도 이커머스 기업 우다안에 4500만달러 투자 협상": 1784194253.2980504,
"이란, 호르무즈 해협을 '절대 불가침' 선으로 규정…끝까지 저항 경고": 1784193335.4225423,
"KKR·에너지캐피탈파트너스, DCC 인수 입찰가 £58억1000만으로 상향": 1784192456.6415675,
"한국은행 기준금리 2.75%로 인상, 10월 추가 인상 가능성": 1784191540.748263,
"이탈리아 6월 물가상승률 3%, 근원인플레이션 완화": 1784191079.1809103,
"에이피알, 936억원 중간배당 결정": 1784190967.8138509,
"비자, AI 에이전트 상거래에서 스테이블코인 활용 확대 예상": 1784190651.437902,
"인도, 디젤·항공유 수출 세금 인상": 1784189831.8208537,
"미군, 이란 공습 완료…반다르압바스 등을 목표로": 1784189800.2242188,
"미 의회, 암호화폐 명확성법 처리 중…공직자 이해충돌 조항이 쟁점": 1784189741.1546245,
"로빈후드 체인 밈코인 런치패드 Vlad.fun 운영 중단": 1784188860.8369725,
"이란군, 미국의 지속적 공격 시 전쟁 범위 확대 경고": 1784187968.8328013,
"한은 기준금리 2.75%로 인상, 8월 추가 인상 가능성 열어": 1784187935.504312,
"미 상원, FTX 설립자 샘 뱅크먼-프리드 사면 반대 결의안 만장일치 통과": 1784186195.2580044,
"아비트럼 기반 오스티움 볼트서 1800만달러 규모 익스플로잇 발생": 1784186142.268801,
"우버, 딜리버리 히어로 인수 제안": 1784185310.1059265,
"하이퍼리온 디파이, 50만 HYPE를 하이퍼리퀴드 마켓에 배포": 1784185261.348364,
"영국 5월 월간 GDP 0.1% 성장, 서비스업 반등 주도": 1784184393.8756769,
"크립토 조사관 잭엑스비티, 하드웨어 월렛 보안성 정면 비판": 1784184336.4817977,
"바이낸스, 전통금융 지수 연동 무기한 선물계약 다수 상장": 1784183548.3272812,
"디파이 플랫폼 '레이지 서머', 600만달러 해킹 후 운영 종료": 1784183502.339869,
"트럼프 대통령, 상원의원들과 암호화폐 명확성법 논의": 1784183456.6066868,
"톰 리, 크리스마스 휴기에 1억3000만달러 규모 ETH 추가 매입": 1784182001.2519357,
"케이던스, AI 에이전트 기반 EDA 플랫폼 공개…엔비디아·TSMC와 협력": 1784181967.8144624,
"SK하이닉스 나스닥 ADR 상장 첫날 국내 개인투자자 2600억원 순매수": 1784181660.2921252,
"한국은행 기준금리 인상에 금융감독원 변동성 관리 강화": 1784180737.1065261,
"한화투자증권, 블록체인 기업 디지털에셋에 300억원 투자": 1784179850.900431,
"바이낸스, DATAIPUSDT·DATAIPUSDC 무기한 선물계약 신규 상장": 1784178997.4575574,
"히바치, 누적 거래액 100억달러 돌파…차세대 온체인 외환 거래소 로드맵 공개": 1784178939.890313,
"구글, 2026년 7월부터 플레이스토어 내 제3자 앱스토어 허용": 1784178143.6473308,
"루시드 2배 레버리지 ETF, 92% 폭락 후 상장폐지 돌입": 1784178103.7786095,
"이더리움, 블랙록 현물 ETF 자금으로 비트코인 추월": 1784178069.2811303,
"국내 증시 급락으로 매도 사이드카 잇달아 발동": 1784176254.1130688,
"미 연준 주요 인사, 인플레이션 위험 증대 진단…기준금리 대응 방향 엇갈려": 1784175340.9424613,
"쿠코인, 7월 17일 API 업그레이드 실시": 1784174451.793529,
"미국, 브라질산 일부 제품에 25% 관세 부과…쇠고기·커피 제외": 1784173288.6434793,
"인도, 반도체·휴대전화 산업에 19조7천억원 추가 투입": 1784172649.51462,
"뉴욕증권거래소, 24시간 토큰화 주식·ETF 거래 준비 착수": 1784171776.3461704,
"트럼프, 미 상원의원과 암호화폐 명확성 법 논의 예정": 1784171741.8955097,
"캘리포니아 주민, 다크넷 펜타닐 판매 수익 암호화폐 세탁 혐의 기소": 1784169049.883816,
"이라크 총리, OPEC 내 공정한 몫 요구": 1784168183.3366103,
"제타체인, ZETA 보유자·스테이커에 오픈AI 최신 AI 모델 무료 제공": 1784168142.5271497,
"비트코인·이더리움의 진정한 위협은 프라이빗 블록체인 확산": 1784166380.9345112,
"코스피 4% 이상 급락, 사이드카 발동": 1784166343.1971395,
"베이스 크리에이터 폴락, 소셜 경험 중심 전략 포기…앱 리더십 인수인계": 1784165496.4494913,
"미국 6월 생산자물가 전월비 0.3% 하락, 달러·국채금리 하향": 1784165454.8348048,
"크라켄, API 파트너 프로그램 확대…자동매매·기관 거래 인프라 강화": 1784164535.5373616,
"미국 6월 물가 약세로 7월 FOMC 금리 동결 가능성 88.8%": 1784163689.761076,
"한은, 기준금리 2.75%로 인상": 1784163657.0383482,
"트럼프 비트코인 강력 언급, 투자자 커뮤니티 관심 급상승…중동 딜·우크라 협상·쇼트 청산 논의 활발": 1784162746.5329196,
"미국 하원, 뉴욕에서 CLARITY Act 청문회 개최…가상자산 규제 논의 본격화": 1784161852.3264349
}