{
"피터 시프, 유가 폭등이 7월 CPI 상승 견인할 것으로 예측": 1784832859.960246,
"미-이란 무력 충돌로 중동 긴장 고조, 유가·미국채 금리 급등": 1784832811.454291,
"백악관, 중국 문샷AI의 앤트로픽 모델 무단 증류 의혹 제기": 1784832339.2581108,
"타셋, 스테이블코인 준비금 플랫폼 공개…중소 은행 참여 확대": 1784831443.800625,
"암호화폐 이용자, 중앙화 거래소 이탈해 셀프 커스터디·직접 거래 확산": 1784830700.2209578,
"스테이블코인 기업 Tassat, 소규모 은행 참여 지원 마켓플레이스 내년 초 출시": 1784830663.0282543,
"이란, 혁명수비대 지휘관과 미사일 장비 예멘 후티 반군에 전송": 1784830605.6333091,
"미 상원, 클라리티법 본회의 표결 임박": 1784830547.079442,
"알파벳, AI 인프라에 2050억달러 투자 계획 발표하며 주가 6% 급락": 1784829688.6518052,
"로빈후드 CEO X 계정 해킹되어 사기성 밈코인 블라드후드 홍보": 1784829653.6629484,
"EU의 구글 과징금, 미국-EU 무역 갈등 심화": 1784828852.3345566,
"브라질 농부들, 암호자산 기반 토큰화 소 거래로 농장 대출 확보": 1784828799.1441905,
"아비트럼·베루스 크로스체인 브리지 연쇄 해킹, 3,160만달러 탈취": 1784828752.0239065,
"인젝티브, SEC에 전송대리인 등록 신청": 1784827848.3918178,
"미 상원, 트럼프 이란 전쟁권한 제약 결의안 부결…중동 긴장 고조": 1784827064.3803077,
"문페이, 미국에서 디스커버 카드 암호화폐 거래 지원": 1784827021.3738105,
"테슬라 주가 1년여 만에 최대 폭 급락…AI·로봇택시 투자 확대로 이익 감소": 1784826981.0536048,
"한국은행, 내달 통화안정증권 6조8천억원 규모 발행": 1784826943.6222768,
"코인베이스, AI 에이전트로부터의 결제 수용 기능 출시": 1784826133.6302478,
"KB증권 2분기 영업이익 666억원, 전년 동기 대비 175% 증가": 1784826085.242765,
"피스 네트워크, USDY/USD 가격 피드 출시…앱토스·수이에서 RWA 인프라 강화": 1784826053.1237192,
"미국 30년물 고정금리 모기지 6.58%로 상승...2025년 8월 이후 최고": 1784825421.2555592,
"이더리움, 비트코인 대비 시장 바닥 근처...온체인 신호는 불확실": 1784825378.2451198,
"유니스왑, 옵티미즘 수수료로 UNI 소각 검토...토크노믹스 시험": 1784825333.550133,
"스완 CEO, 테더의 미국 정치 로비 회사로 트웬티원 캐피탈 지적": 1784825280.9837646,
"국제유가 배럴당 100달러 돌파...홍해·호르무즈 동시 봉쇄 우려": 1784825246.9030683,
"비트코인 트레저 기업 엠페리, AI 데이터센터에 2000만달러 투자": 1784825206.6611507,
"CLARITY법 윤리규칙 합의 난항...누가 규제권한 갖을지가 최대 쟁점": 1784825150.5873234,
"2분기 암호화폐 해킹 피해 7억6400만달러, 접근 권한 관리 실패가 주요 원인": 1784824247.7080925,
"트럼프 대통령, 이란에 대한 대규모 군사 공격 검토 중": 1784823098.3791368,
"베이스·옵티미즘, OP 스택에 네이티브 계정 추상화 추가…2026년 9월 메인넷 적용": 1784823039.9685416,
"미 민주당, 클래리티법 수정안에 트럼프 이해충돌 5대 허점 지적": 1784822990.5302465,
"SEC, 이더리움 조사 정보공개 소송 합의…변호사 비용 15만 달러 지급": 1784822514.6552866,
"코인베이스, AI 봇 결제 기능 출시…사업체의 에이전트 결제 수용 가능": 1784822459.4493494,
"클래리티법 진전, 비트코인보다 거래소·스테이블코인 수혜 집중": 1784821615.0372272,
"SEC, 코인베이스와의 게리 겐슬러 이메일 소송 합의…15만 달러 지급": 1784821572.715925,
"체인링크, BUILD 프로그램 종료 후 상업적 수수료 계약으로 전환": 1784821541.0128267,
"폴리마켓, 프랑스 웹사이트 차단에 맞서 법적 이의 제기": 1784820884.8170717,
"골드만삭스 CEO, 클래리티법 지지…스테이블코인 규칙 승인": 1784820849.354568,
"유니스왑, 토큰화 자산 규정 준수 거래 풀 출시": 1784820797.3534586,
"블랙록·코인베이스·스트래티지, 비트코인 양자 위협 대비에 1500만달러 투자": 1784820756.2545023,
"스마트웹, 비트코인 178개 매각해 전환사채 1170만달러 조기 상환": 1784820718.9904494,
"리플, 브라질에서 XRPL 생태계 확장 프로그램 시작": 1784820666.5702918,
"미 국채 수익률 상승으로 달러 강세, 유가·주가와 역행": 1784820066.2147248,
"캐나다 총리 카니, 미국과의 무역전쟁 방어 의지 표명": 1784820033.5604298,
"이란, 지정학적 긴장 고조로 적대행위 강경화": 1784819988.9172764,
"미국 30년물 물가채 실질금리 17년 최고 수준 근접": 1784819941.4013233,
"카자흐스탄, 채굴 전력 쿼터를 국가 준비금 기여와 연계": 1784819883.8977334,
"트럼프, 후티 재공격 시 이란에 군사 응징 경고": 1784819831.9545887,
"일본, 2028년까지 비트코인 ETF 승인 가능성": 1784819786.7440927,
"S&P·팬테라, 프로토콜 수익 기준 디지털 자산 지수 출시": 1784819754.622932,
"미 법무부, 반독점 거래 심사 속도 높인다": 1784819222.498306,
"미 상원 공화당, 클래리티 법안 수정안 공개...정치권 반응 엇갈려": 1784819170.280945,
"바이낸스 XRP 선물 미결제약정 급증, 레버리지 거래 재개": 1784819109.649347,
"번스타인, AI 전력난 속 비트코인 채굴사와의 제휴 필수 진단": 1784819050.5200834,
"무바달라캐피털, 토큰화 사모펀드 출시...코인베이스 참여": 1784819000.540122,
"RWA 토큰화, 실제 운영 단계로 진입...인프라 구축이 과제": 1784818948.7503734,
"비트멕스 운영 종료 발표, BMEX 토큰 90% 폭락": 1784818901.834762,
"암호화폐 업계 PAC, 미시간 경선에 100만 달러 투입": 1784818865.2598553,
"레바논과 이스라엘, 8월 4일 이탈리아에서 차기 협상 개최": 1784818090.9723577,
"카타르에너지, LNG 불가항력 선언 10월까지 연장…유조선 용선 확대": 1784818032.2018456,
"록히드마틴, 미국방부 무기 재고 보충으로 2026년 실적 전망 상향": 1784817999.9953895,
"미 신규 실업수당 청구 18.7만건, 예상치 크게 하회": 1784817941.3598948,
"월드코인, SEC 서류 공시로 상위 100개 지갑에 유통량 90% 집중 드러나": 1784817111.2492385,
"한국 정부, 스테이블코인 법제화·기관투자자 시장 진입 병행 추진": 1784817054.0170698,
"홍콩 거래소, 거래시간 연장 검토…아시아 금융허브 경쟁": 1784816226.4808018,
"블랙록·코인베이스 등 9개사, 비트코인 보안 컨소시엄 출범": 1784816188.6458292,
"미 상원 공화당, 클래리티 법안 초안 공개…공직자 암호화폐 거래 금지": 1784816141.820831,
"알버츠슨스 주가 급락, 식료품 소비 약세로 전년도 전망 하향": 1784815438.1582668,
"코인베이스, 싱가포르 인력 25% 확대 계획": 1784815358.464639,
"유니스왑, 토큰화 자산 거래를 위한 규정 준수 풀 출시": 1784815307.2632935,
"앤트로픽, 영국 FCA 샌드박스 2차 참여 기관에 클로드 AI 제공": 1784815272.501252,
"ECB, 에너지 가격 급등으로 9월 인상 논의...라가르드 2027년까지 물가 높은 수준 유지 전망": 1784814466.4518003,
"AI 기반 디파이 해킹 우려 현재는 과장돼 있지만 장기 위험은 증대": 1784814425.3914175,
"미국 실질금리 17년 최고점 도달, 비트코인 투자 매력 약화": 1784814394.2392366,
"거래소 자산 투명성, FTX 붕괴 이후 핵심 과제로 부상": 1784814340.1775308,
"스트래티지 주도 컨소시엄, 비트코인 양자내성화에 1,500만 달러 투자": 1784813656.012157,
"NH투자증권, 2분기 사상 최대 실적...영업이익·순이익 전년 대비 2배 가까이 증가": 1784813597.4250464,
"트럼프, 후티 재공격 시 이란 책임 경고...유가·금리·비트코인 동반 변동": 1784813542.3504682,
"신한투자증권, 상반기 순이익 123% 증가...주식 위탁수수료 호조": 1784813506.932176
}