{
"EU 규제당국, 소매투자자의 예측시장 거래 제한 추진": 1783173651.415518,
"2026 월드컵, 예측시장 거래량 사상 최고기록 경신": 1783170995.2794538,
"파에스 테라퓨틱스, 신규 인력 채용 위해 18만주 스톡옵션 부여": 1783170936.9458315,
"영국, 새 암호자산 규제 체계 공개…글로벌 거래 활성화 추구하나 규정 준수 장벽 높아": 1783168245.7590826,
"영국 FCA, 새 암호자산 규제 체계 공개…글로벌 거래 활성화 추구하나 높은 진입장벽": 1783166452.63209,
"레볼루트, 8월 말 테더 상장폐지…기존 보유분은 자동 환전": 1783165537.8523872,
"솔라나, 파이어댄서·알펜글로우 업그레이드로 2026년 150~200달러 전망": 1783161943.1820424,
"ICICI 은행, 2017년 이후 첫 해외채권 발행 검토": 1783149333.4114285,
"비트코인 다음 사이클, 1조 달러 규모 신규 자금 필요할 수 있어": 1783148452.8808124,
"CMA CGM 선박, 호르무즈 해협 미사일 피격 후 폐선 가능성": 1783146713.1766574,
"미국 법집행기관, CLARITY 법안 반대 철회…지역 수사권 강화 조건부 지지": 1783142134.9214542,
"중국 독립 정유업체, 공급 증가 속 중동유 대량 매입": 1783138537.642484,
"마이크로소프트, AI 도입 지원 전담 6,000명 규모 신규 부서 출범": 1783135040.545754,
"크립토퀀트, 거래소 입금 급증으로 시장 변동성 확대 가능성 경고": 1783134997.7922416,
"EU 규제당국, 폴리마켓 등 예측시장에 금융규제 적용 가능": 1783134939.5929894,
"페르미(FRMI), 주주총회 개최 70% 찬성…경영권 분쟁 본격화": 1783131333.6958854,
"원/달러 환율, 1,400원대 고착화…경제구조 변화로 장기화 전망": 1783125045.0958922,
"한국 외환시장 7월부터 주 24시간 거래 체제 전환": 1783124131.2329617,
"트럼프 대통령, 지난해 디지털자산 사업으로 14억 달러 이상 수익…이해충돌 논란에 '문제없다' 주장": 1783123252.663452,
"Circle, 주가 급락 속 기관 파트너십 확대로 USDC 경쟁력 강화": 1783120577.2279253,
"비트마인, 이더리움 570만개 보유…5% 목표 달성률 93%": 1783120546.341618,
"이스라엘 데이터 수집업체 알라럼, FBI 도메인 압수로 프록시 서비스 차질": 1783113376.7462213,
"미국 상원의원, 현직 정치인 밈코인 발행 금지법 추진": 1783113337.0051455,
"모포 협회, 패러다임·a16z 크립토 등으로부터 1억7500만 달러 투자 유치": 1783108847.0767038,
"제재 대상 러시아 스테이블코인, 거래량 과장 주장과 분석가 반박": 1783107100.2172039,
"미국 상원의원, 현직 정치인의 밈코인 발행 금지 법안 제안": 1783107047.450153,
"쿠코인, TAIKO 무기한선물계약 펀딩레이트 간격 변경": 1783102533.2045608,
"트럼프 미국 대통령, 현직 중 암호자산 사업으로 14억 달러 이상 수익": 1783098937.895482,
"EU 규제 당국, 예측시장 계약 소매 투자자 판매 금지 경고": 1783098053.0748534,
"비트코인 최대주의와 자본시장 현실의 충돌…오픈USD가 USDT·USDC 도전": 1783095334.118094,
"양자컴퓨터, 비트코인 디지털 서명 위협 가능성": 1783093591.3723135,
"한국거래소, 우주·방위산업 ETF 2종 7월 신규 상장": 1783093535.6138055,
"메타 AI, 비트코인 연말 15만 달러 전망…유동성·금리완화·위험자산 회복을 촉매로 지목": 1783092651.4723206,
"현 이란 위기와 1979년 유가 충격 비교 분석": 1783091792.6232305,
"NATO 정상회담, 트럼프 참석 하에 집단방위 의약에 강한 의지 표명": 1783091739.0408497,
"원/달러 환율, 미국 고용지표 부진에 1,525원대로 하락": 1783090852.2006025,
"미국인, 이란 스파이 활동 혐의로 이스라엘서 기소...암호자산 보상 수취": 1783089938.4095423,
"벨기에 경찰, 피싱 조직 지도자 체포…57만 달러 암호자산 세탁": 1783088190.6269226,
"EU, MiCA 전환 종료로 암호화폐 규제 집행 과제 직면": 1783088136.969949,
"넥산스, 오토일렉트릭 매더손에 매각 완료": 1783087250.4075706,
"이란, 일본 대상 원유 수출 추진...제재 면제 기간 연장 협상": 1783086336.481437,
"업비트, 오픈스탠다드 에코시스템 OUSD 참여는 향후 관심 표현만": 1783085445.8996234,
"SK텔레콤, 영남권 AI 데이터센터에 140조원 투자 계획 발표": 1783084584.8168054,
"영국 노동당 의원, 파라지 개혁당 지도자 암호자산 로비 관련 표준 감시기관에 신고": 1783084539.1631021,
"쿠코인, NFPUSDT 무기한선물계약 상장폐지": 1783082826.2528522,
"미국 5월 공장주문 감소, 항공기 수요 부진이 주요 요인": 1783082775.5226693,
"앤트로픽, 중국 기업의 클로드 우회접속 차단 강화": 1783082738.4737422,
"IMF, 토큰화 확대 시 금융시스템 강화·분열 좌우할 정책 선택 강조": 1783081849.2531233,
"스탠다드차타드, ESMA MiCA 등록부 첫 사후 업데이트에 포함": 1783080986.8422499,
"트럼프, 가족의 암호자산 수익 140억 달러 이상...법규 위반 없다 주장": 1783080935.0400336,
"비트코인 공급 지표, 2022년 11월 이후 첫 '매수' 신호 발생": 1783080156.3675249,
"비트코인 고래, 2주간 167억 달러 매수...기관 투자자는 최악 유출 기록": 1783080108.0403273,
"스포티파이, 칼시·폴리마켓에 로고 제거 요청...조작 스트림 500만 건으로 300만 달러 베팅 결제": 1783080054.3586233,
"지캐시 Ironwood 업그레이드 연기 가능성…인프라 준비 미흡": 1783079193.354291,
"한화, 2040년까지 우주항공·AI에 55조원 투자 발표": 1783079137.1630604,
"뉴욕 소송 피고인, 39,069개 비트코인 지갑 소유권 사건 기각 신청": 1783078255.903941,
"미 법집행기관 NOBLE, 클래리티 법안 공개 지지": 1783077336.7735124,
"IQM 퀀텀 컴퓨터, 나스닥 상장…미국 주요 거래소 첫 유럽 양자컴퓨터 기업": 1783076502.5466475,
"그레이스케일, 최고재무책임자 교체…지배구조 개편 추진": 1783076456.5146835,
"미국 고용 부진에 비트코인 6만2000달러 회복": 1783075537.9888096,
"쿠코인 마진 스팟 지수 구성 변경": 1783074681.3868544,
"쿠코인 트레이딩봇, XEMUSDT 등 여러 거래쌍 폐지": 1783074644.9654243,
"영국 중앙은행 Mann, 금리 인하 근거 강화": 1783073783.7590764,
"일본 임금 인상 3년 연속 5% 초과": 1783073738.9833863,
"인도 중앙은행, 은행의 암호자산 격리 정책 추진": 1783071934.282514,
"러시아 중앙은행, 9월 디지털 루블 본격 도입 준비 완료": 1783071046.5698133,
"아마존, 올해 초기 레오 인터넷 서비스 개시...위성 400개 근접": 1783070300.8325562,
"네덜란드 군부, 드론 소프트웨어 플랫폼에 수백만 달러 투자": 1783070252.5772357,
"영국 6월 최종 서비스업 PMI 48.8, 3년 6개월래 최대 감소폭 기록": 1783070198.8352635,
"IMF, 토큰화는 금융을 빠르고 저렴하게 하지만 충격에 취약하다고 지적": 1783070139.4666283,
"아일랜드, 범죄 수익 비트코인 500개 추가 압수...2026년 누적 1,500개": 1783069255.773578,
"미국 약한 고용지표로 달러 약세, 남아공 란드 강세 전환": 1783068332.9908497,
"유로존 6월 서비스업 PMI 49.4로 개선, 경기 회복세 3개월 최고": 1783067848.3220828,
"한국씨티은행, 원/달러 환율 3개월 내 1,500원선으로 하락 전망": 1783067446.4151227,
"독일 6월 서비스업 PMI 48.6, 3개월 연속 활동 위축": 1783066539.207627,
"쿠코인, PNUT·FLOKI·GALAX·LUNA 교차마진 거래 서비스 상장 폐지": 1783065647.1819522,
"스페인 6월 서비스업 PMI 54.2, 예상치 상회": 1783064789.5538125,
"글로벌 거래소, TradFi 자산 상품 확대 경쟁": 1783064735.7897978,
"미국 상원, 비트코인 클래리티법 최종 문안 수일 내 공개 전망": 1783062977.2064173,
"한국 외국인직접투자 상반기 9.1% 증가, 142억8천만 달러": 1783062942.2898278
}