{
"카카오게임즈 최대주주 교체, 라인야후 계열사가 33.43% 지분 보유": 1781886977.7091136,
"한은 총재, 올해 경제성장률 2.6% 이상으로 상향 조정 가능성": 1781888728.4705744,
"트럼프, 이란과 임시 합의 체결…호르무즈 해협 재개통 및 60일 핵협상": 1781888785.6737683
}