{
"골리앗벤처스 전 CEO, 4억달러 규모 암호화폐 폰지사기 혐의로 유죄인정": 1782896458.6629732,
"금융위, 신속채무조정 채권 매각 제한 규정 개정": 1782895595.9987533,
"공정위, 구글 앱마켓 경쟁 제한 혐의로 제재 절차 진행": 1782895536.8755515,
"독일 6월 최종 제조업 PMI 50.3, 비용 압력 완화 신호": 1782893775.2203674,
"금융위, 대규모 자금 시세조종·API 불공정거래 첫 고발": 1782893739.0536509,
"상하이 법원, 2900만 달러 규모 암호화폐 외환 불법송금 관련자 5명에 징역 선고": 1782892878.3352585,
"슈퍼폼, 3분기 첫 'FTB 퀘스트' 개시…플레어 슈퍼볼트 예치 시 최대 14% 수익률": 1782892847.1966214,
"호르무즈 해협 재개통에 분석가들 유가 전망 하향조정": 1782892072.0239584,
"아시아 제조업, AI 산업 성장에 힘입어 지정학적 악재 상쇄": 1782892031.082363,
"스페인 6월 제조업 PMI 49.7으로 예상치 하회, 수축 신호": 1782891978.332883,
"비트코인 손실 물량이 수익 물량 초과…역사적 약세장 신호 재현": 1782891939.1821806,
"EU MiCA 전면 시행, 유토그 인가 획득으로 유럽 합법 운영 기반 확보": 1782891094.8844705,
"상장사 주가조작 일당 4명 구속 심문": 1782891044.6744056,
"비자·마스터카드·블랙록·코인베이스, 공동 스테이블코인 OUSD 출시 추진": 1782890193.8883507,
"디지털자산기본법 논의 재개…정무위원회 핵심 의원들 후반기 잔류": 1782890137.2856154,
"앤스로픽, 미국 수출규제 해제 후 AI 모델 복구": 1782889250.7089484,
"금융위, 대부업 등록 요건 강화…불법사금융 근절": 1782888335.717427,
"대만 의회, 암호화폐·스테이블코인 규제법안 통과": 1782887440.3529387,
"일본 통화 외교관, 4월 이후 엔화 개입으로 엔 약세 둔화했다고 발표": 1782886534.1771865,
"한국 선박 나무호, 호르무즈 해협 공격으로 항로 이탈": 1782884738.3897083,
"인도 중앙은행, 자본시장 거래 기업 금융 규제 강화": 1782883839.7853625,
"외국인, 상반기 한국 증시에서 148조원 순매도": 1782882943.8791442,
"릴라이언스 인더스트리즈, 지오플랫폼 인도 최대 규모 IPO 추진": 1782881134.353775,
"대만, 암호화폐 사업 규제법 통과…금융감독위원회 인허가 의무화": 1782880242.5680144,
"쿠코인, MOVA 입금 서비스 일시 중단": 1782879464.9615138,
"엔저 40년 만 저점 경신, 아시아태평양 외환시장 변동": 1782879425.6331031,
"트럼프 2025년 가상자산 수익이 부동산 초과": 1782879382.329271,
"국민연금 국내주식 리밸런싱 유예 종료, 점진적 조정으로 진행": 1782879338.438439,
"넥써쓰, DCS 페이와 제휴하여 크로쓰 토큰 실생활 결제 추진": 1782878557.2333376,
"넷플릭스 영화 제작비를 암호화폐에 투자한 영화감독 30개월 징역": 1782878507.595032,
"세계은행, 2031년까지 중국 신규 대출 단계적 종료": 1782878450.2484982,
"도요타, 5월 판매량 4개월 연속 감소…중국·미국·중동 부진": 1782877632.6659863,
"스웨덴 사브, 우크라이나와 254억 원 규모 그리펜 전투기 계약 체결": 1782877596.25219,
"캐나다·멕시코, USMCA 유지 추진…미국은 변경 요구": 1782877539.7063859,
"UN 무역기구, 호르무즈 해협 차질이 취약 경제에 지속적 영향 경고": 1782876020.4064236,
"미국 6월 소비자심리 소폭 상승, 노동시장 인식은 악화": 1782875987.337777,
"나이지리아 최대 정유시설, 처음으로 UAE산 원유 수입": 1782875952.4968748,
"ECB, 손실 감소 목적으로 은행 최소준비금 인상 검토 중": 1782875896.4925516,
"미국, 폭염 대비 PJM 상호연결 긴급명령 발령": 1782875840.7771778,
"보잉, IT 장애로 컴퓨터 시스템·응용프로그램 영향": 1782875782.0313787,
"EU MiCA 7월 1일 정식 시행, 미인가 암호화폐 플랫폼 80% 폐쇄 위험": 1782875740.0118926,
"인도, 7월 1일부터 휘발유·경유 판매 제한 해제": 1782874165.0099714,
"금, 13년 만에 최악의 분기 낙폭 기록…연준 강경 기조 영향": 1782874121.7547414,
"미국 4월 석유 생산량 사상 최고 기록": 1782874062.7061496,
"영국 투자자들, 바이낸스·창펑자오 상대로 2억달러 소송 제기": 1782874022.5439186,
"글로벌 M2 공급량 120조 달러 상회…7주 증가율 플러스로 전환": 1782873989.9476376,
"크립토 카드 월간 결제 15억달러 넘어…타이거리서치 '주요 결제 수단 자리 아직'": 1782873941.3619535,
"셸, 호르무즈 해협 혼란으로 2026년 LNG 교역 정체 예상…2050년 수요는 증가": 1782872263.8115041,
"이란 미국 특사 회담 거부로 휴전 협상 난항…유가 상승": 1782872230.0562265,
"중국 6월 제조업 PMI 51.7, 2020년 4분기 이후 분기 최강 실적 기록": 1782872182.374409,
"ITG, 나스닥 상장 임박…공모가 16달러·2억7920만 달러 자금 조달": 1782872151.2091901,
"에코프로비엠, 1조2천억원 유상증자 발표 후 주가 3.44% 하락": 1782871246.97907,
"폴란드, 스웨덴 사브의 잠수함 3척 48억달러에 주문": 1782870333.5547493,
"클리블랜드 연준 총재, AI 인프라 투자 확대가 물가 상승압력 초래할 수 있다고 경고": 1782869439.8820255,
"위메이드, 창업주 박관호 지분 39.33% 중국계 네오펄스에 매각": 1782868537.476254,
"EU MiCA 7월 1일 전면 시행에 커뮤니티 불안…'바이낸스 퇴출' 우려 확산": 1782866735.0913746,
"미 상무장관, 앤스로픽 AI 모델 수출 제한 해제 승인": 1782865019.2503588,
"양자보안 기업 퀀텀 이모션, AI 인프라 글로벌 진출 확대": 1782864984.1573076,
"금 온스당 4008달러, 은 58.527달러로 거래": 1782864934.7928526,
"개인 투자자, 올해 1~5월 국내 증시에 97조원 순매수": 1782864047.421789,
"호주 제조업 구매관리자지수 51.5, 5개월 최고치 기록": 1782863172.2579699,
"스페이스X IPO 한국 투자자 배정 논란, 미래에셋증권과 외신 보도 충돌": 1782863139.1752553,
"미국, AI 기술 수출 규제 해제 추진…정부가 오늘 밤 시행 예정": 1782861437.9560397,
"IREN, 비트코인 채굴 중단하고 AI 인프라 투자로 전환": 1782861379.5010498,
"플레이곤 게임즈, AI 기반 신사업 추진…1000만달러 자금 조달 계획": 1782861341.3199713,
"비자·마스터카드·블랙록·코인베이스·리플 등 140개 기업, 오픈USD 공개…써클 주가 16% 급락": 1782858726.2368016,
"트럼프 대통령, 가상자산 연계로 10억달러 이상 수익 기록": 1782858687.8604395,
"미래에셋증권, 스페이스X IPO서 주문 누락…1조6830억원 청약 미접수": 1782858643.2067173,
"KKR, EDF 전력솔루션 북미 사업 42억 달러에 인수": 1782856957.0114186,
"매사추세츠 주 검찰, 칼시 상대 수정 소송 제기…미성년 타겟 의혹": 1782856913.866838,
"미 고용지표 호조에 달러·금리 상승, 금값은 분기 최대 낙폭": 1782856860.1301596,
"우크라이나, 러시아 크라스노다르 지역의 정유시설 야간 공격": 1782855983.9428678,
"비트코인·달러엔 환율 상관계수 -0.90까지 하락…'엔 캐리 트레이드' 이론에 의문": 1782855938.537949,
"바이낸스·창펑자오, 영국 투자자들로부터 2억달러 소송": 1782855101.0743806,
"트럼프 대통령, 1억달러 이상 가상자산 보유…밈코인·NFT 로열티 6억3500만달러": 1782855043.3292394,
"한국 경제성장률 4% 돌파 전망, 반도체 수출 호황 견인": 1782854247.794254,
"ENS 공동설립자 존슨, 보안위원회 재승인 80% 투표로 저지": 1782854196.8763492,
"해외 거래소들 한국 증시 연계 고배수 선물 잇달아 출시": 1782854144.3040745,
"데이터독, 프런티어 AI 스타트업 어댑티브ML 인수": 1782853497.4208367,
"도지 재단 자회사 House of Doge, 브래그 하우스와 합병 완료해 나스닥 상장": 1782853448.0082064
}