{
"타이거리서치, 홍콩 핀루프와 RWA 시장 협력 추진": 1783382451.0572171,
"달러 강세 베팅 400억 달러 규모, 2015년 이후 최고 수준": 1783381255.0066338,
"국내 코인 거래소 거래량 급감·유동성 부족으로 이중고": 1783379740.412448,
"미국 정부 기관들, 비트코인 국가 준비금 도입을 둘러싸고 논의 진행 중": 1783378907.838293,
"삼성전자 2분기 영업이익 89.4조 원, 전년 동기 대비 1810% 증가": 1783378854.7597797,
"테더 전 최고정보책임자, 보유 지분 일부 매각 추진": 1783377043.5117152,
"달러·금리 하락 속 금값 상승, 시장 관심은 FOMC 의사록으로": 1783376197.3256412,
"국내 외환시장 24시간 거래 첫날, 원/달러 1,530원대에서 안정적 출발": 1783376138.0997174,
"Primary Bank, Hometown Financial에 1억6000만 달러에 인수되기로": 1783372842.3335218,
"Vertex, Crinetics Pharmaceuticals을 100억 달러에 인수": 1783372792.8005733,
"Northern Trust, 보호자서비스 사업부를 Wintrust에 매각": 1783372748.7290914,
"영국 외교장관, AI 규제 미흡 시 '인공지능 히로시마' 경고": 1783372714.1648762,
"삼성전자 2분기 영업이익 84조 원대 전망, 사상 최대 실적 가능성": 1783372679.9932861,
"스트래티지, 비트코인 3588개 약 2억1600만 달러에 매도": 1783372626.079408,
"솔라나 토큰화 실물자산 규모 34억 달러 사상 최고": 1783372594.0103514,
"지난 24시간 암호화폐 청산 4억1000만 달러 기록": 1783372550.0937362,
"BonkDAO, 악의적 거버넌스 공격으로 2000만 달러 손실": 1783371651.7570567,
"테더 전 CIO 히스코트, 보유 지분 1.26% 중 일부 매각 추진": 1783370740.2941298,
"ECB 슈나벨, 이란 쇼크 여파 계속된다": 1783368939.8678222,
"일드 길드, 게임 퍼블리싱 사업 중단하고 35명 감원": 1783368106.9700208,
"트럼프 전략적 비트코인 준비금 법적·관할권 문제 봉착": 1783368055.3953886,
"리플, 유럽 MiCA 라이선스 전격 취득": 1783367137.850014,
"미국 6월 서비스업 성장 둔화, 고용은 반등": 1783366621.973707,
"네덜란드, NATO 포럼에서 30억 유로 규모 방위 계약 발표": 1783366583.5626886,
"미·이란 평화 합의가 하반기 글로벌 금융시장 변수": 1783366526.2619228,
"트럼프 비트코인 전략비축 정부 내 권한 다툼…재무부·상무부·법무부 공동 검토": 1783365386.6919508,
"패러다임, M1X 글로벌 5.5백만 달러 시드라운드 주도": 1783365341.5539532,
"스페이스X, 7월 7일 나스닥100 지수 편입…8000억 달러 규모 펀드 유입 예상": 1783364581.6610422,
"코인베이스 AI, 월드컵 경기 결과를 경기 시작 전 잘못 배포": 1783364526.1447868,
"법원, Genesis Yield 소송에서 배리 실버트·DCG 상대 사기 혐의 재개": 1783364487.3645034,
"마크롱 프랑스 대통령, 아사드 축출 이후 EU 정상 최초 시리아 방문": 1783363538.8887775,
"PNC, 분기 배당금 18% 인상…美 스트레스테스트서 최상위 자본력 입증": 1783361773.839676,
"클래리티법 상원 처리 연기…트럼프 대통령 자산 이해충돌 조항 합의 어려움": 1783361740.443876,
"비트마인, 7400만 달러 규모 이더리움 매입 발표": 1783359049.5516412,
"트럼프, 이란과 합의 또는 '일을 끝내겠다'고 언급": 1783358234.2243295,
"프로셰어스, SK하이닉스 2배 레버리지 ETF 2026년 7월 상장 예정": 1783358186.726562,
"유엔개발계획, 스텔라 블록체인 결제 시범사업 본격화": 1783358138.742133,
"테라울프, 앤스로픽과 190억 달러 규모 20년 데이터센터 계약": 1783357254.2878704,
"OPEC+, 추가 감산 폐지하고 산유량 증가 승인…호르무즈 수출 회복": 1783356438.528865,
"카타르에너지, 방글라데시 2026년 LNG 공급량 50% 삭감": 1783356401.2708035,
"비탈릭 부테린, 이더리움 상태 축소 방안 제안…ZK 증명 활용": 1783356341.9278162,
"트럼프 미국 대통령, 신생아 자산형성 프로그램 '트럼프 계좌' 출범 선언": 1783355451.3050578,
"말레이시아 의원, 라이나스-미국 희토류 거래 청문회 개최": 1783354686.995702,
"이스라엘, 지중해 천연가스 탐사 입찰 공고": 1783354643.501832,
"록히드마틴, 울트라 마리타임 34억5000만 달러에 인수": 1783354591.4717152,
"AVAX One, 아발란체 재정전략 담당 CEO 교체 수색 중": 1783354540.3760068,
"연준 월러, 포워드가이던스 경직화 경고": 1783353705.2373435,
"스테이블코인 거래량 경쟁에서 USDC가 테더 앞서": 1783353655.1718414,
"UAE 석유 생산량 OPEC 탈퇴 후 사상 최고 수준 근접": 1783352789.6647346,
"국내 국고채 금리 전 구간 상승, 환율·해외 금리 영향": 1783352737.0678263,
"바이낸스 현물, AMD·인텔·마이크로스트레이티지 등 스톡토큰 거래쌍 신규 상장": 1783351893.6149795,
"골드만삭스, 달러·엔 환율 1년 내 165엔까지 상승 전망": 1783351848.6398075,
"마이크로소프트, AI 투자 확대 속 4800명 감원": 1783350993.0216527,
"네이버파이낸셜, 두나무 완전 자회사 편입 일정 또 연기": 1783350942.8364947,
"블랙스톤 에너지 전환 펀드, 드레서 유틸리티 솔루션 인수 합의": 1783350107.259938,
"탈레스, 해상 드론 기업 엑세일 지배주식 인수...390억 유로": 1783350061.0598083,
"한국 대법원, 가상자산 강제집행·현금화 절차 제도화": 1783349138.1452897,
"DeFi 프로토콜 Summer.fi, 600만 달러 규모 해킹 후 Lazy Summer 볼트 중단": 1783348352.3483489,
"Bitmine, 약 7400만 달러 규모로 이더리움 42,197개 매입…보유량 이더리움 공급량 5% 근접": 1783348320.694461,
"미국 6월 서비스업 PMI 54%, 24개월 연속 확장…고용 증가 전환": 1783348288.8546653,
"Securitize, NYSE 상장 후 4억 달러로 기관 토큰화 플랫폼 확장 추진": 1783348250.3694336,
"테라울프, 앤스로픽과 20년 데이터센터 임차 계약…190억 달러 매출 기대": 1783347340.4443104,
"ZIM 통합해운, 이스라엘 정부의 하팍로이드 인수 반대로 주가 급락": 1783346651.1614313,
"방위산업 투자 방향 전환, 드론·전자전 등 신기술에 가치 재평가": 1783346620.0222647,
"미국 NATO 대사, 트럼프의 방위비 증액 압박에 동맹 방위비 증가는 성장통": 1783346563.400667,
"영국 금융감독청, AI 에이전트와 토큰화자산의 금융 시스템 영향 경고": 1783346508.1360857,
"국내 투자자예탁금 4거래일 연속 감소, 117조 수준으로 하락": 1783346457.8169873,
"마에스크·하팍로이드, 수에즈 운하 해로 회귀": 1783345614.607053,
"솔라나, 2분기 토큰화자산 거래 57억7000만 달러 기록": 1783345573.9388456,
"러시아 최대 은행 스버, 12월 초 암호화폐 지갑 서비스 출시 계획": 1783344649.4419613,
"암호자산 해킹 사건 상반기 47% 감소했으나 2분기 악성코드 공격 59% 급증": 1783343813.265062,
"바이낸스, 프랑스 MiCA 라이선스 미확보로 거래 중단": 1783343752.5881317,
"벨기에 규제당국, MiCA 기한 도과 후 미인증 암호화폐 서비스 제공자 6곳 적발": 1783341199.5688055,
"클린테크 스타트업 투자 반등, 2026년 상반기 150억 달러 규모": 1783341154.5059505,
"북미 사모대출 시장, 개인 자금 이탈 속 기관투자자 자금 급증": 1783341100.0850728,
"마이클 세일러 회사 Strategy, 3588개 비트코인 2억1600만 달러에 매각": 1783341050.9376752,
"금융위, 국민성장펀드 2차 조성 착수…6000억원 규모": 1783340150.1132808,
"데카르트, 드리빈 3000만 달러에 인수": 1783339251.9070063,
"금융당국, 포용금융을 경영·감독 체계에 상시 편입 추진": 1783338384.5724678,
"러시아 최대 은행, 암호화폐 지갑 서비스 출시 계획": 1783338336.6518886
}