{
"월스트릿 주식이전담당기관, SEC에 로비…제3자 토큰 규제 경고": 1783951411.6202867,
"헤데라 기반 본조 런드 프로토콜 해킹…오라클 조작으로 900만달러 피해": 1783951363.4275234,
"미국 CLARITY Act 수정안 윤리 조항 제외…8월 처리 전망 불투명": 1783951306.8903282,
"태국 중앙은행, 스테이블코인 비정상 거래 적발…규제당국에 이관": 1783951263.074264,
"미국 2년물 수익률 2월 이후 최고치 4.24% 터치": 1783950440.1190736,
"헤데라 기반 소스 프로토콜 해킹으로 525만 달러 유출": 1783950404.1401181,
"SK하이닉스·삼성전자 각각 15%, 10% 급락": 1783950346.4819593,
"스트레티지, 마이크로스트래티지 주식 4억6700만달러 매각": 1783949594.8775787,
"미국-이란 갈등으로 국제유가 급등, 국내 정유주 강세": 1783949558.6977346,
"비트마인, 이더리움 278만개 축적…일일 누적량 2만7801개": 1783949523.9979346,
"코인베이스 벤처스, 2026년 상반기 암호화폐 VC 투자 규모 1위": 1783949463.4060977,
"OKX, TAO/USDT 현물거래 상장": 1783948539.113105,
"트럼프, 호르무즈 해협 방어 비용 미국 상환 요구": 1783948230.746309,
"IMF, 스테이블코인이 달러 접근성 높이지만 위기 신호 확산 가능": 1783948172.9539504,
"제리언트, NEXBOARD 건자재 성능시험 통과…상업화 탄력": 1783948140.8945029,
"마티나스 바이오팜, GH 파워와 사업결합…청정에너지 공개회사 창설": 1783947876.1804547,
"프리펙트, 데그스터 랩스 인수…데이터 오케스트레이션 플랫폼 통합": 1783947818.7754066,
"트랜스디젬, 스텔란트 시스템 인수 중단": 1783947775.929905,
"XRP 주간 RSI 30 하회…12년 역사 중 두 번째 과매도 신호": 1783947716.9257257,
"코스피 조정으로 개인 투자자 심리 위축…예탁금 감소": 1783947672.546449,
"트럼프, 호르무즈 해협 장악 의사 표명": 1783946847.1262155,
"로빈후드 체인, 주간 DEX 거래량 31억 달러 달성…상위 5개 블록체인 진입": 1783946791.6149473,
"JPMorgan, 규제 명확성 강조…CLARITY Act 상원 통과 가능성 높아질 전망": 1783946739.721211,
"로빈후드, AI 에이전트 통한 암호화폐 자동매매 기능 도입 예정": 1783945943.9069707,
"바이리얼, 출시 1년 만에 거래량 37억 달러 달성": 1783945900.0004835,
"스트레티지, 7천억 원 자금 조달…비트코인 추가 매입은 보류": 1783945860.575436,
"영국, 이란 혁명수비대를 테러 조직으로 지정": 1783944972.6897056,
"미 법무부, 7억2200만 달러 규모 비트클럽 사기 기소 철회 검토": 1783944941.718172,
"블랙록·골드만삭스·JP모건·모건스탠리 등 54개사, 영국 토큰화 태스크포스 합류": 1783944157.6239917,
"일본 SBI홀딩스, 솔라나 재단과 합작사 설립…토큰화·스테이블코인 사업 추진": 1783944119.0465071,
"영국, 토큰화 추진으로 2035년까지 연 최대 440억 달러 경제효과 창출 목표": 1783944064.5338566,
"SEC, 16일 소기업자문위원회 회의 개최…크립토 자금조달 규제 논의 예정": 1783943202.2714899,
"상장 소프트웨어 기업 밸류에이션 10년 내 최저 수준, 비상장 AI는 사상 최고가": 1783943143.1276379,
"바이낸스 6월 선물 거래량 1.61조 달러, 전월 대비 80% 증가": 1783942290.3591793,
"리플 CEO, SEC 소송 당시 사업 중단까지 검토한 사실 공개": 1783942259.1776478,
"인도 6월 연간 인플레이션 4.38%…16개월 만에 중앙은행 목표 상회": 1783941373.9019759,
"에이브, zkSync Era에 V3 배포 승인…ZK 롤업 확장 가속": 1783941340.253483,
"일본 SBI, 엔 스테이블코인 대출 서비스 7월 16일 개시…초기 3% 연이율": 1783940539.6895053,
"체인링크, 아비트럼 오비트 CCIP 통합 확대…레이어3 메시징 보안 강화": 1783940505.054553,
"AI·금·비트코인 랠리는 자금 순환…구조적 성장 별개 분석": 1783940463.9502878,
"중국 검찰, 믹서·프라이버시 코인 사용을 자금세탁 증거로 간주 검토": 1783939537.5964937,
"테더, 톤(TON) 생태계에 USDT 확장": 1783939259.3310337,
"SBI와 솔라나 재단, 일본 중심 온체인 금융시장 구축 협력": 1783939221.881698,
"일본 SBI, 엔 스테이블코인 대출 서비스 개시": 1783938654.460247,
"유니스왑, 수수료 스위치 가동으로 일일 520만달러 수익 창출": 1783937739.954726,
"SEC, 리플 제재 단계 추가 서류 제출…XRP 소송 최종 판단 지연": 1783936860.087363,
"솔라나, 우선 수수료 규격 업데이트…검증인 보상·소각 구조 개편": 1783935994.5844812,
"미 상원, 클래리티 법안 수정안 이번 주 공개…은행·농업위 통합 버전": 1783935937.2211049,
"코인베이스, 렌더(RNDR) 지원 추가": 1783935056.0938792,
"중동 분쟁으로 유가 급등…주식시장 동반 하락": 1783934295.0443516,
"일본 로손, 엔 스테이블코인 결제 시범 운영…네츠타즈 USDC·USDT·JPYC 상인 서비스 출범": 1783934253.0711162,
"코스피 서킷브레이커 발동 후 6,880까지 급락…증권가 과열 조정으로 해석": 1783934215.512473,
"바이오아틱·에자이, 알츠하이머 신약 레켐비 104% 동등성 입증…릴리와 협력 강화": 1783934174.0823097,
"미국, 이란 공습 단행…호르무즈 해협 긴장 고조에도 비트코인 6만3천달러 유지": 1783934141.4284925,
"반에크, 이더리움 ETF 수수료 면제 추가…초기 자금 확보 경쟁": 1783933345.7406387,
"비트코인 BIP-110 채굴자 지지 1% 미만…시장 거부 확실": 1783933295.2676437,
"리플 CEO, SEC 소송 당시 폐업까지 검토했다 공개": 1783933263.6454227,
"비탈릭, 이더리움 싱글 슬롯 파이널리티 제안…결제 속도 개선 논의 재개": 1783932427.5118573,
"바이낸스 비트코인 지급준비율 사상 최저…스테이블코인 대비 극단적 불균형": 1783932394.2900298,
"헤데라 기반 렌드, 오라클 취약점 공격으로 905만 달러 손실": 1783932341.552587,
"SEC, 폴 나이트를 최고운영책임자로 임명…가상자산 감독 기반 강화": 1783931509.6462126,
"암호화폐 IPO 시장 급격히 위축…AI·기술주로 자금 이동": 1783931458.09521,
"이란, 페르시아만 미군기지 공격 escalate…해협 긴장 재고조": 1783930665.8968937,
"이란, 미국 약속 이행 없으면 협약 불이행 재확인": 1783930626.369469,
"바이낸스, 토큰화 증권 SK하이닉스(SKHYB) 현물 상장": 1783930595.4442506,
"크라켄, 모바일 앱에 AI 투자도구 통합": 1783930542.2658322,
"폴리마켓·칼시 등 예측 시장, 도박판으로 변질 중": 1783929740.5586412,
"미 민주당, 트럼프 암호화폐 이해충돌 청문회 요구": 1783929708.852467,
"영국 FCA·영란은행, 스테이블코인 규제 완화": 1783929666.3251705,
"HDFC 은행, 운영 자동화로 직원 3,300명 이상 감축…3월말 기준 21만1천명": 1783928944.1376202,
"일본 재무장관, 일본 금융자산에 대한 GPIF 투자 확대 유도 방침 재확인": 1783928891.3038082,
"코스피 6.65% 급락해 6,978로 7,000선 이하 추락…반도체 매도에 외국인·기관 동반": 1783928845.5152602,
"엠퍼리 디지털, 비트코인 1,400개 매각…8,710만 달러 확보해 AI 데이터센터 자금화": 1783928794.6909015,
"a16z crypto, 암호화폐 평가 기준 변화 진단…백서·비전보다 실제 제품·이용자 검증 중시": 1783928748.593642,
"레저 연구팀, 탱젬 하드웨어 지갑에서 레이저 공격으로 비밀번호 우회 가능한 취약점 발견": 1783927976.1046913,
"일본 SBI그룹, JPYSC 스테이블코인 대출 서비스 이달 중 출범 예정": 1783927937.1298656,
"이더리움 재단, AI 보안점검 결과 '가짜 버그' 제거가 실제 취약점 찾기보다 어려워": 1783927897.338883,
"MEXC, 6월 전통금융 선물 거래량 261% 증가…SPCX 선물 145배 급등": 1783927856.7054956,
"쿠코인 선물, READY 영구선물 신규 상장…최대 8배 레버리지": 1783927138.3250027,
"쿠코인 선물, SKHY 현물주식 지수 영구선물 상장": 1783927086.338594
}