{
"카타르, 모든 해상 활동 즉시 재개 선언": 1783251934.4784687,
"JP모건, 비트코인 기관 매수자 스트레티지의 구조적 리스크 경고": 1783250137.3953636,
"바이낸스 주간 순유출 12억3천만 달러로 3배 급증, 이더리움 출금 3년 최고": 1783241132.0532155,
"이란·러시아·북한, 미국 제재 회피 수단으로 암호자산 활용 확대": 1783240245.1378784,
"한국은행, 공적 자산운용에 인공지능 도입 가속화": 1783239336.9433439,
"인도, 중동 LNG 공급 재개에 따라 가스 구매 제한 조치 해제": 1783235796.5943773,
"트럼프 밈코인 투자자 98만8천개 지갑이 손실 중, 총 38억 달러 규모": 1783235739.1823926,
"뉴질랜드 에너지, 연간 공시 제출 후에도 거래정지 조치 유지": 1783232135.874273,
"미국 클래리티 법안, 8월 하계 휴회 전 상원 처리 여부가 연내 입법 관건": 1783227648.1958702,
"비탈릭 부테린, '린 이더리움' 로드맵서 새 가상머신 도입 추진": 1783225843.8999836,
"비탈릭 부테린, 3~4년간 '린 이더리움' 로드맵 공개": 1783221335.0742893,
"정부, 2035년까지 1천조원 규모 AI 데이터센터 투자 유치 계획 발표": 1783219534.7228174,
"이란·러시아·북한, 디지털자산으로 미국 제재 회피": 1783218648.3575926,
"벨기에, 방공 미사일 시스템·SKYRANGER에 31억 유로 투자": 1783217734.0619085,
"바이낸스 선물, 2026년 6월 현물 연동 트래디파이 무기한선물 계약 다중 출시": 1783215933.8989244,
"문빔, 폴카닷에서 베이스로 전환…AI 에이전트 플랫폼 공개": 1783215041.4372191,
"금값 2% 이상 상승, 미국 약한 고용지표 영향": 1783214140.6082885,
"상반기 코스피 변동성 사상 최고, 변동성완화장치 2만9천건 발동": 1783212382.4777453,
"국내 증시 신용거래융자 사상 최대, 2분기 일평균 35조9천억원": 1783212334.297605,
"코스피 강세에도 시가총액 1조원 이상 종목 수 급감": 1783210532.2267072,
"미국 고용지표 부진에 달러 약세, 반도체주 하락": 1783208609.66119,
"독일 은행권, 디지털자산 거래 서비스 도입 시작": 1783207844.563909,
"트럼프 밈코인 투자자 3분의 2가 손실 중, 초기 진입자만 수익": 1783206934.3106325,
"글로벌 주식 5월 이후 최고 주간 수익률 기록, 미국 고용 부진이 금리인하 전망 촉발": 1783205135.991095,
"한국은행, 6일부터 원·달러 24시간 거래 시작": 1783204242.9380777,
"미국 FOMC 회의록·신규 실업수당청구건수 등 주간 주요 경제일정 공지": 1783203336.3454783,
"해외 거래소, 코스피 150배 레버리지 선물 상품 출시…금융당국 규제 한계": 1783201532.733439,
"윤리적 해커, 700억 달러 암호자산 위험할 수 있는 결함 발견": 1783199893.5922441,
"한국 주식시장 '영끌 투자' 급증, 한국은행 금융 불안 경계": 1783199849.5731294,
"미국 M2 통화량 사상 처음 23조 달러 돌파": 1783199793.1237311,
"한국은행, 삼성·하이닉스 레버리지 ETF 투자 확산 경고": 1783199741.2088141,
"미국 클래리티 법안, 독립기념일 처리 불발…상원 표결은 7월 말 이상 예상": 1783197933.2786903,
"아프토스 블록체인, 치명적 결함 발견…700억 달러 규모 자산 위험": 1783197043.470327,
"크래켄, 토큰화 주식·ETF를 마진거래 담보로 허용": 1783194386.0962596,
"비트코인 대세 상승장 위해 수조 달러 규모 자금 필요": 1783194334.5101366,
"비트코인 양자컴퓨터 위협 증가…사토시 나카모토 보유분 동결 필요성 놓고 전문가 의견 엇갈려": 1783188053.655894,
"트럼프 암호자산 보유자 38억 달러 손실": 1783182644.1780536,
"일본, 엔화 개입 위협 지속…미국과 긴밀 협력 강조": 1783181879.7274237,
"인도 루피, 상인거래와 선물환 자금 흐름으로 약세 지속": 1783181827.9342315,
"우크라이나, 러시아의 철도 기관차 200대 이상 피해 주장": 1783181776.5883996,
"콘티넨탈, 콘티테크 부문 46억 달러에 매각 합의": 1783181741.8900187,
"러시아군, 우크라이나 동부 코스탠틴니우카 점령": 1783174534.0018718,
"EU 규제당국, 소매투자자의 예측시장 거래 제한 추진": 1783173651.415518,
"2026 월드컵, 예측시장 거래량 사상 최고기록 경신": 1783170995.2794538,
"파에스 테라퓨틱스, 신규 인력 채용 위해 18만주 스톡옵션 부여": 1783170936.9458315,
"영국, 새 암호자산 규제 체계 공개…글로벌 거래 활성화 추구하나 규정 준수 장벽 높아": 1783168245.7590826,
"영국 FCA, 새 암호자산 규제 체계 공개…글로벌 거래 활성화 추구하나 높은 진입장벽": 1783166452.63209,
"레볼루트, 8월 말 테더 상장폐지…기존 보유분은 자동 환전": 1783165537.8523872,
"솔라나, 파이어댄서·알펜글로우 업그레이드로 2026년 150~200달러 전망": 1783161943.1820424,
"ICICI 은행, 2017년 이후 첫 해외채권 발행 검토": 1783149333.4114285,
"비트코인 다음 사이클, 1조 달러 규모 신규 자금 필요할 수 있어": 1783148452.8808124,
"CMA CGM 선박, 호르무즈 해협 미사일 피격 후 폐선 가능성": 1783146713.1766574,
"미국 법집행기관, CLARITY 법안 반대 철회…지역 수사권 강화 조건부 지지": 1783142134.9214542,
"중국 독립 정유업체, 공급 증가 속 중동유 대량 매입": 1783138537.642484,
"마이크로소프트, AI 도입 지원 전담 6,000명 규모 신규 부서 출범": 1783135040.545754,
"크립토퀀트, 거래소 입금 급증으로 시장 변동성 확대 가능성 경고": 1783134997.7922416,
"EU 규제당국, 폴리마켓 등 예측시장에 금융규제 적용 가능": 1783134939.5929894,
"페르미(FRMI), 주주총회 개최 70% 찬성…경영권 분쟁 본격화": 1783131333.6958854,
"원/달러 환율, 1,400원대 고착화…경제구조 변화로 장기화 전망": 1783125045.0958922,
"한국 외환시장 7월부터 주 24시간 거래 체제 전환": 1783124131.2329617,
"트럼프 대통령, 지난해 디지털자산 사업으로 14억 달러 이상 수익…이해충돌 논란에 '문제없다' 주장": 1783123252.663452,
"Circle, 주가 급락 속 기관 파트너십 확대로 USDC 경쟁력 강화": 1783120577.2279253,
"비트마인, 이더리움 570만개 보유…5% 목표 달성률 93%": 1783120546.341618,
"이스라엘 데이터 수집업체 알라럼, FBI 도메인 압수로 프록시 서비스 차질": 1783113376.7462213,
"미국 상원의원, 현직 정치인 밈코인 발행 금지법 추진": 1783113337.0051455,
"모포 협회, 패러다임·a16z 크립토 등으로부터 1억7500만 달러 투자 유치": 1783108847.0767038,
"제재 대상 러시아 스테이블코인, 거래량 과장 주장과 분석가 반박": 1783107100.2172039,
"미국 상원의원, 현직 정치인의 밈코인 발행 금지 법안 제안": 1783107047.450153,
"쿠코인, TAIKO 무기한선물계약 펀딩레이트 간격 변경": 1783102533.2045608,
"트럼프 미국 대통령, 현직 중 암호자산 사업으로 14억 달러 이상 수익": 1783098937.895482,
"EU 규제 당국, 예측시장 계약 소매 투자자 판매 금지 경고": 1783098053.0748534,
"비트코인 최대주의와 자본시장 현실의 충돌…오픈USD가 USDT·USDC 도전": 1783095334.118094,
"양자컴퓨터, 비트코인 디지털 서명 위협 가능성": 1783093591.3723135,
"한국거래소, 우주·방위산업 ETF 2종 7월 신규 상장": 1783093535.6138055,
"메타 AI, 비트코인 연말 15만 달러 전망…유동성·금리완화·위험자산 회복을 촉매로 지목": 1783092651.4723206,
"현 이란 위기와 1979년 유가 충격 비교 분석": 1783091792.6232305,
"NATO 정상회담, 트럼프 참석 하에 집단방위 의약에 강한 의지 표명": 1783091739.0408497,
"원/달러 환율, 미국 고용지표 부진에 1,525원대로 하락": 1783090852.2006025,
"미국인, 이란 스파이 활동 혐의로 이스라엘서 기소...암호자산 보상 수취": 1783089938.4095423,
"벨기에 경찰, 피싱 조직 지도자 체포…57만 달러 암호자산 세탁": 1783088190.6269226
}