{
"로빈후드, 유럽서 무기한 선물 확대·영국서 암호자산 거래 서비스 출시": 1782936934.503447,
"유가 배럴당 68.58달러로 하락, 이란 전쟁 이후 최저 수준": 1782935176.875687,
"리플 공동창업자 지원 PAC, 콜로라도 민주당 예비선거 후보 당선 지원": 1782935141.4754274,
"트럼프 지지 미국비트코인, 나스닥 상장 유지 위해 1:15 역분할 단행": 1782934281.0338233,
"브라질 농업·수출 연계 RWA 프로젝트 발레 캐피탈 토큰, BNB 기반 생태계 공개": 1782934248.6210437,
"멕시코 경제장관, USMCA 갱신 관련 미국의 외국 독립성 우려 해결 의지 표명": 1782933550.408282,
"인터랙티브 브로커스, 6월 거래 53% 급증·고객 자산 1조3,390억 달러로 확대": 1782933517.7142575,
"트럼프 재정공시서, 암호화폐 관련 수익 노출로 암호화폐 규제 법안 협상 긴급성 가중": 1782933464.3513234,
"유로존 6월 물가 상승률 2.8%로 둔화, ECB 7월 금리 동결 가능성 상승": 1782933425.291371,
"UN AI 안전 패널, AI 능력의 과학적 이해 및 규제 능력 초과 경고": 1782933384.6094694,
"워시 연준 의장, 인플레이션 위험 낮아졌으나 정책 유연성 필요": 1782933351.4553795,
"이더리움 재단, 정부·기관 대상 정책 가이드 공개": 1782932537.1361732,
"로빈후드 체인, 메인넷 출시…유니스왑과 협력": 1782932502.973164,
"연준, 인플레이션 위험 낮아졌으나 현물가는 여전히 높다고 평가": 1782932461.774766,
"베니스 AI, 10억 달러 기업가치로 6,500만 달러 시리즈 A 투자 유치": 1782930696.480599,
"로빈후드, 자체 퍼블릭 블록체인 출시…암호화폐 사업 확장": 1782930649.3706234,
"미국 기술업계 감원 다시 확산…7월 첫주 983명 구조조정": 1782930340.5451028,
"트럼프 2025년 암호화폐 수익 14억 달러 돌파": 1782930298.84036,
"유럽, 바이낸스의 MiCA 라이선스 승인 거부…과거 자금세탁 이력 이유": 1782929737.3452864,
"캐너코드, 마이클 세일러 스트래티지 목표주가 163달러에서 130달러로 하향": 1782927940.069584,
"미국 6월 제조업 활동 둔화, 투입물 가격은 여전히 높음": 1782927094.0327854,
"미국 테네시주 암호화폐 ATM 금지 시행, 미네소타주도 8월까지 준수 기한": 1782927047.4798384,
"미국·이란, 카타르 중재로 호르무즈 해협 협상 개시": 1782926181.1221018,
"CLARITY Act 통과 확률 급락, 암호화폐 시장 변동성 확대": 1782926141.385595,
"앙코리지 디지털, 바이낸스에 장외 결제 시스템 통합": 1782925256.0037448,
"트럼프 대통령, USMCA 갱신 거부하고 개별 협상 추진": 1782924476.5458472,
"시큐리타이즈 임원, 토큰화로 월스트리트 주식대출 구도 혁신 가능 주장": 1782924443.179537,
"이더리움 재단, 기관 투자자 확보 전담 비영리 조직 출범": 1782924382.2602737,
"한은 총재, 통합원장 제시로 공적 화폐체계 강화 방향 제시": 1782924339.7524285,
"트럼프 정부, 인공지능 수출 규제 해제…앤스로픽 클로드 능력 복구": 1782923461.1794033,
"프리덤홀딩, 터키 은행 인수 규제 승인 획득": 1782922570.6868193,
"제프리스, 오픈USD 경쟁 심화에 따른 서클 주가 약세 경고": 1782922539.0216477,
"Axel Johnson Inc., Fort Wayne Metals 100% 소유권 인수 완료": 1782921832.687481,
"미쉐린, Tex Tech Industries 인수 완료…폴리머 복합솔루션 사업 강화": 1782921797.5032995,
"SPIE, 생명과학 분야 엔지니어링 전문업체 nimeg ag 인수": 1782921744.45529,
"미국 상업용 원유재고 380만배럴 감소, 정제시설 96% 고가동": 1782921698.912514,
"포워드 인더스트리, 솔라나 보유량 755만 SOL로 확대…주가 17% 상승": 1782921666.270956,
"6월 개인 투자자 반대매매 1조1,228억원 기록": 1782920862.567115,
"솔라나 기반 예측시장 앱, 팬텀 지갑에 출시": 1782920823.0250938,
"국민연금, 6월 말 리밸런싱 유예 종료 후 매도세 조절": 1782920766.9179218,
"국고채 금리 전 만기 구간 상승, 3년물 3.791% 10년물 4.205%": 1782919845.5878572,
"미국 원유 재고 주간 감소 폭 예상치 미달": 1782919057.7522192,
"Fed·ECB·영국중앙은행장, 금리 포워드 가이던스 폐기": 1782919025.19945,
"Goliath Ventures CEO pleads guilty in $400 million crypto Ponzi case": 1782918981.199287,
"캔터, 비트코인 약세장 최종 단계 진입 가능성 제시": 1782918940.578054,
"미국 6월 제조업 PMI 53.9로 하락, 고용 급감·기업 전망 악화": 1782917138.2963736,
"비트코인과 주식 시장, 하반기 변동성 가중할 전망": 1782916289.4811127,
"유럽, 해외 암호화폐 규제 강화하되 리스크 높은 영역 공백 남겨": 1782916256.6976976,
"미국 6월 S&P 글로벌 제조업 PMI 최종 53.9, 전월 55.7에서 하락": 1782915435.4105225,
"라이다 기업 마이크로비전, 동남아 확장 및 4,200만 달러 자금 확보": 1782915398.1536937,
"이더리움 재단 산하 신규 랩 조직 'EthLabs' 출범": 1782915339.840378,
"한국은행 총재, 토큰화 정부채 비전 및 통합 장부 계획 제시": 1782914535.6420472,
"스탠더드차타드, 모르포 2030년 목표가 60달러 설정": 1782914498.6952052,
"유럽 MiCA, 암호화폐 파생상품 시장 규제 공백 남겨": 1782914451.2818153,
"토큰화 구글 주식 가격 조작, 약 40만3천 달러 손실 발생": 1782913605.4761078,
"시티, 비트코인·이더 12개월 목표가 하향 조정": 1782913572.4819064,
"이더리움 재단 지원 새로운 비영리 단체 출범, 기관 입양 중점": 1782913541.688988,
"팬더할로우, RWA·수익 전략 중심 다중전략 머천트뱅크 출범": 1782912645.9356844,
"메타, AI 초과 컴퓨팅 자원 판매 클라우드 사업 건설 발표…AI주 주가 동반 하락": 1782911875.7659156,
"솔라나 기반 예측시장 'World' 공식 공개…팬텀 지갑 통합": 1782911820.3837361,
"미국 6월 민간고용 9.8만 명 증가…시장 예상 밑돌며 노동시장 둔화 신호": 1782911786.0879092,
"마이크로소프트, 6월 주가 18% 급락…AI 투자 부담에 시총 945조원 증발": 1782911745.874415,
"서클 CEO, OUSD 도전에 USDC 네트워크 우위 강조": 1782910857.842266,
"OPEC+, 8월 유전 일일 산출량 18.8만 배럴 증산 방침": 1782909967.465645,
"오픈USD, 비자·마스터카드·구글 후원으로 출시…USDC·USDT 경합": 1782909935.5970984,
"EU, MiCA 규제 재검토 시작…스테이블코인·토큰화 시장 변화 반영": 1782909062.6373446,
"미국·이란, 카타르 중재로 평화협상 기술 협의 진행": 1782908243.5774045,
"영국, 국방력 강화 위해 약 200억 달러 군사비 증액 추진": 1782908193.0538793,
"대만, 가상자산 규제법 통과…금융감독위원회 인허가 의무화": 1782908140.5038786,
"프랑스 크레디아그리콜, EURXT 유로 스테이블코인 출시": 1782907290.6205206,
"심비오틱, 코어 V2 출시로 담보 시장 공식 전환": 1782907251.3253834,
"6월 암호화폐 해킹 피해 7,590만 달러, 전월 대비 7% 감소": 1782906384.4563272,
"원·달러 환율 1,554.9원으로 2009년 이후 최고가 갱신": 1782906348.7768402,
"유럽 MiCA 최종 단계 완료, 암호화폐 규제 전면 시행": 1782904537.1766033,
"영국 투자자 1700명, 바이낸스·CZ 상대로 무단 파생상품 판매 소송": 1782903523.0795937,
"리플·코인베이스 등 암호화폐 기업, 2026 중간선거에 1억8900만 달러 기부": 1782903475.0855005,
"위메이드, 알리바바 연관 투자사로 경영권 변동…주가 상한가": 1782903428.3726087,
"에이브 프로토콜 하루 신규 지갑 1,806개 추가, 약 5년 만 최고": 1782902782.9060154,
"오픈스탠더드 OUSD 출시로 스테이블코인 수익배분 구조 재편": 1782902738.8671029,
"미국 6월 일자리 감소 45,489건, 5월 대비 53% 감소…AI 여전히 주요 감원 사유": 1782900996.702688
}