{
"베센트 미국 재무부 장관, 중국의 이란산유 구매 감소 확인": 1784650633.1180003,
"업홀드, 미국서 4000여 개 주식·ETF 소수점 거래 출시": 1784650590.6584587,
"비트겟, 클래리티 법안 여부 관계없이 미국 진출 추진": 1784650541.9394126,
"루마니아 해역서 우크라이나 행 선박 피격 사건 발생": 1784648837.9125266,
"캐나다 카니 총리, 트럼프 신규 관세가 USMCA 위배라고 지적": 1784648779.2952905,
"코인베이스, 7월 14일 50분 장애 원인은 '저위험 설정 변경'": 1784648740.9512303,
"러시아 의회, 암호화폐 시장 규제법 통과…소매 투자자 연 3,800달러 한도": 1784647923.642535,
"워싱턴주 법원, 예측시장 칼시에 영업 중단 가처분 결정": 1784647889.4483666,
"텔레그램, 비수탁형 암호화폐 지갑 대규모 도입 계획": 1784647848.7710042,
"홍해 후티군의 경고에 사우디유 운송 유조선 방향 전환": 1784646952.973118,
"런던거래소, 야간 거래소 LSE 24 출범 계획": 1784646099.6501763,
"JP모건 다이먼 회장, 지정학적 리스크 과소평가 경고": 1784646058.7702475,
"달러/엔화, 40년 만에 최고가 경신…미국 국채 수익률 상승 주도": 1784645232.9528723,
"트럼프, 암호화폐 명확성 법안 최종 합의…상원 공화당에 전달": 1784645176.0329804,
"SK하이닉스 ADR 상장에 따른 달러 매도로 원/달러 환율 1,470원대까지 하락": 1784645142.2337005,
"어거스터스, 스테이블코인 시대 결제 인프라 구축 위해 1억8000만 달러 자금 조달": 1784644249.1405818,
"후티, 사우디 항구 회피 경고…해운업계 긴장 고조": 1784643340.2504256,
"이란 혁명수비대, 바레인 아마존 데이터센터 공격 주장": 1784642518.9204218,
"말레이시아, 발라지 스리니바산 설립 네트워크 스쿨 운영 중단 명령": 1784642460.725539,
"무디스, 인도네시아 신용등급 부정적 전망 유지": 1784641582.0093315,
"몬리그램 CEO, 블록체인 기반 국제송금 인프라 현대화 추진": 1784641539.6837888,
"로빈후드 지원 탈중앙거래소 아르쿠스, 토큰화 주식·무기한선물 추가": 1784640697.31859,
"아즈텍, V5 알파 버전 업그레이드…이더리움 L2에 완전 프라이빗 실행 환경 추가": 1784640648.8619852,
"미국 무역대표, 캐나다가 다른 국가에 더 나은 통상조건 제공 지적": 1784639921.2682157,
"월스트릿 대형 임대주택 소유자들, 순매도 전환": 1784639865.8838205,
"지토 랩스, 솔라나 기반 자체 관리형 거래 플랫폼 JTX 출시": 1784639808.4604938,
"중국, AI·반도체 수출 규제 강화 추진": 1784639752.5700731,
"캐나다 덴탈콥, 미국 진출…플로리다 노스스타 덴탈 파트너스 인수": 1784638933.083201,
"NPM, 나스닥 펀드 세컨더리즈 인수 합의": 1784638897.460906,
"모르포, Base 네트워크에서 고정금리 대출 프로토콜 '미드나이트' 론칭": 1784638859.0020819,
"미국 민간 고용 주간 평균 16,500명으로 둔화, 4주 연속 감소": 1784637999.8109493,
"테더 주도 3개 비트코인 회사 합병 무산, 잭 멀러스 XXI 캐피탈 CEO 사임": 1784637947.8298876,
"미국-이란 긴장 고조, 주식시장과 경제에 미칠 영향 주목": 1784636223.1264539,
"게이트 유럽 CEO, MiCA 규제 준수 비용으로 일부 암호화폐 기업이 EU 시장 이탈할 수 있다고 경고": 1784636169.9571936,
"갤럭시, 양자 위협에 대비한 비트코인 기술 개발에 최대 500만 달러 투자": 1784636137.150211,
"러시아 의회, 암호화폐 시장 규제 법안 통과": 1784635309.7564726,
"미국 클래리티 법안 통과 가능성 42%로 상승": 1784635255.146586,
"미국 증시 선물 상승, 이란 휴전 희망과 기업 실적 주목": 1784634451.4076433,
"파키스탄, 암호화폐 자금세탁 단속 전담 조직 출범": 1784634401.5375245,
"로빈후드 체인, 3주 만에 4억3100만 달러 TVL 돌파…밈코인 거래량 80% 차지": 1784634340.9412482,
"JP모건, 코스피 급락 주원인 '레버리지 ETF·헤지펀드 차입 축소' 분석": 1784633445.8662963,
"이란, 바레인·쿠웨이트 겨냥 군사 행동 개시": 1784632535.1072779,
"아인라이드, 전기차 충전 소프트웨어 회사 플립턴 인수": 1784631659.325751,
"쿠코인, NIGHT 토큰 입출금 서비스 일시 중단": 1784628936.9118388,
"미국 ETF 시장 생존 경쟁 심화…6월 한 달 44개 청산": 1784628273.0326505,
"독일 ZEW 경기심리지수, 7월 회복세 강화": 1784627232.8155513,
"블랙록, 한국항공우주·에코프로 주요 주주로 부상": 1784627195.1488514,
"토큰화 주식 시장 급성장…블록체인 자산 규모 170배 증가": 1784627139.828355,
"호르무즈 해협, 선박 피격으로 유조선 정지": 1784625463.3183193,
"영국 의회, 은행의 암호화폐 기업 계좌 제한 실태 조사 착수": 1784625426.994321,
"트럼프, 미국 암호화폐 규제 클래리티 법안 윤리 조항에 동의": 1784625383.1226132,
"워싱턴 법원, 칼시 스포츠 예측시장 잠정 금지 결정": 1784625340.7093437,
"코인셰어스, 유럽 기관투자자 대상 UCITS 플랫폼 출시": 1784624451.218672,
"이스라엘, 레바논 남부 시범 안전지대 운영 시작": 1784623572.9461656,
"ECB 은행대출조사, 유로존 은행 대출기준 추가 강화": 1784623534.0629318,
"오라클, AI 투자 부담에 신용위험 헤지 비용 급등": 1784622643.8713145,
"금감원, 홈플러스 사태 연루 사모펀드·증권 감독 강화": 1784621784.057922,
"USD.AI, 하이드라 호스트에 5440만 달러 대출 집행": 1784621736.2562943,
"바이낸스, 2026년 7월 다중 USDT 마진 트래피 선물계약 출시": 1784620921.051761,
"미국 진보진영 버니 샌더스 의원, 암호화폐 업계 정치자금 비판": 1784620887.8587942,
"런던거래소, 암호화폐 24시간 거래 경쟁에 대응해 야간 거래 계획": 1784620852.123298,
"쿠코인, NIGHT 토큰 입금 서비스 일시 중단": 1784619938.4435754,
"쿠코인, UTA 할인 등급 구조 통일 계정 기반으로 전환": 1784618611.2635028,
"베이스, 1:1 담보 기반 토큰화 주식 출시 임박": 1784618570.816418,
"이란, 호르무즈 해협 재개 결정은 안보 고려 따를 것": 1784618192.7362087,
"완체인 카르다노 크로스체인 브릿지 해킹…5억1500만 개 NIGHT 토큰 도난": 1784618138.4580421,
"베조스, 반도체 칩메이킹 신소재 발굴 AI 스타트업에 투자": 1784616530.4436147,
"금이 1% 상승, 미국-이란 외교 희망으로 유가 랠리 일시 중단": 1784616488.1972466,
"영국 5월 실업률 4.9% 유지, 6월 임금급여 감소": 1784616455.1067662,
"BNK자산운용, 미래 모빌리티 산업 투자 'BNK 스마트카 ETF' 상장": 1784616409.796418,
"이더리움 재단·옵티미즘, 국내 금융·정책 실무진과 디지털자산 정책 논의": 1784616353.172838,
"영국 의회, 암호화폐 기업 은행 거래 제한 문제 조사 시작": 1784615487.9872394,
"코스피 2% 상승, 반도체주 강세·수출 개선 주도": 1784615446.7648404,
"영국 번햄 총리, 에너지 요금 부가세 폐지 발표": 1784614533.4338746,
"OKX, CARDS/USD 현물 거래 상장": 1784613737.3588996,
"인도 중앙은행, 유가 상승 속 루피 약세 막기 위해 외환시장 개입": 1784613692.0086367,
"누뱅크, 브라질 방은코 포르토레알 인수로 규제 기반 확장": 1784613654.0605135,
"미국, 이란 대상 10연야 공격 마무리": 1784612823.8271072,
"미-이란 긴장 고조로 유가·국채 수익률 상승 계속": 1784612780.9010003,
"한국은행, 2026년 9월 원화국제결제망 시범 운영 시작": 1784612744.5945022
}