{
"ECB, 에너지 가격 급등으로 9월 인상 논의...라가르드 2027년까지 물가 높은 수준 유지 전망": 1784814466.4518003,
"AI 기반 디파이 해킹 우려 현재는 과장돼 있지만 장기 위험은 증대": 1784814425.3914175,
"미국 실질금리 17년 최고점 도달, 비트코인 투자 매력 약화": 1784814394.2392366,
"거래소 자산 투명성, FTX 붕괴 이후 핵심 과제로 부상": 1784814340.1775308,
"스트래티지 주도 컨소시엄, 비트코인 양자내성화에 1,500만 달러 투자": 1784813656.012157,
"NH투자증권, 2분기 사상 최대 실적...영업이익·순이익 전년 대비 2배 가까이 증가": 1784813597.4250464,
"트럼프, 후티 재공격 시 이란 책임 경고...유가·금리·비트코인 동반 변동": 1784813542.3504682,
"신한투자증권, 상반기 순이익 123% 증가...주식 위탁수수료 호조": 1784813506.932176,
"SEC, 암호화폐 볼트·온체인 대출 상품에 증권법 적용 가능성 경고": 1784813451.1142194,
"파키스탄, 이란 전쟁 역할 후 미국 자금 지원 추진에 경제학자 회의적": 1784812712.4322164,
"플로우 트레이더스, 롬바드의 비트코인 담보 신용 전략 시범 운영": 1784812666.8652866,
"레이어제로·키타, 토큰화 은행예금 크로스체인 전송 지원": 1784812617.1949666,
"바이낸스, STOP THE TRAFFIK와 인신매매 대응 파트너십 체결": 1784812579.0282702,
"삼성전자·SK하이닉스, 외국인 매수에 3~5% 상승": 1784812545.8266613,
"미래에셋그룹, 코빗 지분 97% 확보…전통 금융의 암호화폐 시장 진입 가속": 1784811831.2268796,
"증시 조정 속 투자자 예탁금 5개월 만에 최저 수준으로 하락": 1784811780.9421058,
"비트멕스 종료 발표로 BMEX 토큰 90% 폭락": 1784811740.6323385,
"블랙록·코인베이스·스트래티지, 비트코인 양자 위협 대비에 1500만달러 투자": 1784811707.1870735,
"BNY, 미 국채 토큰화된 상품의 24시간 결제 추진": 1784811669.5681827,
"ECB, 기준금리 현 수준 유지": 1784810936.4752676,
"트럼프, 후티 공격에 이란 책임 추궁": 1784810893.7029223,
"비트겟, 뉴질랜드 금융서비스제공자 등록으로 현지 사업 확대": 1784810846.6556394,
"동남아 사기 조직, 연간 최대 1140억달러 손실 초래": 1784810788.6736493,
"6시간 내 3개 크로스체인 브리지 해킹, 3500만달러 유출": 1784810740.580318,
"트럼프 \"사우디 핵 협상, 우라늄 농축 제외\"": 1784809921.7223885,
"글로벌 벤처투자 메가딜 쏠림 심화": 1784809886.9447815,
"일리노이주 암호화폐 거래세 위헌 소송 제기": 1784809847.378869,
"WTI 유가 6주 만에 배럴당 90달러 돌파…달러·국채 수익률 동반 상승": 1784809049.2297993,
"아부다비 무바달라, 코인베이스 참여로 사모펀드 온체인화 추진": 1784809015.1139615,
"비트고·OTC마켓츠, 토큰화 증권 기관 거래 인프라 구축 협력": 1784808973.836311,
"삼성전기, AI 서버 부품 공급계약 체결…주가 7.66% 상승": 1784808941.6817255,
"IBM, 양자 기업 HRL 랩스 인수 추진": 1784808176.1539056,
"KB증권, 2분기·상반기 역대 최대 실적…영업이익 6천666억원": 1784808120.9708805,
"번스타인, 비트코인 채굴 기업과 AI 센터의 제휴 필요성 강조": 1784808084.9828396,
"미 상원 민주당, 클래리티법 윤리·투자자보호 강화 요구로 협상 난항": 1784808042.752981,
"폴리마켓, 프랑스 전국 차단 조치에 맞서 법적 이의 제기": 1784807993.1096733,
"미 상원 클래리티법 통합안 공개, 윤리·자금세탁 조항 여전히 협상 중": 1784807934.6554446,
"영국 10년물 길드 수익률 2개월 최고 5.08% 도달…인상 베팅 강화": 1784807330.4012094,
"트럼프 백악관, 스테이블코인법 '테더 특혜 설계' 의혹": 1784807276.5788417,
"테슬라, 비트코인 1만1509개 유지하며 2분기 1억1200만달러 손상차손 기록": 1784807220.093629,
"미국 FCC, 중국 부품 기기 판매 금지…미·중 기술 갈등 심화": 1784807180.314539,
"TRM Labs, HTX가 영국 제재 이후 지갑 교체 속도 높여": 1784807144.2174034,
"미 항공사 아메리칸 항공, 유가 급등으로 2026년 실적 전망 하향": 1784806327.3382988,
"백악관 \"문샷AI, 미국 수출금지 엔비디아 칩 태국에서 입수\"": 1784806289.0411623,
"미 상원 클래리티법 최종 조율 중…트럼프 암호화폐 이해충돌 조항이 핵심": 1784806254.8861988,
"NFT 프로젝트 크립즈, 언시리어스에 인수…창업자 복귀로 재시작": 1784805669.1622932,
"SEC, DeFi 크립토 볼트·온체인 대출에 증권법 적용 가능성 시사": 1784805612.0189555,
"카자흐스탄, 암호화폐 채굴 규제 강화…국가 보유금 일부 이전 의무화": 1784805563.9839013,
"허위정보로 밈코인 급등시킨 일당에 징역형 선고": 1784805529.4256039,
"암호화폐 '렌치 공격' 6개월간 피해액 1억2400만달러…12배 급증": 1784805479.4580162,
"AI 에이전트 경제, 블록체인의 차세대 킬러 사용처 될 것": 1784805446.506326,
"비트멕스, 9월 23일 운영 종료…11년 역사 마감": 1784805393.1445777,
"레볼루트, 기업가치 1150억달러 돌파…유럽 1위 비상장사로": 1784805346.3794959,
"미 상원 CLARITY Act 협상 흔들려…질리브랜드 의원 가족 논란 변수": 1784804544.7327569,
"영국 토큰화 국채 실험, 온체인 결제 해결이 성패 좌우": 1784804499.630202,
"로빈후드, 자체 L2 출시 3주 만에 2억달러 유입": 1784804455.6513155,
"미국 예측시장 플랫폼 칼시, 11월 중간선거 앞두고 미드텀 허브 출시": 1784803736.0674527,
"이더리움 스마트컨트랙트 급증·레버리지 과열로 변동성 신호 포착": 1784803690.9764156,
"스마터웹, 비트코인 178개 매각해 1,170만 달러 전환사채 조기 상환": 1784803631.00919,
"밸런스 코인 99% 폭락…오라클 조작 공격으로 청산 시스템 무력화": 1784803576.2896326,
"바이비트, 2분기 실적 시즌 맞춰 주식 연동 거래 이벤트 개시": 1784803544.408396,
"코스피, 5거래일 만에 7,000선 회복": 1784802810.9936624,
"아비트럼 페르프 DEX AFX 트레이드, 2,400만 달러 규모 익스플로잇 피해": 1784802772.6564746,
"한국 경제 성장으로 원화 강세, 원·엔 환율 900원선 붕괴": 1784802733.162516,
"프랭클린 템플턴 분석, AI 에이전트 확산 시 블록체인이 차세대 수혜처": 1784802690.7555194,
"질리카, 레저 지갑 취약점 보안 경고 발표": 1784802653.3883379,
"토탈에너지스, 이란 분쟁으로 유가 상승하며 3년 만에 최대 이익 기록": 1784801922.4717877,
"BNY멜론, 미국채 24/7 결제 레일 구축으로 주말 거래 지연 제거 추진": 1784801862.0881977,
"아카시 네트워크, 지갑 없이 이메일로만 온보딩 가능한 콘솔 출시": 1784801823.4200797,
"미드나잇 나이트 토큰, 브리지 해킹 후 43% 급락했다가 19% 반등 회복": 1784801773.754221,
"미 법무부, 투자·로맨스 사기 연루 가상자산 360억 원대 압류 추진": 1784801741.4772077,
"코인베이스, 싱가포르 사무소 직원 25% 증원…2026년까지 150명→200명": 1784801000.493286,
"영국 의회, 암호자산 기업 '디뱅킹' 공식 조사 착수": 1784800947.7334495,
"아비트럼 기반 AFX 프로토콜 브릿지서 2,415만달러 유출…익스플로잇 공격": 1784800908.361147,
"SEC, 코인베이스와 FOIA 소송 합의…15만달러 지급 및 기록 관리 개선": 1784800860.8141682,
"세컨드파이 해킹으로 1610만 ADA 탈취, 서비스 종료": 1784799936.1236932,
"백악관·공화당 상원, 클래리티법 윤리 조항 합의": 1784799141.520469,
"크라켄 모회사 페이워드, 토큰화 주식을 홍콩서 출시": 1784799080.7233448,
"기관투자자, 스마트컨트랙트 감사보다 운영 보안 중시": 1784799048.2585516,
"비트멕스, 2026년 9월 23일 영구 폐쇄": 1784798424.6650045
}