{
"뱅크오브아메리카, 오픈AI에 5억2000만달러 신용공여 제공": 1783550735.9218853,
"6월 토큰화 주식 거래량 34억달러로 사상 최대 기록": 1783549851.4490726,
"론 와이든 상원의원, 암호화폐 법안에서 블록체인 개발자 보호 조항 유지 촉구": 1783548938.1513262,
"셰브론 용선이 러우전 전쟁에 휘말려…키예프 공격 강화": 1783547171.1130877,
"트럼프 유가 상승으로 투자자들에 인플레이션 경고음": 1783547138.5393724,
"미군, 이란에 신규 공습 실시": 1783545432.6233826,
"코헨앤드스티어스, 뮤추얼펀드 'Future of Energy'를 나스닥 상장 ETF로 전환": 1783545383.8099816,
"5월 금융서비스수지 5억5천만달러 흑자로 사상 최대 기록": 1783545337.9847076,
"버나 테크놀로지스, HERO 디펜스 시스템 인수 확정": 1783544641.321355,
"타르수스, 아이레닉스 메디컬 인수…후기 임상단계 안구질환 치료제 확보": 1783544600.7642791,
"MDA 스페이스, 인공지능 지구관측 기업 CLS 인수 제의": 1783544559.8027616,
"디파이 대시보드 자퍼, 7년 운영 후 종료 결정": 1783544513.9203286,
"바이낸스 월렛, 플룸 수익 볼트 추가…인벡스코·비트와이즈 펀드 접근성 제공": 1783544462.4423845,
"토큰화된 주식 거래량 1개월 105% 급증": 1783543582.777834,
"미국-이란 긴장 속 뉴욕 증시 혼조": 1783543540.7009768,
"리바이 슈트라우스, 2분기 실적 상회하고 가이던스 상향": 1783542648.3458912,
"폴란드 중앙은행, 기준금리 동결…즐로티화 19개월 저점에서 반등": 1783541737.171233,
"EU, MiCA 규제 개정 검토…비EU 스테이블코인 발행자까지 포함": 1783539052.210106,
"에어버스, 이란 분쟁과 관세로 항공기 수요 전망 하향": 1783538179.492464,
"전쟁보험사, 호르무즈 해협 항행 일시 중단 권고": 1783538138.8998184,
"트럼프, 호르무즈 해협 봉쇄·하르그섬 점거 가능성 언급…중동 긴장 고조": 1783537315.3004873,
"블록 현금앱, 미국 각 주 규제당국과 4,500만달러 합의": 1783537260.336089,
"비트코인 커뮤니티, 소프트포크 제안 BIP-110을 둘러싸고 진영 분열": 1783536429.2685332,
"이란 외무장관, 미국의 양해각서 종료 선언에 강경 대응 경고": 1783536377.0967863,
"아시아개발은행, 한국 2026년 성장률 전망 2.6%로 상향 조정": 1783536341.0399644,
"미 연준 FOMC 의사록, 인플레이션 위험 여전히 높다고 판단": 1783535450.4250824,
"미국, 이란 남부 지역 공습으로 8명 사망": 1783534220.1899803,
"KB국민은행, 주택담보대출 한도를 3억원으로 축소": 1783533662.0533671,
"아담 백 비트코인 표준 재무회사, 캔터와 SPAC 합병 조건 재협상": 1783532787.6647966,
"시타델, 포르토피노 상대 미국 소송 철회…영국 강제집행에 집중": 1783532741.1123528,
"뉴질랜드 중앙은행, 3년 만에 기준금리 0.25%p 인상": 1783531955.6038136,
"JP모건, 1억~5억달러 규모 소형 M&A 전담 조직 신설": 1783531910.387524,
"스테이블코인 기반 트래디셔널 파이낸스 선물거래 1.1조 달러 돌파": 1783531856.4630675,
"도이치뱅크, 사우디아라비아에서 새 금융 인허가 획득": 1783531187.8635488,
"트럼프-이란 대치 장기화, 페르시아만 유가 불안정성 심화 우려": 1783531137.401952,
"트럼프, 이스라엘의 레바논 남부 철군 가능성 시사": 1783531096.1954906,
"IMF, 2026년 세계 경제성장률 전망을 3%로 하향 조정": 1783531062.5482922,
"트럼프 발언으로 유가 배럴당 80달러 돌파, 국채금리 급등": 1783531010.5905476,
"암호화폐 VC 패러다임, 12억 달러 규모 4번째 펀드 조성": 1783530973.152884,
"영란중앙은행 총재, 파라주 로비가 CBDC 정책에 영향 미쳤다는 주장 부인": 1783530940.5615125,
"AI파이낸셜, 트럼프 거래로 5억달러 수익 후 경영악화로 핵심사업 매각 추진": 1783530060.2812533,
"SEC, 2026년 암호화폐 규제 3대 의제 공식화…자체 규정 정비 나서": 1783528353.3765051,
"양자컴퓨터 위협에 비트코인 35% 노출…암호체계 강화 시급": 1783528307.261053,
"카카오게임즈, 처음 자사주 소각…50만주 7월 15일 폐지": 1783528261.1141145,
"알카미, 은행권 계좌 개설 시간을 6분으로 단축": 1783527455.7387228,
"리플, 캔자스 대학 농구팀과 다년간 스폰서십 계약": 1783527405.5672367,
"국고채 금리 혼조, 원화 강세 영향": 1783527347.9547162,
"체코, 우크라이나 700억 유로 지원 패키지 불참 결정": 1783526515.6292152,
"폴리마켓, 미국 재진출 후 신뢰 회복에 나서": 1783526465.4357586,
"유럽연합, MiCA 규제 범위 확대 검토…토큰화·비EU 스테이블코인 포함 예정": 1783525625.4053137,
"원/달러 환율 1,500원 아래로 내려가…SK하이닉스 ADR 발행 기대감": 1783525584.074654,
"말레이시아, 전기 절도 목적 채굴장비 7만5천대 압수…2022년 이후 3천회 이상 단속": 1783525540.9801388,
"비트코인 표준 BSTR, SPAC 합병 취소하고 새 딜 추진": 1783524694.9525597,
"스타크웨어 CEO, 비트코인 2100만 개 공급 상한 재검토 촉구": 1783524654.7162013,
"크래켄, 감사거부 감사회사 매저스를 상대로 2,200만 달러 중재판정 승리": 1783523936.1166558,
"미 연준, 케빈 워시 의장 취임 후 첫 FOMC 의사록 공개…시장 주목": 1783523879.4423056,
"카르다노 설립사 에뮤르고, 펜타드 거버넌스 역할 축소…지갑 보안결함으로 240만 달러 피해": 1783523825.8240108,
"암호화폐 VC 패러다임, 12억 달러 규모 AI펀드 출범": 1783523780.8944373,
"KB국민은행, 주택구입대출 한도 6억원에서 3억원으로 축소": 1783523743.6981533,
"미-이란 긴장 고조 속 파운드화 소폭 변동 없어": 1783522076.2651544,
"트럼프의 무역 위협 재개로 스페인 시장 타격": 1783522016.5472064,
"디나리, tZERO와 손잡고 토큰화 미국주식 통합 플랫폼 구축": 1783521983.0433035,
"미국 상업용 원유 재고 300만배럴 증가, 평년보다 6% 낮은 수준": 1783521941.1639917,
"시타델, 포르토피노 소송 철회하고 영국서 창업자 상대 파산신청": 1783521086.0060482,
"미국 최초 공인 DAO 크립토페드, SEC·연준과 규제 논의": 1783521054.7472653,
"실물자산 토큰화, 재무부채권·부동산·주식·원자재·프라이빗크레딧 중심으로 급성장": 1783520214.682621,
"BNB 체인, 고주파 거래·AI 에이전트용 새 레이어1 구축": 1783520183.2375338,
"트럼프 이란과 휴전협정 종료 선언, 유가 5% 급등": 1783520146.1741877,
"터키 에르도안, NATO 동맹국들에 방위산업 규제 해제 촉구": 1783518549.1393042,
"트럼프, NATO 지도자들에 미국의 동맹 유지 의사 표명": 1783518512.9928546,
"인도 암호화폐 거래자 25% 미만만 세금 신고, 대규모 미신고 적발": 1783518458.8849893,
"비트코인 거래소 불 비트코인, 프랑스 DAC8 규정 폐지 소송 제기": 1783518418.6526754,
"코스피 8일 5.35% 급락해 7,246선 마감, 반도체주 약세 주도": 1783518364.668789,
"쿠코인, Story(IP) 토큰명을 Data Network(DATA)로 변경 완료": 1783517508.129045,
"카자흐스탄 대통령, 암호화폐 채택 가속화 령 서명": 1783517452.9145446,
"헙셋 국방부 장관, 터키 F-35 판매 문제로 네타냐후 회담 취소": 1783516537.8192842,
"뱅가드, 디지털자산 부문장 채용…기관 투자자의 암호화폐 진출 가속": 1783515659.0492196,
"미국 컨테이너 수입 6월 8% 증가": 1783514736.4699392,
"앤젤리스트, 리플과 암호화폐 결제 플랫폼 협력 종료": 1783513848.6414602,
"OKX, CARDS/USD 현물거래 쌍 상장": 1783513192.9802456
}