{
"쿠코인, 애크로스 프로토콜(ACX) 입금 서비스 일시 중단": 1784289746.6327922,
"미즈호, 써클 투자의견 하향…오픈USD 경쟁 심화": 1784289686.3589237,
"코스피 변동성이 비트코인 초과…고위험자산 인식 재평가": 1784289654.8953342,
"중국 조직범죄 집단, 탭 결제 사기로 연 10억 달러 규모 은행·소매점 사기": 1784288825.151312,
"영국 법원, 1억 1500만 달러 암호화폐 랜섬웨어 조직 멤버 2명 유죄 판결": 1784288779.555256,
"미국 클래리티 법안, 7월 상원 처리 실패 시 2030년 이후로 밀릴 우려": 1784288745.136772,
"스페이스X 장기 채권 급락…BBB 등급인데 수익률 정크본드 수준": 1784286941.945405,
"넷앱, 데이터펠라고 인수…AI 데이터 처리 기능 강화": 1784285729.2376437,
"유가 공급난 심화…아시아 정유업체 수익 기회 포착": 1784285236.1612465,
"호르무즈 해협 통행량 급감…미국-이란 교전 심화": 1784285192.4048858,
"유럽 MiCA 규제 등록 14개 사업자 추가…총 294개로 확대": 1784285139.4339013,
"미국, 페르시아만 심부에서 이란 관련 유조선 공습": 1784284344.8468852,
"미국, 블록체인 기반 토큰증권이 금융시스템 변화 주도": 1784284285.770129,
"메가ETH, 액셀러레이터 '메가 마피아' 운영 종료": 1784284248.430354,
"크립토닷컴, 시타델증권 4억 달러 투자로 200억 달러 기업가치 평가": 1784283334.8423834,
"인도 시티그룹 고객들, 루피 변동성 수익화로 전략 전환": 1784281613.8504727,
"유로존 6월 최종 인플레이션 2.8% 확정, 5월 3.2%에서 완화": 1784281568.7049415,
"미국, 암호화폐 투자자 2000만 달러 사기 혐의로 기소": 1784281535.6413743,
"맥OS 악성코드, 텔레그램 해킹해 암호화폐 지갑 노린다": 1784280644.7619402,
"에어비앤비 CEO 계정 해킹돼 토큰화 AI 게시물 올렸다": 1784279734.7541144,
"대만, 비트샤인 암호화폐 거래소 운영자 22년 징역 선고": 1784278871.4898422,
"에어비앤비 CEO 계정 해킹돼 RWA 홍보글 올라왔다가 삭제": 1784278825.7394397,
"이란 전쟁으로 중국 석유 수입 급락…회복 전망 불투명": 1784277968.12294,
"바이낸스, SPCXUSD1 무기한 선물계약 상장": 1784277935.4709427,
"쿠코인, 알리언 월즈(TLM) BSC 네트워크 입금 서비스 일시 중단": 1784277096.9879189,
"영국 경찰 사칭 암호화폐 사기 조직 투옥": 1784277045.2712195,
"일본, 스테이블코인 오프라인 결제로 확대…한국은 제도화 지연": 1784276141.3757122,
"바이낸스, 에어로드롬(AERO) 시드 태그로 상장": 1784274333.01212,
"창신메모리 98억 달러 IPO, 글로벌 투자자들 규제 우회 방안 모색": 1784272597.656332,
"이란 혁명수비대, 시리아 미군 지휘소 격타 주장": 1784272542.0602725,
"IEA, 중국 희토류 수출 제한 시 연 6.5조 달러 생산 차질 경고": 1784270526.6006851,
"일본 재무장관 가타야마, 금융정책 결정권은 BOJ에 있다고 재확인": 1784270470.874539,
"인도, 대중국 수입 대체 계획 추진…100개 이상 품목 포함": 1784268941.9586794,
"비트코인 '도그 모드' 클라이언트 등장…투표 없는 데이터 제한 우회 시도": 1784267182.047945,
"AI 전력난으로 핵융합 투자 급증…최근 12개월 44억8천만 달러 모금": 1784267142.8023314,
"아시아 항공사, AI 서버·반도체 수요로 화물 실적 개선": 1784266295.6768665,
"미 상원, FTX 창업자 SBF 사면 반대 결의안 만장일치 채택": 1784266250.4488537,
"트럼프, 뉴욕 AI 데이터센터 사업 일시중단 조치를 '악절인 결정'으로 비판": 1784265432.9974825,
"핀테크 기업 FIS, 앤트로픽과 'AI 보안' 협력…글로벌 금융 인프라 시장 확대": 1784265381.87675,
"정부, 1400조 국가자산에 디지털자산 포함 추진…징수·수사 과정의 가상자산 관리 제도화": 1784265345.1766367,
"이란 혁명수비대, 호르무즈 해협 봉쇄 지속 입장 재확인": 1784263607.1136696,
"일본 의회, 비트코인·암호화폐를 금융자산으로 재분류하는 법안 통과": 1784263549.840537,
"셰브론, 이라크 유전 개발 MOU 체결": 1784262683.4748678,
"미군, 이란 대상 6연야 공습 완료": 1784262646.744502,
"바이비트, NOBI 인수로 인도네시아 진출…아시아 최대 암호화폐 시장 확보": 1784262513.9423163,
"중동 긴장과 트럼프 발언으로 비트코인·아시아 증시 동반 급락": 1784262477.1343975,
"미 상원 클래리티 법안, 트럼프 암호화폐 이해충돌 문제로 또 지연": 1784260851.2485762,
"미국 증권결제가 블록체인으로 이전, DTCC 첫 실거래 완료": 1784259936.2880208,
"인도, 미·이란 긴장 고조에 디젤·항공유 수출세 인상…휘발유는 인하": 1784258190.2903762,
"미국 재무부, 이란 중앙은행 관련 가상자산 지갑 제재…테더 USDT 1.31억달러 동결": 1784258139.5786905,
"트럼프 미디어, 트루스 소셜 게시물 실시간 제공 유료 API 출시": 1784257292.4499724,
"오세훈 서울시장, 증시 변동성 심화에 금융시장 개혁 촉구": 1784257252.459488,
"트럼프 선거 주장, 9월 시진핑 회담 앞 미중 통상 협상 위험요소": 1784256376.2278156,
"폴리마켓 비트코인 예측시장서 가격 조작 의심…결제 직전 집중 거래 패턴": 1784256336.6927059,
"발라지 스리니바산, 네트워크스쿨 조사 후 말레이시아 협력 모색…환영받지 못하면 다른 국가 이전 시사": 1784255447.3365614,
"SK하이닉스, AI 수요 증가로 메모리 반도체 중장기 전망 우상향": 1784254536.493953,
"미국 CFTC, 트럼프 연설 담당 백악관 직원 예측시장 내부거래 조사": 1784253651.5822868,
"IPG포토닉스, 프랑스 의료레이저 기업 3억 유로에 인수": 1784250854.710819,
"트럼프미디어, 트루스소셜 게시물 실시간 제공 유료 API 서비스 출시": 1784250048.7720485,
"중동 지정학 리스크에 투자자 촉각…유가·스테이블코인 확장 화제": 1784249152.3178155,
"크립토닷컴, 시타델증권으로부터 4억달러 투자 유치…기업가치 200억달러 평가": 1784248244.733359,
"금 온스당 3,988달러, 은 55.73달러로 거래": 1784247340.4400337,
"오픈AI, 이동형 스크린 없는 스피커형 AI 기기 출시 준비": 1784244643.8128753,
"20년 장기 채권 강세 펀드 호이싱턴, 약세 전환…구조적 적자와 AI 차입 우려": 1784243868.698765,
"서클의 USDC, 기관 파생상품 담보로 확대…마렉스가 지원": 1784243826.9959223,
"비트마인 이머전, 이더리움 보유량 577만 개로 확대…전체 공급량의 4.8%": 1784243795.4483733,
"핀테크 기업 차임, 1분기에 상장 후 첫 흑자 달성…2억 달러 자사주 매입": 1784243741.0539992,
"삼성·SK하이닉스 레버리지 ETF에 7조 원 유입, 금융당국 규제 강화": 1784242850.4912522,
"폴리곤, 코인미·시퀀스 인수 후 대규모 감원 단행": 1784240137.069107,
"미·이란 긴장 고조, 달러 강세·금 2% 급락…한은 인상에 원화 강세": 1784239256.731344,
"트럼프, 이란 추가 군사 행동 위협": 1784238338.4896736,
"미 달러 1개월 최저 근처 유지, 유가 리스크 계속": 1784236668.865341,
"후티 지도자, 사우디 에스컬레이션 시 유전시설 위협": 1784236608.8397896,
"AI 음악 플랫폼 수노, 유출 소스코드서 저작권 음악 무단 학습 적발": 1784236551.220228,
"트럼프 테레프롬프터 담당자, 칼시 시장서 1억원대 수익…비공개 정보 활용 의혹": 1784235655.7690735,
"미국 소매판매, 예상 부합하나 기술주 동반 하락": 1784234310.3097796,
"1inch 공동창립자 안톤 부코프 회사 해임 발표, 신규 벤처 준비": 1784233848.4820585,
"미·이란 긴장 고조에도 국제유가 일시 하락": 1784232051.0721366,
"인젝티브, SEC 이전에이전트 등록 신청…토큰화 증권 소유권 기록 온체인 관리": 1784231136.7906384,
"미 달러스 연방준비은행 총재 \"기준금리 추가 인상 필요\"": 1784230246.9548044
}