{
"호르무즈 해협 유조선 통과량 증가": 1782145876.2862837,
"달러엔화, 2024년 고점 테스트 후 반락": 1782144946.5338526,
"우리은행, 신용대출 한도 축소 및 비대면 접수 관리 강화": 1782144055.3543746,
"ICE와 OKX, 합작회사 설립해 미국 내 토큰화 주식 접근성 확대": 1782143997.6421363,
"이더리움 레이어2 타이코, 보안 위반으로 170만 달러 손실…사용자 자금 인출 경고": 1782143189.2585776,
"스트래티지, 비트코인 520개 추가 매입…3940만 달러": 1782143143.8463871,
"톰 리 비트마인, 이더리움 9,200만 달러 추가 매수…공급량 4.7% 확보": 1782142253.9074626,
"암호화폐 은행 앵커리지, 토큰화 입금 플랫폼으로 금융기관 온체인 진입 지원": 1782141554.818384,
"비트코인 헤지펀드 스트라이브, 보유량 2만 BTC 근처 도달하며 주가 10% 상승": 1782141497.8944361,
"미 연준 이사 \"스테이블코인, 달러 국제 영향력 강화\"": 1782141453.677507,
"국내 카드론 잔액 43조 원 초과, 은행 대출 규제로 제2금융권 쏠림": 1782141392.8311288,
"미국 암호화폐 업계 단체, 채굴·스테이킹 세금 법안 통과 촉구": 1782141353.9370646,
"영란은행, 스테이블코인 규제 초안 공개…개인 보유 제한 폐지": 1782140461.5829911,
"유로존 6월 소비자신뢰지수 예상치 상회, -17.7 기록": 1782139655.293684,
"국고채 금리 전 구간 상승, 환율 급등과 물가 우려 겹쳐": 1782139606.0420432,
"금감원, 삼성전자·SK하이닉스 단일종목 레버리지 ETF 규제 강화 추진": 1782139550.277705,
"미국, 이란 원유 판매 관련 일반 라이선스 발급": 1782138715.601876,
"SK하이닉스, 25년 만에 삼성전자 제치고 코스피 시가총액 1위 달성": 1782138661.4020286,
"엔소, 500개 이상의 토큰화 자산과 미국 주식 거래 개시": 1782137753.1902723,
"마이클 세일러 스트래티지, 비트코인 520개 추가 매입…USD 리저브 1.4조 달러": 1782136958.822954,
"소셜트레이딩 앱 포모, 7,500만 달러 시리즈 B 투자 유치": 1782136918.211504,
"송금업체 MoneyGram, 솔라나 검증자 참여…블록체인 결제 확대": 1782136859.8077924,
"SpaceX, 채권 발행 공시…현금 자산 1008억 달러 보유": 1782136035.7852008,
"앨런 그린스펀 전 연방준비제도 의장 별세": 1782135990.5488183,
"OKX와 NYSE, 전통금융·암호화폐 시장 연결 합작회사 설립": 1782135948.2298458,
"캐나다 5월 CPI 예상 초과, USD/CAD 1.4152까지 하락": 1782134226.0861785,
"에릭 스프로트, 골든 스파이크 지분 15%에서 13%로 감소": 1782134183.1294153,
"비트마인, 이더리움 52,203개 추가 매수…공급량 4.7% 확보": 1782134145.3266497,
"암호화폐 거래 앱 포모, 5억5000만 달러 기업가치로 7500만 달러 투자 유치": 1782133303.9907768,
"비트코인 채굴 네트워크, 가격 변동에 더욱 민감해지는 추세": 1782133258.3688521,
"바이낸스 현물 거래량 중 유로화 비중 1% 수준…MiCA 7월 1일 기한 앞두고 불확실성": 1782132489.6655052,
"송금 서비스 업체, 솔라나 검증자 운영 시작…블록체인 결제 전략 확대": 1782132440.173308,
"비트코인 대규모 보유 기업, 방탄 차량·지하 벙커 등 물리적 보안에 수억 원대 투자": 1782132381.3194814,
"기업, 지난주 비트코인 3,500만 달러 매입·현금준비금 3억 달러 확충": 1782132350.2751162,
"파워뱅크, 1GW 파이프라인 기반 AI 데이터센터 전력 사업 확대": 1782130686.257504,
"베일리기포드, 이더리움·솔라나 기반 토큰화 채권 펀드 출시": 1782130645.3720355,
"코스피 9,000 돌파 후 신용거래융자 사상 최대 기록": 1782130598.5276911,
"리플, 캘리포니아 DFAL 라이선스 신청 현황 불명확": 1782130550.7634058,
"CRH, 아르코사를 85억 달러에 인수": 1782129656.5282562,
"미국 국무장관, 이란 협상 진전 발표…호르무즈 해협 개방 메커니즘 구축": 1782128741.6125977,
"달러 강세 5월 2025년 이후 최고, 비트코인 6만4000달러 근처 움직임": 1782127064.596483,
"반도체 매집 포지션 역대 최다 기록, 글로벌 경기 낙관론 계속": 1782127006.5660288,
"Q2 2026 암호화폐 해킹 사상 최다, 8,300만 달러 도난": 1782126948.3527403,
"발벡 캐피털, 영국 부동산 대부업체 펀딩365 인수": 1782126211.8258197,
"ECARX, 플라이미 소프트웨어 사업 전체 인수": 1782126179.9407923,
"MEV 봇 해킹·폴리마켓 조작·영국 스테이블코인 규제 완화 겹쳐": 1782126122.6328745,
"폴리마켓 조작 의혹, 190만 달러 규모 가짜 베팅 적발": 1782126081.172224,
"미국과 이란 고위급 협상 성공적 종료": 1782124267.7895355,
"미국 상원, 로만 스톰 판결 이후 CLARITY 법안 604조로 디파이 규제 방향 결정": 1782123399.7421737,
"한국은행, CBDC 입금토큰 실물 경제 적용 테스트 2단계 진입": 1782123359.5068076,
"영국 중앙은행, 스테이블코인 규제 완화…400억 파운드 한도 설정": 1782122507.1319625,
"이더리움 스테이킹 보상 일부 에코시스템 펀딩으로 할당 제안 논란": 1782122452.561027,
"카타르 LNG 시설 재가동 중 폭발, 다수 부상·실종자 발생": 1782121782.1966739,
"이란 원유 공급 증가 기대, 항공사 연료비 절감으로 이어질 수 있어": 1782121725.6822302,
"펏지펭귄 NFT, 미국 타겟 전국 매장에서 실물 트레이딩 카드 게임 출시": 1782121689.2124357,
"토큰화 자산 시장 340억 달러로 팽창, RWA 기반 2년간 10배 성장": 1782121655.4191751,
"타이코 이더리움 레이어2, 브릿지 증명 위조 공격으로 170만 달러 손실": 1782121606.3424175,
"미·이란 협상 진전으로 유가 하락, 브렌트유 배럴당 79달러대": 1782121567.2314026,
"타이코 이더리움 레이어2 네트워크, 브릿지 익스플로잇으로 중단…170만 달러 피탈": 1782120670.4397035,
"영국 스타머 총리, 사임 의사 표현": 1782119851.7929583,
"한국 금융정보분석원, FATF 회의에서 소액 암호화폐 송금 보고 규제 확대 촉구": 1782119795.149251,
"금감원, 금융지주 지배구조 개선안 7월 3일 이전 발표": 1782119747.2935183,
"뮤직카우, K-팝 저작권 RWA 글로벌 유동화 추진": 1782118003.7437427,
"네사, 고려대학교와 프라이버시 AI 공동연구 체결": 1782117966.4408414,
"바이낸스 선물, 트래디파이 현물마진 계약 상장 예정": 1782117094.4892564,
"금감원, 지자체 대부업 감독 강화 요청": 1782117050.5661988,
"고팍스, 상장 코인 1년 내 상폐 반복…심사 투명성 논란": 1782116155.5709543,
"미국 클래리티 법안, 다음 달 말 상원에서 본격 검토 예상": 1782115307.610733,
"SK하이닉스, 삼성전자 제치고 코스피 시가총액 1위 달성": 1782115259.0545938,
"비트코인 6만4000달러 근처에서 박스권, 현물 ETF 6주 연속 순유출": 1782114365.0233543,
"비트코인 개발자들, RBF 기능 개선 추진": 1782113465.2857025,
"이란, 호르무즈 해협 유조선 수송 최고치 기록": 1782112698.9929588,
"미국 비트코인 현물 ETF, 지난주 2억2700만달러 순유출": 1782112666.631405,
"금융감독원장, 단일종목 레버리지 ETF 과열에 강한 우려 표시": 1782112607.2352471,
"비트겟, 암호화폐로 미국 주식 직접 매입 가능하도록 서비스 출시": 1782112564.462682,
"한국 토스뱅크, 솔라나에서 블록체인 기반 송금·결제 시스템 테스트": 1782110743.61299,
"타이코 브릿지 익스플로잇으로 170만 달러 피탈, 사용자 출금 호소": 1782109983.9175267,
"모건스탠리 이더리움·솔라나 ETF 수수료 0.14%로 인하, 업계 최저 수준": 1782109943.840646,
"이더리움 검증자, 스테이킹 보상 최대 10% 에코시스템 펀딩으로 할당 제안": 1782109906.9539015,
"비트코인 RBF 기능 제거 추진, 프라이버시 우려로": 1782109854.2440755
}