{
"크렘린, 미국과 우크라이나 관련 협상 재개 가능성 시사": 1782308848.9070387,
"퀄컴, AI 스타트업 모듈러 인수…데이터센터 소프트웨어 스택 강화": 1782308788.230793,
"크라켄 인큐베이팅 'Ink', 옵티미즘 OP 엔터프라이즈로 인프라 전환": 1782308746.9585462,
"쿠코인, 완체인(WAN) 입출금 서비스 일시 중단": 1782307902.3650923,
"바이낸스, 그리스 규제 신청 실패 시 EU 내 다른 국가 라이선스 추진": 1782307853.2640684,
"미국 1분기 경상수지 적자 226.8억달러…예상치 상회": 1782307041.954866,
"스탠덱스, 매출 8% 성장·247분기 연속 배당": 1782307005.3174736,
"일본 신탁은행 첫 엔화 스테이블코인 출시…거래 한도 해제": 1782306948.597815,
"카르다노 지갑 세컨드파이, 주소 수준 결함으로 해킹 원인 특정": 1782306146.846061,
"허드베이, 애리조나 소노란 인수 완료…북미 3위 규모 구리광산 지구 조성": 1782306102.7920141,
"블랙레이크·누바랩스, 프로비넌스 블록체인에서 2500만 달러 모기지론 토큰화": 1782306061.1677356,
"미 재무장관 베센트, 올해 말까지 GDP 성장률 3% 달성 가능하다고 전망": 1782305142.015326,
"한화, 한화솔루션 증자 자금 마련 위해 분당 연구소 2878억원에 매각": 1782304249.0760012,
"쿠코인 선물거래소, NESUSDT 무기한선물 상장": 1782303549.309449,
"EU 항공국, 이란 협상 후에도 영공 회피 권고": 1782303504.2822723,
"트럼프, 이란에 자금 미지급 재확인…호르무즈 통행료 없다": 1782303457.2605991,
"CBOE, S&P 500 연계 예측시장 신규 출시": 1782303398.2605221,
"코스피200 변동성지수 사상 최고치 근접": 1782303350.9001896,
"CBOE, S&P 500 바이너리 옵션 재개…예측시장 경쟁 강화": 1782302707.5067654,
"카스피, 터키 라보은행 인수 규제승인 획득": 1782302654.8737655,
"ROC, 주커로 테크니컬 컨설팅 인수…디지털 포렌식 역량 강화": 1782302594.198084,
"크립토퀀트, 스트래티지의 배당 리스크 경고…현금 보유금 38% 급감": 1782302556.4249837,
"美 법무부, 암호화폐 세탁과 연루된 후이온 인프라 압수": 1782302502.8029594,
"코스피 10% 급락에 개인 투자자 400억 강제 처분": 1782302458.3541586,
"이란 은행 3곳, 카드 기반 뱅킹 시스템 사이버 공격으로 피해": 1782301638.9459448,
"IAEA 사무총장, 이란 핵 사찰 계속 진행…절차 논의 중": 1782301588.9669433,
"메타 전 CTO 슈로퍼, AI 전력난에 베팅…2억5천만 달러 펀드 조성": 1782301541.914089,
"스탠더드차터드, 토큰화자산 유입으로 에이브 성장 전망": 1782300644.5144792,
"쿠코인, 울티마(ULTIMA) 토큰 BSC→울티마 메인넷 마이그레이션 지원": 1782299886.8615036,
"카타르, 액화천연가스 정상 생산 '수주일 내' 재개": 1782299853.0240571,
"우드 맥킨지, 랜드게이트 인수…1억5천만 필지 토지 데이터 확보": 1782299796.4526613,
"암호화폐 시장, 규제 개입 단계 진입…산업화 전환 본격화": 1782299744.584866,
"YZi Labs, BNB 재정관리사 CEA Industries와 분쟁 종료": 1782298906.5666332,
"이더리움 재단 구조조정, 54명 감원 및 예산 40% 축소": 1782298858.189156,
"NATO 사무총장 루테, 트럼프와 면담으로 7월 정상회담 앞 긴장 완화 추진": 1782298115.237729,
"스트래티지 MSTR, 닷컴 버블 패턴 반복 시 80% 하락 가능성 제시": 1782298060.6558642,
"카르다노 생태계 DeFi 프로젝트 세컨드파이 해킹, 최대 2000만달러 피해 추정": 1782298006.861914,
"미 상원 민주당, 트럼프 암호화폐사업 UAE 5억달러 투자 관련 청문회 요구": 1782297947.9252732,
"SK하이닉스, 7월 10일 나스닥 상장 추진…최대 45조 규모 ADR 발행": 1782296984.7445252,
"오만, 호르무즈 해협 임시 해상로 개설…통행료 부과 안 함": 1782296232.659529,
"비트코인 룬 프로토콜 활동 급증, 거래 수량과 수수료 2년 최고치 경신": 1782296193.4536774,
"스트래티지, 연 15억 달러 우선주 배당으로 비트코인 매각 압박 심화": 1782296143.7757785,
"프롤로지스, 164억 달러 인수 제안 거절…세그로 주가 상승": 1782295255.933787,
"이스라엘, 해마스·이슬람지하드 자금조달 네트워크 연루 인물 2명 제거": 1782294379.6769035,
"SBI그룹, 일본 최초 신탁은행 기반 스테이블코인 JPYSC 출시": 1782294341.8857803,
"한국, 토큰증권을 자본시장 현대화 계획에 포함": 1782292587.378528,
"미 법집행 기관, 클래리티법이 암호화폐 범죄 수사 방해할 수 있다고 경고": 1782292539.5056503,
"독일 6월 경기심사지수 예상치 부합, 강세 지속": 1782290801.2510269,
"마크 큐반·댈러스 매버릭스, 보이저 소송 항소심 진행": 1782290745.1649787,
"슈퍼폼, 플레어 네트워크에서 'bizFXRP' 수익 상품 출시": 1782289848.2864316,
"블랙록, 포트폴리오 내 비트코인 적정 비중 1~2% 제시": 1782289022.5539987,
"RWA 시장 급성장, 실물자산 토큰화 추세 확산": 1782288978.360003,
"크립토퀀트, 스트래티지의 비트코인 매수 중단 촉구": 1782288944.237775,
"쿠코인 선물거래소, CRWDUSDT 주식지수 무기한선물 상장폐지 예정": 1782288090.534247,
"금융정보분석원, 미신고 가상자산 사업자 경고…소셜미디어 채널 통한 불법 영업 증가": 1782288058.1274385,
"쿠코인 선물거래소, 주식지수 무기한선물 여러 종목 신규 상장": 1782287196.3854458,
"크라켄 인프라 제공업체 오픈페이드, 유럽 MiCA 라이선스 획득": 1782287139.0146875,
"미 상원, 트럼프 가족 암호화폐 사업과 아부다비 투자 연계 청문회 촉구": 1782286248.3496127,
"미 상원, 암호화폐 세금 입법 프레임워크 올가을 공개 가능성": 1782285341.0782769,
"MSCI, 기후 리스크 분석 기업 First Street 인수": 1782284466.2409227,
"미 하원, 2030년까지 CBDC 금지 법안 통과…트럼프 서명만 남음": 1782282645.9412553,
"루비오 미 국무장관, 중동 순방 시작…이란 문제 협의": 1782281797.0563984,
"미 가톨릭 지도자·법 집행 기관, 암호화폐 클래리티법 반발": 1782281739.479837,
"게티 이미지, OpenAI와 계약 체결…주가 145% 급등": 1782279941.4464025,
"한국은행, 부실대출 급증 진단…중소기업·서비스업 중심 금융안정 위험": 1782279045.8691533,
"미 CFTC, 켄터키주 상대 소송… “연방 규제 예측시장에 주정부 개입 안 돼”": 1782278274.4871602,
"외국인 투자자, 올해 국고채 175억달러 순매수…주식은 지속 매도": 1782278242.5893457,
"큐엑소, 탑빌드를 170억달러에 인수": 1782278191.0810924,
"아이콘, 올해 안에 네트워크 가동 중단…소닥스로 전환": 1782278141.8403578,
"트럼프 대통령, 석유회사의 과도한 휘발유 가격 인상에 사법부 조사 지시": 1782276395.972326,
"카르다노, '레이오스' 테스트넷 6월 23일 가동…처리량 최대 65배 확장 목표": 1782276338.1276023,
"미 상원 민주당, 트럼프 가족 암호화폐 거래 청문회 촉구": 1782275552.8763938,
"암호화폐 채용 시장 위축 지속, 컴플라이언스 직무만 증가": 1782275496.9919765,
"한국은행, 금리 인상이 중장기적 금융안정 요인": 1782275448.332286,
"유럽연합 및 독일·네덜란드·그리스, 미국 AI 공급망 협의체 '팍스 실리카' 합류": 1782272771.4952884,
"BNB 재정관리사 CEA Industries, YZi Labs와 분쟁 종료…이사진에 Zhang 입성": 1782272738.517131,
"스타크웨어, 개인정보 유출 방지하는 '프라이빗 KYC' 도입": 1782271844.1293242,
"암호화폐 정치활동위원회, 미 의회 친암호화폐 후보 지원으로 메릴랜드 승리": 1782271047.1912935,
"금융당국, 은행의 중소기업 지원 평가 제도 시범 시작": 1782270998.024528,
"S&P500 재편…허니웰 에어로스페이스 편입, 자누스헨더슨 대형 인수 거래": 1782270946.3133836
}