{
"솔라나, 우선 수수료 규격 업데이트…검증인 보상·소각 구조 개편": 1783935994.5844812,
"미 상원, 클래리티 법안 수정안 이번 주 공개…은행·농업위 통합 버전": 1783935937.2211049,
"코인베이스, 렌더(RNDR) 지원 추가": 1783935056.0938792,
"중동 분쟁으로 유가 급등…주식시장 동반 하락": 1783934295.0443516,
"일본 로손, 엔 스테이블코인 결제 시범 운영…네츠타즈 USDC·USDT·JPYC 상인 서비스 출범": 1783934253.0711162,
"코스피 서킷브레이커 발동 후 6,880까지 급락…증권가 과열 조정으로 해석": 1783934215.512473,
"바이오아틱·에자이, 알츠하이머 신약 레켐비 104% 동등성 입증…릴리와 협력 강화": 1783934174.0823097,
"미국, 이란 공습 단행…호르무즈 해협 긴장 고조에도 비트코인 6만3천달러 유지": 1783934141.4284925,
"반에크, 이더리움 ETF 수수료 면제 추가…초기 자금 확보 경쟁": 1783933345.7406387,
"비트코인 BIP-110 채굴자 지지 1% 미만…시장 거부 확실": 1783933295.2676437,
"리플 CEO, SEC 소송 당시 폐업까지 검토했다 공개": 1783933263.6454227,
"비탈릭, 이더리움 싱글 슬롯 파이널리티 제안…결제 속도 개선 논의 재개": 1783932427.5118573,
"바이낸스 비트코인 지급준비율 사상 최저…스테이블코인 대비 극단적 불균형": 1783932394.2900298,
"헤데라 기반 렌드, 오라클 취약점 공격으로 905만 달러 손실": 1783932341.552587,
"SEC, 폴 나이트를 최고운영책임자로 임명…가상자산 감독 기반 강화": 1783931509.6462126,
"암호화폐 IPO 시장 급격히 위축…AI·기술주로 자금 이동": 1783931458.09521,
"이란, 페르시아만 미군기지 공격 escalate…해협 긴장 재고조": 1783930665.8968937,
"이란, 미국 약속 이행 없으면 협약 불이행 재확인": 1783930626.369469,
"바이낸스, 토큰화 증권 SK하이닉스(SKHYB) 현물 상장": 1783930595.4442506,
"크라켄, 모바일 앱에 AI 투자도구 통합": 1783930542.2658322,
"폴리마켓·칼시 등 예측 시장, 도박판으로 변질 중": 1783929740.5586412,
"미 민주당, 트럼프 암호화폐 이해충돌 청문회 요구": 1783929708.852467,
"영국 FCA·영란은행, 스테이블코인 규제 완화": 1783929666.3251705,
"HDFC 은행, 운영 자동화로 직원 3,300명 이상 감축…3월말 기준 21만1천명": 1783928944.1376202,
"일본 재무장관, 일본 금융자산에 대한 GPIF 투자 확대 유도 방침 재확인": 1783928891.3038082,
"코스피 6.65% 급락해 6,978로 7,000선 이하 추락…반도체 매도에 외국인·기관 동반": 1783928845.5152602,
"엠퍼리 디지털, 비트코인 1,400개 매각…8,710만 달러 확보해 AI 데이터센터 자금화": 1783928794.6909015,
"a16z crypto, 암호화폐 평가 기준 변화 진단…백서·비전보다 실제 제품·이용자 검증 중시": 1783928748.593642,
"레저 연구팀, 탱젬 하드웨어 지갑에서 레이저 공격으로 비밀번호 우회 가능한 취약점 발견": 1783927976.1046913,
"일본 SBI그룹, JPYSC 스테이블코인 대출 서비스 이달 중 출범 예정": 1783927937.1298656,
"이더리움 재단, AI 보안점검 결과 '가짜 버그' 제거가 실제 취약점 찾기보다 어려워": 1783927897.338883,
"MEXC, 6월 전통금융 선물 거래량 261% 증가…SPCX 선물 145배 급등": 1783927856.7054956,
"쿠코인 선물, READY 영구선물 신규 상장…최대 8배 레버리지": 1783927138.3250027,
"쿠코인 선물, SKHY 현물주식 지수 영구선물 상장": 1783927086.338594,
"로빈후드 체인 출범 직후 스캠·피싱 피해 속출": 1783927028.8848574,
"이란 혁명수비대, 요르단 미군 기지 미사일·드론 공격 주장…브렌트유 4.5% 급등": 1783926994.7110324,
"메타, 스테이블코인 중심 에이전트 기반 상거래 가속": 1783926943.398046,
"뉴햄프셔주, 비트코인 담보 채권 발행안 부결": 1783926119.3202465,
"미 의회, 주택법안에 CBDC 금지 조항 포함…연준 디지털달러 4년 제동": 1783926060.3565729,
"인도, 미국 통상 협상에서 더 나은 조건 요구": 1783925360.8286664,
"인도 주가 하락, 유가 상승으로 인한 중동 정세 악화": 1783925313.4645338,
"유럽 제트유 재고 한 달치 미만…이란 긴장 심화": 1783925254.6673596,
"백팩 거래소, 토큰화 미국 주식 24시간 거래 개시": 1783925202.4185748,
"현대차, 아발란체 블록체인으로 국제 송금 운영 단계 진입": 1783925145.622898,
"서클, 미국 국가 신탁은행 설립 최종 승인 획득": 1783924300.6978438,
"AI 에이전트 간 분쟁 해결 위한 '인터넷 법원' 출범": 1783924253.6757288,
"호르무즈 해협 긴장 재고조, 미·이란 군사 갈등 지속": 1783923386.8459256,
"일본 거대 연기금 자산 재편 추진, 글로벌 유동성 경색 우려": 1783923336.2021694,
"미국 암호화폐 시장법 'CLARITY Act' 상원 표결 표류": 1783922456.95169,
"USDT는 결제·USDC는 디파이…스테이블코인 판도 구분화": 1783921639.8839908,
"폴리마켓, 미국 마진 거래 추진…NFA에 선물중개업자 라이선스 신청": 1783921583.7473829,
"스타테일, 온체인 금융 인프라 'OFK'와 결제 카드 공개": 1783921540.8066971,
"리플, 매달 10억 XRP 에스크로 해제…시장 신호 아닌 표준 운영": 1783920729.3230197,
"메타플래닛, 비트코인 담보 신용상품 연구…일본에서 토큰화 금융 시장 개척": 1783920695.2191648,
"AI 마이크로비즈니스, 스테이블코인으로 2033년까지 2,620억 달러 거래량 창출 예상": 1783920662.4724932,
"중국 전기차 평균 도로 운행 기간 1.8년, 휴대폰보다 짧아": 1783919830.9295962,
"미·이란 갈등 주말 중 계속…이번 주도 시장 변동성 요인 유지": 1783919793.1729186,
"리플 스테이블코인, XRP 레저에서 이더리움 유통량 첫 추월": 1783919742.4302375,
"태국 중앙은행, 테더 등 스테이블코인과 불법자금 추적 강화": 1783919017.0814083,
"메타 경영진, 6개월간 1억3000만달러 규모 자사주 매각": 1783918957.6047485,
"SK하이닉스, 나스닥 미국주식예탁증서 상장 첫날 두 자릿수 상승": 1783918917.9280717,
"서클, 미국 국가 신탁은행 인가 획득": 1783918863.5887933,
"코스피 급락에 매도 사이드카 발동": 1783917934.9067266,
"일본 로손 편의점, JPYC 스테이블코인 결제 시범 운영": 1783915257.107162,
"쿠코인, 헤데라 해시그래프(HBAR) 입금 서비스 임시 중단": 1783914692.4334388,
"일본 3대 메가뱅크, 블록체인으로 금융 결제·정산 구조 개편 추진": 1783913449.9684067,
"미 연준 일부 인사, 7월 회의에서 금리 인상 논의 가능성 제기": 1783912569.542312,
"호반그룹, 호주 전력망·데이터센터 투자 협력 확대": 1783912538.5817366,
"닛폰페인트, 악조노벨 장식용 페인트 사업부 인수 제안": 1783911660.305048,
"카카오페이증권, 투자매매업 인가 확보…종합 증권사로 도약": 1783910734.2334793,
"일본 정부·여당, Web3 산업 육성 강조…규제 정비와 스타트업 지원 확대": 1783909851.071469,
"미·이란 갈등 속 유가 상승에도 월가는 AI 투자 사이클 주목": 1783908938.1068223,
"방글라데시, 첫 원전 건설로 전력 15% 공급 목표": 1783908058.046502,
"코스피 77% 급등했으나 PER 2008년 금융위기 수준으로 급락": 1783907253.3933282,
"캐리 트레이드 부활…골드만삭스 '20년 만의 최적 환경' 평가": 1783907201.4163878,
"미·이란 호르무즈 해협 긴장 고조, 주간 미국 CPI 발표 임박": 1783907141.6013422,
"유가, 미국-이란 군사 갈등 심화로 3% 상승": 1783903625.751435,
"삼성증권, 카카오 목표주가 6만원에서 4만4천원으로 하향": 1783903576.935222,
"LG전자, 엔비디아 AI 플랫폼 '베라 루빈' 맞춤 서버 랙 개발 완료": 1783903541.0815148,
"SK하이닉스, 나스닥 ADR 상장 성공도 국내 장 초반 3.81% 하락": 1783902653.3383572
}