{
"미국 6월 CPI 예상 하회로 달러 약세…인플레이션 진행 방향 긍정 평가": 1784036909.2339697,
"OpenAI, ChatGPT에 칼시 월드컵 예측시장 배당…예측시장 플랫폼과 첫 제휴": 1784036849.8127692,
"오픈 USD 출범으로 서클 주가 17% 급락…스테이블코인 수익 구조 변화": 1784036797.9678564,
"에버노스, 나스닥 상장 진전…SEC에 S-4 수정 신고서 제출": 1784036755.420132,
"휴머니티 프로토콜, 3,600만 달러 해킹 후 운영 보안 강화": 1784035860.383187,
"이란의 UAE 유조선 공격으로 중동산 유가 상승": 1784034939.0846047,
"Cap Labs, cUSD 보상 1,200만달러에서 420만달러로 축소…투자자 신뢰 하락": 1784034190.8640375,
"원/달러 환율 10원 하락해 1,493원…수출업체 달러 매도와 외국자금 유입": 1784034157.7265165,
"헛8, 벤치마크의 목표주가 165달러로 상향 조정…AI 인프라 전환 평가": 1784034107.475221,
"분산 컴퓨팅 스타트업 바운들리스, ZK 증명 넘어 AI 컴퓨팅 사업 확장": 1784034063.3235471,
"미국 6월 CPI 예상 크게 하회, 금리 인상 압력 완화": 1784033138.0488827,
"클린스파크, 조지아주에 66억 달러 규모 20년 데이터센터 임차": 1784032257.7509155,
"일본 JCB, 서클과 스테이블코인 결제 공동 연구 추진": 1784031373.8784833,
"유럽중앙은행, 디지털 유로 파일럿에 도이치방크·레볼루트 등 선정": 1784031341.6371164,
"미국 은행권, CLARITY Act 스테이블코인 이자 조항 재검토 요청": 1784030285.8722656,
"리플, 영국 재무부 토큰화 태스크포스 합류": 1784029644.553906,
"AI 열풍 속 사이버보안 투자 상반기 106억달러 유치": 1784029598.298508,
"한국 단일종목 레버리지 ETF 거래 급증으로 코스피 변동성 확대": 1784029538.5808861,
"유럽중앙은행, 디지털 유로 베타 테스트에 36개 결제 서비스 선정": 1784028822.1086838,
"10년 이상 움직이지 않은 비트코인 354만개 기록, 희소성 강화": 1784028762.3420374,
"미·이란 긴장 고조로 유가·비트코인 변동성 확대, CPI가 분기점": 1784028708.7265303,
"파이 네트워크 PI 토큰 사상 최저가 경신, 상장 이후 97% 폭락": 1784028664.4419034,
"월스트리트 선물 혼조, CPI·은행 실적·미·이란 긴장 주시": 1784027900.7168844,
"개인투자자 'AI 병목 론자들', SK하이닉스 옵션 거래 기대": 1784027868.5574958,
"비트코인 BIP-110 논의, 검열과 탈중앙화 논쟁 재점화": 1784027824.6254294,
"미 정부, 압수 암호화폐 2억8800만 달러를 코인베이스 프라임으로 이전": 1784027785.6561213,
"미·이란 긴장 고조로 유가 상승, 비트코인·주식 영향": 1784027746.7769842,
"장기 보유자들 비트코인 신규 구매층으로 이전…차세대 로테이션 진행": 1784026965.9243872,
"바이낸스 고객 비트코인 잔고 64만 BTC 돌파…3개월 연속 증가": 1784026927.840162,
"영국 HMRC, 암호화폐 대여·유동성공급풀에 '무이득·무손실' 세제 적용": 1784026893.883186,
"예측시장 월간 거래량 50억 달러 돌파…2026 월드컵 첫 달 신기록": 1784026860.1779838,
"미국 6월 소기업 낙관지수 97.4…예상치 상회": 1784025989.1723878,
"AI 해킹 '대재앙' 예측은 허구…DeFi 해킹액 감소 추세": 1784025943.9867842,
"OKX, AERGO 코인 마이그레이션 지원": 1784024221.939569,
"개인 비트코인 채굴자, 저가 장비로 20만 달러 블록보상 획득": 1784024187.8570075,
"로빈후드 체인, 출시 2주 만에 DEX 거래량 3위 기록": 1784024138.007941,
"쿠코인, 커인 129개 상장 해제": 1784023261.7732897,
"미 클래리티 법안, 상원 표결 앞두고 법 집행기관 조건부 지지 확보": 1784021451.1311822,
"USD.AI, 큐뮬러스AI에 1500만달러 대출…엔비디아 B300 GPU 272대 도입 지원": 1784020536.890122,
"한국, 2027년 토큰화 정부채권 CBDC 연계 시범 추진": 1784019696.0441804,
"한국, 토큰화 정부채권 연계 CBDC 사업 추진": 1784019661.7634172,
"글로벌 반도체 롱 포지션 기록적 혼잡…투자자들, 경제 '소프트랜딩' 전망": 1784018426.3915997,
"정부, 환율 안정화 진행 중…반도체·중공업 기업들 선물환 매도 확대": 1784018370.0219283,
"미국 은행권, 스테이블코인이 은행 예금을 대체할 수 있다며 CLARITY Act 강화 촉구": 1784018329.169045,
"이란, 요르단 미군기지 공격했다고 발표…미군 5시간 교전 종료": 1784017004.5131288,
"솔레이어, LAYER 토큰 스테이킹 서비스 출시 임박": 1784016947.6338127,
"리튬 채굴업체 Li-FT Power, 퀘벡주 르나드 광산 인수 옵션 획득": 1784016060.8729384,
"중국 6월 석유 수입 10년 만에 최저 수준": 1784015230.690031,
"코스닥 5% 급락에 매도 사이드카 발동": 1784015193.2429478,
"국내 블록체인 기업 23곳, 베를린 ICT 전시회서 유럽 진출 성과": 1784015142.304881,
"미 정부, 압수한 비트코인·이더 2억8800만달러를 코인베이스 프라임으로 이전": 1784014252.0780852,
"정부, 2026년 하반기 경제정책방향 발표…자본시장·부동산금융 개편": 1784012458.466931,
"미국, 이란에 대한 최근 공습 단계 완료 발표": 1784011633.6446407,
"독일 6월 도매물가지수 -0.7% 월비 하락, 연비 상승세는 둔화": 1784011590.325884,
"파이네트워크 PI 코인 97% 폭락, 월간 1억개 이상 토큰 해제에 매도 압력": 1784011542.9372604,
"미 CLARITY Act, 법 집행기관 지지 확대…상원 처리 압박 가중": 1784010665.6653285,
"정부, 올해 성장률 전망 3.0%로 상향…반도체 호황 반영": 1784010622.284573,
"트럼프, 호르무즈 해협 관련 이란 능력 공격 발표": 1784009733.3984041,
"엘앤에프 리튬값 하락으로 장중 9.67% 급락": 1784008901.950409,
"올해 상반기 정보통신기술 수출 253억8600만 달러 기록": 1784008858.4895859,
"금값 2주 저점에서 회복, 미국 인플레이션 지표 대기": 1784007974.369482,
"예측시장 거래량 사상 최대 108억달러 기록": 1784007937.198376,
"정부, 올해 하반기 디지털자산기본법 입법 추진…스테이블코인 규제체계 구축": 1784007054.2976072,
"코인베이스, 스마트 월렛 검증 기능 강화해 멀티체인 진입장벽 완화": 1784006192.5451784,
"리플, 7월 17일 CLARITY Act 청문회 앞두고 규제 변수 주목": 1784006140.1086535,
"멘틀, 슈퍼 포털 브리지를 체인링크 CCIP로 이관": 1784005269.7617543,
"XRP ETF에 기관자금 유입하나 XRP 가격은 60% 급락": 1784004452.8698425,
"백악관 암호자산 고문 patrick Witt, 군사 훈련 입대": 1784004413.8238485,
"메모리 반도체, 가격 둔화 속에서도 장기 수익성 기대감": 1784004380.5969102,
"솔로 비트코인 채굴자, 150달러 장비로 20만 달러 수익": 1784004343.6219227,
"SBI펀드 IPO 앵커북 20배 청약, 캐피탈그룹·블랙록·골드만삭스·아부다비펀드 등 참여": 1784003492.8809648,
"원/달러 환율 1489.8원으로 두 달 만에 최저치 경신": 1784003453.6169658,
"FDA, 바이오젠 알츠하이머 치료제 피하주사 제형 승인": 1784002541.7729607,
"중국 6월 무역데이터 예상 크게 상회, AI 수요 급증이 주효": 1784000781.3490322,
"미 정부, 압수 비트코인·이더 2억9700만달러를 코인베이스 프라임으로 이전": 1784000736.1937842,
"크라켄, 아비트럼 네트워크에서 USDT·USDC 지원 개시": 1783999853.444298,
"중국 6월 수출 27% 증가, 예상치 초과": 1783998983.7377582,
"리드 스미스, MiCA 규제 준수 자동화 플랫폼 아쿠아리우스 출시": 1783998945.2620773,
"쿠코인, BIO 프로젝트 토큰 언리스팅 예정": 1783998116.4018893,
"미국 상장기업 96%가 순부 창출 실패…극소수 기업에 부의 창출 집중": 1783998062.4662964
}