{
"레바논군, 이스라엘 철수 후 남부 도시 진입…미중재 협정 첫 검증": 1784677456.6173925,
"트럼프, 제네릭 의약품 2년 관세 유예 후 대폭 인상 추진": 1784677416.9886835,
"트럼프 이란 핵시설 타격 경고…유가·금리 불안 고조": 1784677379.7186954,
"파키스탄, 미국에 100억 달러 규모 외환보유고 지원 신청": 1784675734.9075222,
"중동 정세 영향으로 유가·달러·금리 상승…금값 4077달러 돌파": 1784672266.4519646,
"국내 은행 원화대출 연체율 7년 만에 최고치 기록": 1784672229.4849613,
"암호화폐 로비 단체, 일리노이 거래세 소송 제기": 1784672189.8710616,
"미 민주당, 암호화폐 규제법 클래리티 반발 지속": 1784672140.6254206,
"미 하원 소위, CLARITY 법안이 CFTC의 예측시장 규제 권한 강화할 수 있다고 지적": 1784670334.292066,
"주택담보대출 고정금리 7.5% 돌파, 기준금리 역할 약화": 1784670121.553888,
"은행권, 신용대출 증가로 주택담보대출 규제 강화 추진": 1784669496.2178383,
"은행 가계대출 관리로 비은행권 주택자금 수요 유입, 5개월간 10조원 증가": 1784669445.9474602,
"무브먼트 랩스, 11장 파산 신청…마켓메이킹 스캔들 이후": 1784668624.0919237,
"디지털 챔버, 일리노이주의 암호화폐 거래세 소송 제기": 1784668577.3336906,
"트럼프 암호화폐 윤리 규정 승인…연방 관리의 암호화폐 발행 금지": 1784668541.520971,
"이베르드롤라, 핀란드 유틸리티 카루나 80% 지분 23억 달러에 인수": 1784667822.2526722,
"퍼스트 파이낸셜 뱅콥, 핀워드 뱅콥 인수": 1784667769.455929,
"갤럭시 게이밍, 에볼루션과의 합병 중단": 1784667708.9741468,
"팰로알토 네트웍스, 옵저버빌리티 플랫폼 엠브레이스 인수": 1784667657.2350676,
"달러/엔화 40년 만의 최고가 경신": 1784666786.3076568,
"디지털 에셋, 신한금융·SC벤처스로부터 1000만 달러 추가 조달": 1784666734.493868,
"텔레그램, 10억 사용자 대상 암호화폐 지갑 도입 추진": 1784665323.768226,
"이란 전쟁 우려로 스태그플레이션 프리미엄 상승": 1784664994.1184568,
"삿수마 테크놀로지, 비트코인 자산 청산 및 런던거래소 상장폐지 승인": 1784664941.7283902,
"미 국방부, 전투 장비 손실 보충 위해 20억 달러 긴급 예산 요청": 1784663140.00973,
"파키스탄, 암호화폐 범죄 수사 전담팀 출범": 1784662278.3465357,
"엔비디아, 차세대 AI 플랫폼 '베라 루빈' 공급 개시": 1784662244.926443,
"홍해 후티군 위협으로 아시아 정유사, 수에즈 운하 경로 재검토": 1784661337.1032207,
"리플X, XRP 레저 에이전트 거래 1000만 건 진입 임박": 1784660284.0174453,
"골드만삭스, 부유층 대상 프라이빗 마켓 플랫폼 출시": 1784659584.8596542,
"유비에스, S&P500 올해 목표치 8,100으로 상향": 1784659540.814011,
"미국 상원 공화당, 암호화폐 클래리티법 민주당과 초당적 합의 협상 진행": 1784658654.2355213,
"어거스터스, 글로벌 달러 은행 구축 위해 1억8000만 달러 조달": 1784657739.061541,
"백악관, 암호화폐 시장 구조 법안에 윤리 조항 합의": 1784656948.2310798,
"러시아, 규제 암호화폐 소매 거래 허용하는 법안 통과": 1784656892.7622464,
"무브먼트 랩스, 토큰 스캔들 이후 11장 파산 신청": 1784656858.1035209,
"이란, 불가리아에 미국 항공기 주둔 협력 중단 경고": 1784654185.2608795,
"IMF, 아프리카의 AI 도입 시 10년간 GDP 4% 추가 성장 가능": 1784654136.911822,
"그레이스케일, 월드코인 현물 ETF 신청": 1784652342.6307876,
"멕시체인지, 비텐서 TAO 스테이킹 서비스 개시": 1784651659.9952972,
"국제결제은행, 달러 기반 스테이블코인이 신흥시장 자본통제를 약화시킬 수 있다고 경고": 1784651613.6900015,
"갤럭시, 양자 컴퓨팅 위협 대비 비트코인 보안 강화에 500만 달러 펀드 조성": 1784651552.903173,
"스크립트, 동아프리카 4개국에 스테이블코인 결제 인프라 확대": 1784651493.2028582,
"제이피모간, 한국 증시 급락의 주요 원인은 '레버리지 축소'라고 분석": 1784651453.8357403,
"베센트 미국 재무부 장관, 중국의 이란산유 구매 감소 확인": 1784650633.1180003,
"업홀드, 미국서 4000여 개 주식·ETF 소수점 거래 출시": 1784650590.6584587,
"비트겟, 클래리티 법안 여부 관계없이 미국 진출 추진": 1784650541.9394126,
"루마니아 해역서 우크라이나 행 선박 피격 사건 발생": 1784648837.9125266,
"캐나다 카니 총리, 트럼프 신규 관세가 USMCA 위배라고 지적": 1784648779.2952905,
"코인베이스, 7월 14일 50분 장애 원인은 '저위험 설정 변경'": 1784648740.9512303,
"러시아 의회, 암호화폐 시장 규제법 통과…소매 투자자 연 3,800달러 한도": 1784647923.642535,
"워싱턴주 법원, 예측시장 칼시에 영업 중단 가처분 결정": 1784647889.4483666,
"텔레그램, 비수탁형 암호화폐 지갑 대규모 도입 계획": 1784647848.7710042,
"홍해 후티군의 경고에 사우디유 운송 유조선 방향 전환": 1784646952.973118,
"런던거래소, 야간 거래소 LSE 24 출범 계획": 1784646099.6501763,
"JP모건 다이먼 회장, 지정학적 리스크 과소평가 경고": 1784646058.7702475,
"달러/엔화, 40년 만에 최고가 경신…미국 국채 수익률 상승 주도": 1784645232.9528723,
"트럼프, 암호화폐 명확성 법안 최종 합의…상원 공화당에 전달": 1784645176.0329804,
"SK하이닉스 ADR 상장에 따른 달러 매도로 원/달러 환율 1,470원대까지 하락": 1784645142.2337005,
"어거스터스, 스테이블코인 시대 결제 인프라 구축 위해 1억8000만 달러 자금 조달": 1784644249.1405818,
"후티, 사우디 항구 회피 경고…해운업계 긴장 고조": 1784643340.2504256,
"이란 혁명수비대, 바레인 아마존 데이터센터 공격 주장": 1784642518.9204218,
"말레이시아, 발라지 스리니바산 설립 네트워크 스쿨 운영 중단 명령": 1784642460.725539,
"무디스, 인도네시아 신용등급 부정적 전망 유지": 1784641582.0093315,
"몬리그램 CEO, 블록체인 기반 국제송금 인프라 현대화 추진": 1784641539.6837888,
"로빈후드 지원 탈중앙거래소 아르쿠스, 토큰화 주식·무기한선물 추가": 1784640697.31859,
"아즈텍, V5 알파 버전 업그레이드…이더리움 L2에 완전 프라이빗 실행 환경 추가": 1784640648.8619852,
"미국 무역대표, 캐나다가 다른 국가에 더 나은 통상조건 제공 지적": 1784639921.2682157,
"월스트릿 대형 임대주택 소유자들, 순매도 전환": 1784639865.8838205,
"지토 랩스, 솔라나 기반 자체 관리형 거래 플랫폼 JTX 출시": 1784639808.4604938,
"중국, AI·반도체 수출 규제 강화 추진": 1784639752.5700731,
"캐나다 덴탈콥, 미국 진출…플로리다 노스스타 덴탈 파트너스 인수": 1784638933.083201,
"NPM, 나스닥 펀드 세컨더리즈 인수 합의": 1784638897.460906,
"모르포, Base 네트워크에서 고정금리 대출 프로토콜 '미드나이트' 론칭": 1784638859.0020819,
"미국 민간 고용 주간 평균 16,500명으로 둔화, 4주 연속 감소": 1784637999.8109493,
"테더 주도 3개 비트코인 회사 합병 무산, 잭 멀러스 XXI 캐피탈 CEO 사임": 1784637947.8298876,
"미국-이란 긴장 고조, 주식시장과 경제에 미칠 영향 주목": 1784636223.1264539,
"게이트 유럽 CEO, MiCA 규제 준수 비용으로 일부 암호화폐 기업이 EU 시장 이탈할 수 있다고 경고": 1784636169.9571936,
"갤럭시, 양자 위협에 대비한 비트코인 기술 개발에 최대 500만 달러 투자": 1784636137.150211,
"러시아 의회, 암호화폐 시장 규제 법안 통과": 1784635309.7564726
}