{
"미국 상원, CBDC 2030년까지 발행 금지 법안 통과": 1782194455.4252725,
"달러 강세에 금값 하락…연준 금리인상 기대감 작용": 1782193586.2937808,
"일본 5월 핵심인플레 2.7%, 핵심-핵심 인플레는 2.1%로 하락": 1782193543.9184246,
"트럼프, 양자컴퓨팅·암호화 업그레이드 행정명령 서명": 1782191825.539752,
"암호화폐 로비 단체, 채굴·스테이킹 세금 법안 현행 유지 촉구": 1782191792.9251242,
"토스뱅크, 솔라나와 해외송금 기술 검증": 1782191742.8172984,
"퀄컴, AI 스타트업 모듈러 인수 추진 중": 1782190852.2533617,
"트럼프, 양자컴퓨팍 대비 연방시스템 암호화 마이그레이션 2031년 완료 명령": 1782189044.927538,
"디스커버리 마이닝, 글렌코어 광산 인수로 금 생산 2배 확대 추진": 1782188146.4248474,
"바이낸스, USDⓈ마진 ARX 영구선물 상장": 1782186414.8638115,
"미 투자은행들, 연준의 2026년 하반기 금리 인상 가능성 높여 전망": 1782186370.9148905,
"셰브런, 마이크로소프트 AI 데이터센터에 20년 천연가스 전력 공급 계약": 1782186339.1595976,
"스트라이브, 비트코인 759개 추가 매수…보유량 2만개 근처": 1782185513.5873759,
"비트마인·샤프링크·조 루빈, 이더리움 연구개발 비영리재단 에스랩스 후원": 1782185455.6777506,
"영국은행, 중요 스테이블코인 규제 완화…임시 발행 한도 400억 파운드": 1782184540.577973,
"연준 금리 동결에도 비트코인·이더리움 약세, STRC 급락과 규제 강화 동시 진행": 1782182742.822666,
"쿠코인, 크로스마진 거래에서 THETA·BOME 상장폐지": 1782181847.1519086,
"삼성자산운용, 전고체배터리·에너지저장장치 결합 ETF 출시": 1782180993.654542,
"로켓랩, 우주군 임무 16시간 42분 만에 발사 성공…나스닥100 편입": 1782180943.945752,
"엔화 40년 만 최저 수준, 일본 재무상-미국 재무장관 회동으로 환율 개입 주목": 1782178248.0058699,
"일본 제조업 PMI 3개월 고점 기록, 원재료비는 4년 최고 근처": 1782177337.2710338,
"소니, 30년 만에 달러화 채권 발행 추진": 1782176453.587104,
"KB증권, 한국전력 목표주가 6만3천원에서 5만4천원으로 하향": 1782175595.1742024,
"NFT 주간 판매량 4630만 달러로 증가, 구매자·판매자 참여 급증": 1782175543.8117578,
"두산, AI 수요 힘입어 목표주가 상향": 1782174646.1504662,
"미국-이란, 18시간 협상 끝 호르무즈 해협 통항 보장 합의": 1782173739.955987,
"연준 굴스비 시카고 총재 \"인플레이션이 목표와 반대 방향으로 진행 중\"": 1782172908.8233917,
"터보플로우, 팬테라 캐피탈 주도로 600만 달러 시드펀딩 유치": 1782172858.5824728,
"호주 6월 경기활동 안정화되나 신규주문은 계속 감소": 1782171938.2664754,
"미국 상원, 연준 CBDC 4년 금지 규정을 담은 주택법안 통과": 1782170178.8160622,
"비트마인, 107억 달러 규모 이더리움 보유 공시": 1782170146.9969985,
"Securitize와 tZERO, 월스트리트 온체인화 두고 특허 분쟁 심화": 1782166587.0624707,
"스트래티지, 보통주 매각 자금 3억 달러를 현금 확보에 집중": 1782166545.535882,
"미·이란 협상 진전으로 국제유가 급락, 달러 강세·금값 하락": 1782165653.2168524,
"한국은행, 점도표 시장 영향 연구 착수": 1782164740.0790021,
"테크닙FMC, 앙골라 심해 프로젝트 2억5,000만 달러 수주": 1782162990.8990054,
"Securitize와 tZERO, 월스트리트 온체인화 두고 특허 분쟁": 1782162950.6148741,
"센테싸 파마, 릴리의 인수 완료…영국 고등법원 승인": 1782162137.3585405,
"릿지포스트 캐피탈, 스텔러스 캐피탈 매니지먼트 인수 완료": 1782162091.7180243,
"공개보관사 PSA, 캐나다 공개보관사 인수…캐나다 시장 진출": 1782162058.2586954,
"프랭클린템플턴, 250디지털 인수 완료 후 암호화폐 전담 부문 출범": 1782161141.0273001,
"솔라나 재무 회사 솔메이트, 이사진 주식 부당 매입으로 소송 제기": 1782160249.3292046,
"암호화폐 정치자금단체, 미국 3개 주 예비선거에 800만달러 이상 투입": 1782159441.9555752,
"미국 구리채굴업체, 3,100만달러 투자 유치해 상업생산 준비 가속화": 1782159402.6028094,
"스트라이브, 디지털신용 매도는 청산사건이지 신용위기 아니라고 주장": 1782159348.884135,
"미국 암호화폐 업계 50여 명, 상원의원들과 만나 비트코인 규제 명확화 촉구": 1782158546.0095413,
"미·이란 협상 진전으로 국제유가 급락...브렌트유 3.31% 하락": 1782158492.782068,
"트럼프, 양자컴퓨팅 역량 강화 행정명령 서명...비트코인 위험 대두": 1782158457.8182447,
"솔라나, 토큰화 주식 거래량 95% 점유...바닥 논쟁 지속": 1782156760.6557844,
"이더리움 대형 보유사들, 새 연구허브 에스랩스 설립 지원": 1782156704.959734,
"문페이, AI 회계 스타트업 엔덴드르 인수...백오피스 사업 확장": 1782156654.2937238,
"호르무즈 해협 긴장 고조, 원유 공급 불안 확산": 1782155754.3760703,
"미국 암호화폐 업계, 채굴·스테이킹 세금 정책 법안 통과 촉구": 1782154899.2227788,
"미국, 이란산 원유 제재 60일 유예…35년 만에 미국 시장 재개방": 1782154855.4826527,
"뉴욕증시 미국·이란 협상 기대감과 경계심 사이 엇갈린 흐름": 1782153947.146924,
"앨런 그린스펀 전 연준 의장 별세, 향년 100세": 1782153098.3629606,
"워시 연준 의장, 강한 인플레 억제로 장기국채금리 안정 견인": 1782153057.990834,
"트럼프 \"이란 핵사찰 수용할 것\", 이란 강경파 \"IAEA 복귀 반대\"": 1782151290.6832712,
"AI 설비 투자 확산, 하반기 채권시장 변동성 경고": 1782151253.8179147,
"한국투자신탁운용, 스페이스엑스 공모주 미편입 논란…경찰 수사 착수": 1782150340.2413502,
"몬이그램, 솔라나 검증자 참여…블록체인 송금 인프라 확대": 1782149537.8988967,
"IBK기업은행 47억 원대 대출 사기 발생…상가 분양가 부풀려": 1782149500.5043771,
"CZ 자오, 바이낸스 창업자 사면 후 첫 인터뷰…비트코인 6만달러는 '여전히 낮다'": 1782149456.5146556,
"미 국무장관 루비오, 걸프 국가들과 이란 핵 문제 협의": 1782148591.8805785,
"OKX-ICE 합작회사, 앤드루 쿠오모가 공동 회장 맡는다": 1782148545.083742,
"미국 암호화폐 업계, 채굴·스테이킹 세금 정책 로비 강화": 1782147659.7661357,
"폴리마켓, 가짜 베팅과 허위 마케팅으로 논란…월스트리트저널 적발": 1782146856.6619074,
"이더리움 재단 공동 이사 사임…리더십 미래 놓고 커뮤니티 재논의": 1782146799.0235393,
"영란은행, 스테이블코인 규제 완화…코인당 400억 파운드 한도 설정": 1782146754.0599668,
"호르무즈 해협 유조선 통과량 증가": 1782145876.2862837,
"달러엔화, 2024년 고점 테스트 후 반락": 1782144946.5338526,
"우리은행, 신용대출 한도 축소 및 비대면 접수 관리 강화": 1782144055.3543746,
"ICE와 OKX, 합작회사 설립해 미국 내 토큰화 주식 접근성 확대": 1782143997.6421363,
"이더리움 레이어2 타이코, 보안 위반으로 170만 달러 손실…사용자 자금 인출 경고": 1782143189.2585776,
"스트래티지, 비트코인 520개 추가 매입…3940만 달러": 1782143143.8463871,
"톰 리 비트마인, 이더리움 9,200만 달러 추가 매수…공급량 4.7% 확보": 1782142253.9074626,
"암호화폐 은행 앵커리지, 토큰화 입금 플랫폼으로 금융기관 온체인 진입 지원": 1782141554.818384,
"비트코인 헤지펀드 스트라이브, 보유량 2만 BTC 근처 도달하며 주가 10% 상승": 1782141497.8944361,
"미 연준 이사 \"스테이블코인, 달러 국제 영향력 강화\"": 1782141453.677507,
"국내 카드론 잔액 43조 원 초과, 은행 대출 규제로 제2금융권 쏠림": 1782141392.8311288
}