{
"THORChain, 1000만 달러 규모 해킹 1개월 후 거래 재개": 1782209881.295562,
"바이낸스 선물, 2026년부터 USDT마진 전통금융 영구선물 계약 상장": 1782209825.2495117,
"나카모토, 의료클리닉 폐쇄 완료…비트코인 사업 전환": 1782209794.3450627,
"에트라십, 해운 자산 연결한 RWA 프로토콜 출시": 1782209746.4842818,
"쿠코인, Xion(XION)의 Verona(VERONA)로의 리브랜딩 완료": 1782208966.0726004,
"리플, 룩셈부르크 금융당국으로부터 MiCA 임시 승인 획득": 1782208910.9438782,
"Hut 8, 2023년 미국비트코인 합병 관련 투자자 소송 235만 달러로 합의": 1782208857.2987258,
"이란 제재 해제, 복잡한 국제 합의 구조 속 난제 산적": 1782207940.1292942,
"영국 6월 플래시 서비스 PMI 48.7, 예상치 50.1 하회": 1782206198.8203647,
"스페이스X 200억달러 회사채 발행, 신용등급 둘러싼 논란": 1782206151.443191,
"리플, 유럽 암호화폐 규제 MiCA 임시 승인 획득": 1782205262.1434603,
"유로존 6월 경기활동 약세 지속, 가격압력은 완화": 1782204378.3207052,
"더불어민주당, 하반기 디지털자산기본법 국회 통과 추진": 1782204342.9846466,
"바이낸스, 일본엔화 현물 거래쌍 신규 상장 및 메이커 수수료 무료 프로모션 개시": 1782203451.6803443,
"이란, IAEA 핵 사찰 허용 계획 없다 표명": 1782202630.6877956,
"로트키 개발자 \"검증자 보상 자금조달, 스테이킹 카르텔 우려\"": 1782202585.8496184,
"MyTonWallet, '마이 월렛'으로 리브랜딩…11개 블록체인 통합": 1782202548.1907432,
"프랑스 6월 경기활동 소폭 회복…제조업·서비스업 PMI 개선": 1782200737.5560818,
"카르다노, 확장성 업그레이드 '레이오스' 공개 테스트넷 가동": 1782199890.052027,
"코스피 10% 급락해 8200선 붕괴…서킷브레이커 발동": 1782199852.375096,
"레바논-이스라엘 협상 재개…미국-이란 핵합의 배경에서": 1782199005.8236718,
"한국거래소 코스피 8% 하락에 서킷브레이커 발동…영국은행 스테이블코인 규제 완화": 1782198946.5849273,
"퍼스트캐시, 영국 전당포 업체 램스든 2억6천만 파운드에 인수": 1782198054.925193,
"미국, 이란 제재 유예…트럼프 '행동 위반 시 조치' 표명": 1782197234.190219,
"인도, 이란 전쟁 영향 완화 위해 러시아산 원유·석탄 수입 확대": 1782197188.41629,
"디파이 해킹 피해액 2분기 1.2조 원대, 분기 기준 역대 최대": 1782197143.8373966,
"금융권, 롯데케미칼 나프타 수입신용장 한도 3.5억 달러 확대": 1782196289.0510528,
"스페이스X 3일간 6천억 달러 폭락, 비트코인 시총의 절반 규모": 1782196249.506133,
"미국 상원, CBDC 2030년까지 발행 금지 법안 통과": 1782194455.4252725,
"달러 강세에 금값 하락…연준 금리인상 기대감 작용": 1782193586.2937808,
"일본 5월 핵심인플레 2.7%, 핵심-핵심 인플레는 2.1%로 하락": 1782193543.9184246,
"트럼프, 양자컴퓨팅·암호화 업그레이드 행정명령 서명": 1782191825.539752,
"암호화폐 로비 단체, 채굴·스테이킹 세금 법안 현행 유지 촉구": 1782191792.9251242,
"토스뱅크, 솔라나와 해외송금 기술 검증": 1782191742.8172984,
"퀄컴, AI 스타트업 모듈러 인수 추진 중": 1782190852.2533617,
"트럼프, 양자컴퓨팍 대비 연방시스템 암호화 마이그레이션 2031년 완료 명령": 1782189044.927538,
"디스커버리 마이닝, 글렌코어 광산 인수로 금 생산 2배 확대 추진": 1782188146.4248474,
"바이낸스, USDⓈ마진 ARX 영구선물 상장": 1782186414.8638115,
"미 투자은행들, 연준의 2026년 하반기 금리 인상 가능성 높여 전망": 1782186370.9148905,
"셰브런, 마이크로소프트 AI 데이터센터에 20년 천연가스 전력 공급 계약": 1782186339.1595976,
"스트라이브, 비트코인 759개 추가 매수…보유량 2만개 근처": 1782185513.5873759,
"비트마인·샤프링크·조 루빈, 이더리움 연구개발 비영리재단 에스랩스 후원": 1782185455.6777506,
"영국은행, 중요 스테이블코인 규제 완화…임시 발행 한도 400억 파운드": 1782184540.577973,
"연준 금리 동결에도 비트코인·이더리움 약세, STRC 급락과 규제 강화 동시 진행": 1782182742.822666,
"쿠코인, 크로스마진 거래에서 THETA·BOME 상장폐지": 1782181847.1519086,
"삼성자산운용, 전고체배터리·에너지저장장치 결합 ETF 출시": 1782180993.654542,
"로켓랩, 우주군 임무 16시간 42분 만에 발사 성공…나스닥100 편입": 1782180943.945752,
"엔화 40년 만 최저 수준, 일본 재무상-미국 재무장관 회동으로 환율 개입 주목": 1782178248.0058699,
"일본 제조업 PMI 3개월 고점 기록, 원재료비는 4년 최고 근처": 1782177337.2710338,
"소니, 30년 만에 달러화 채권 발행 추진": 1782176453.587104,
"KB증권, 한국전력 목표주가 6만3천원에서 5만4천원으로 하향": 1782175595.1742024,
"NFT 주간 판매량 4630만 달러로 증가, 구매자·판매자 참여 급증": 1782175543.8117578,
"두산, AI 수요 힘입어 목표주가 상향": 1782174646.1504662,
"미국-이란, 18시간 협상 끝 호르무즈 해협 통항 보장 합의": 1782173739.955987,
"연준 굴스비 시카고 총재 \"인플레이션이 목표와 반대 방향으로 진행 중\"": 1782172908.8233917,
"터보플로우, 팬테라 캐피탈 주도로 600만 달러 시드펀딩 유치": 1782172858.5824728,
"호주 6월 경기활동 안정화되나 신규주문은 계속 감소": 1782171938.2664754,
"미국 상원, 연준 CBDC 4년 금지 규정을 담은 주택법안 통과": 1782170178.8160622,
"비트마인, 107억 달러 규모 이더리움 보유 공시": 1782170146.9969985,
"Securitize와 tZERO, 월스트리트 온체인화 두고 특허 분쟁 심화": 1782166587.0624707,
"스트래티지, 보통주 매각 자금 3억 달러를 현금 확보에 집중": 1782166545.535882,
"미·이란 협상 진전으로 국제유가 급락, 달러 강세·금값 하락": 1782165653.2168524,
"한국은행, 점도표 시장 영향 연구 착수": 1782164740.0790021,
"테크닙FMC, 앙골라 심해 프로젝트 2억5,000만 달러 수주": 1782162990.8990054,
"Securitize와 tZERO, 월스트리트 온체인화 두고 특허 분쟁": 1782162950.6148741,
"센테싸 파마, 릴리의 인수 완료…영국 고등법원 승인": 1782162137.3585405,
"릿지포스트 캐피탈, 스텔러스 캐피탈 매니지먼트 인수 완료": 1782162091.7180243,
"공개보관사 PSA, 캐나다 공개보관사 인수…캐나다 시장 진출": 1782162058.2586954,
"프랭클린템플턴, 250디지털 인수 완료 후 암호화폐 전담 부문 출범": 1782161141.0273001,
"솔라나 재무 회사 솔메이트, 이사진 주식 부당 매입으로 소송 제기": 1782160249.3292046,
"암호화폐 정치자금단체, 미국 3개 주 예비선거에 800만달러 이상 투입": 1782159441.9555752,
"미국 구리채굴업체, 3,100만달러 투자 유치해 상업생산 준비 가속화": 1782159402.6028094,
"스트라이브, 디지털신용 매도는 청산사건이지 신용위기 아니라고 주장": 1782159348.884135,
"미국 암호화폐 업계 50여 명, 상원의원들과 만나 비트코인 규제 명확화 촉구": 1782158546.0095413,
"미·이란 협상 진전으로 국제유가 급락...브렌트유 3.31% 하락": 1782158492.782068,
"트럼프, 양자컴퓨팅 역량 강화 행정명령 서명...비트코인 위험 대두": 1782158457.8182447,
"솔라나, 토큰화 주식 거래량 95% 점유...바닥 논쟁 지속": 1782156760.6557844,
"이더리움 대형 보유사들, 새 연구허브 에스랩스 설립 지원": 1782156704.959734,
"문페이, AI 회계 스타트업 엔덴드르 인수...백오피스 사업 확장": 1782156654.2937238,
"호르무즈 해협 긴장 고조, 원유 공급 불안 확산": 1782155754.3760703
}