{
"쿠코인, 질리카(ZIL) 입출금 서비스 일시 중단": 1784444444.446697,
"제타체인 아누마, 기기 내 개인정보 비식별화 기술 공식 도입": 1784441737.6426039,
"한국은행, 반도체 가격 상승이 교역조건 개선 주도": 1784440843.9849727,
"정부, 원화 국제화 추진…역외원화결제망 2027년 1월 가동": 1784439979.9818578,
"Zcash 새 노드 'Zakura' 출시, 초당 5만 거래 처리 목표": 1784439938.4532106,
"금융당국, 가상자산 시세조종·부정거래 30건 적발·고발": 1784438140.5057044,
"쿠코인, 영구선물 펀딩레이트 공식 전체 계약으로 확대": 1784435441.4137607,
"본크 재무부 탈취 주소, 코인베이스에 4000억 BONK 추가 입금": 1784430979.0171566,
"블룸버그, 한국 증시가 글로벌 AI 투자 심리 주도": 1784430941.113315,
"미국, 이란 군 요원 피살 후 재차 공습 단행": 1784429174.9819086,
"청와대 정책실장, 단일종목 레버리지 ETF 상장폐지는 현실적으로 어렵다 밝혀": 1784429136.8815758,
"한국 1인 가구 자산운용 패턴 급변, 예금서 주식·펀드로 이동": 1784425535.3761408,
"AI 거품론 제기, 빅테크 CEO들 \"닷컴·암호자산 버블과 유사\"": 1784420142.333937,
"한국 AI 기본법 개정안 시행 임박, 산업계 신뢰-규제 균형점 모색": 1784414735.8182497,
"미 규제당국, 스테이블코인 규칙 완성 1년 기한 놓침…2027년 1월 시행까지 촉박": 1784412988.2584033,
"미 재무장관 베선트, 포트녹스 금 보유 안전 확인…달러는 신용 기반 법정화폐 강조": 1784412941.299775,
"금융당국, 업비트 445억원 해킹 사건 관련 두나무에 검사의견서 송부": 1784412141.4913833,
"프랑스 금융당국, 폴리마켓 불법 도박 규정 후 ISP 차단 명령": 1784412105.1057646,
"한국 인공지능 도입률, 10년 내 G7 최고 수준으로 상승 전망": 1784411138.534965,
"원/달러 환율 1,470원대까지 회복, 원화 강세 지속": 1784410119.202701,
"한국 1인당 GDP 올해 3만9164달러, 4만달러 진입 임박": 1784408478.2164004,
"미국-이란 무력 충돌 심화, 호르무즈 해협 긴장 고조": 1784408447.484668,
"미국 대마초 기업 플루엔트, 비레오와 M&A 본격화": 1784405791.4991,
"워런 상원의원, 트럼프에 가상자산 수익 공개 요구": 1784405734.984989,
"비트코인 BIP 110 업그레이드 취약점 발견…체인 분리 가능성 제기": 1784404901.8288927,
"기관투자자들, 연준 회의 앞두고 비트코인 7만2000달러 강세 베팅": 1784404852.2068255,
"이란, 미국과의 이슬라마바드 양해각서 의무이행 즉시 중단": 1784403934.4414506,
"바이낸스, 36번째 분기 BNB 소각 완료": 1784403042.4442923,
"심바이오시스, 트론 네트워크에서 USDT 프라이빗 스왑 기능 출시": 1784402139.0937564,
"카르다노, 8월부터 핵심 인프라 독립 팀으로 이관": 1784401245.9471045,
"미 재무부, 이란 연계 트론 지갑 제재…USDT 1억3100만달러 동결": 1784400339.302924,
"마이클 세일러, 비트코인 BIP 110 제안에 강력 반발": 1784398293.7862628,
"비트코인 DOG 모드 클라이언트, 거버넌스 논쟁 촉발": 1784394045.8152945,
"미국, 브라질 결제시스템 '픽스' 견제…관세 조치 통한 디지털 금융 패권 경쟁 본격화": 1784392243.4525588,
"트럼프 행정부, 브라질의 비달러 결제 시스템 견제…달러 스테이블코인은 브라질 암호자산 거래의 90% 점유": 1784391335.6462874,
"DEX 유동성 대부분 미활용…최대 2조3800억 원 유휴 상태": 1784390448.319586,
"유니스왑 거버넌스, V4 수수료·로빈후드 체인 확장안 투표": 1784384134.8468435,
"월스트리트 금융사 84%, 토큰화를 전략 우선순위로 지정": 1784383246.8800821,
"S&P글로벌·MSCI, 글로벌 산업분류 개편 추진…AI·반도체 재분류로 자금 이동 예상": 1784380537.3616369,
"카스퍼스키, 암호화폐 투자자 겨냥 악성코드 프레임워크 적발": 1784376052.204951,
"미국 CLARITY Act 통과 시 기관자금 유입 본격화 예상": 1784372447.601206,
"인도 온라인 소매업체 젭토, IPO 밸류에이션 대폭 하향": 1784371538.0121615,
"프랑스 도박 규제당국, 폴리마켓 차단 명령": 1784369734.6829906,
"메타, 앤트로픽에 AI 인프라 임대…2년간 최대 100억달러 규모": 1784359842.2011795,
"FTX, 7월 31일 9억달러 규모 5차 채권자 분배 시작": 1784358935.420685,
"인도 NSE, IPO 앞두고 분석가로부터 드문 '매도' 평가 받아": 1784355664.276109,
"트럼프 행정부, AI 규제 독립기구 추진…FINRA 모델 채택": 1784355335.4279156,
"이란, 미국 공습 후 걸프만 국가들에 재차 공격": 1784353568.4221187,
"펏지펭귄, 카카와우와 파트너십…아시아 실물 수집품 시장 진출": 1784353536.3341463,
"JPMorgan, 인도 GIFT City 금융허브 진출 추진…100개 다국적기업과 협의": 1784350846.4521306,
"인도 중앙은행, 비거주자 외화예금 환헤지 비용 부담…유동성 개선": 1784349044.080938,
"미국 국채시장 구조 변화로 재정적자 충격 확대 우려": 1784348136.657135,
"골드그룹·골드 리소스 합병 완료, NYSE 아메리칸 상장 추진": 1784347704.1677172,
"금값 주간 낙폭, 중동 긴장·금리인상 베팅 영향": 1784347243.6721025,
"이라크 드론 공격으로 유가 변동성 확대, 중동 공급 차질": 1784346340.6980627,
"미국-이란 무력 충돌 심화로 중동 긴장 고조, 반도체주 동반 약세": 1784345440.1525853,
"중국 문샷AI 모델, 미국 최상위 AI 능가…시장 충격": 1784340933.9869134,
"일본 키옥시아, 미국 특허 소송서 패소…3400억원 배상 명령에 주가 16% 급락": 1784339180.1137664,
"크라켄, 프로 사용자 대출 기능 개편…담보 효율성·유동성 관리 개선": 1784339137.7410896,
"크라켄, 업숏과 손잡고 NFT·비유동 자산 평가 도구 강화": 1784337339.9386928,
"미 SEC·CFTC 암호화폐 상품 분류 공조에도 규제 권한 싸움 심화": 1784336449.6712046,
"미 SEC, 암호화폐 규칙안 백악관 심사 단계 진입": 1784335539.0684302,
"미 클래리티법 통과 가능성 급락, 규제 불확실성 심화": 1784334676.067218,
"국경간 송금 효율화, CBDC와 예금토큰 결합 필요": 1784334644.8566875,
"테넷 핀테크, 150만 달러 증자 완료…북미 사업 확장": 1784333786.8060114,
"T. 로우 프라이스, 활성형 멀티자산 암호화폐 ETF 출시": 1784333737.8551805,
"국내 증시 반도체 약세 속 대형주 급락, 개인자금 중소형주로 이동": 1784330200.9541028,
"톰 리 비트마인 회장 이더리움 '저평가 변곡점' 주장": 1784330142.0075333,
"국내 ETF 시장 500조원 돌파, 자산운용사 감시 역할 강화 필요": 1784329251.2913435,
"DWS 뮤니서플 인컴 트러스트, 2026년 11월 청산 확정": 1784326534.5692863,
"FTX, 파산 절차에서 5차 채권자 배분 실시…누적 100억 달러 근접": 1784325655.0056236,
"네메라이, 1년간 NMR 47억 원 규모 추가 매입": 1784324738.649541,
"뱅크오브아메리카, 암호화폐·AI 담당 신임 리더 임명": 1784322938.4000523,
"미 법무부, 디지털 자산 시장 명확화법 반발…통과 확률 35%로 급락": 1784322055.253316,
"ECB, 스테이블코인 확산으로 은행 예금 침식 우려 제기": 1784320248.0651941,
"트럼프, 캐나다 산불 연기로 추가 관세 부과 경고": 1784319389.873201,
"뉴욕증시 반도체 약세·중동 긴장으로 일제히 하락": 1784319341.3369954,
"미 하원, 전략적 비트코인 비축 법안 논의": 1784318490.9209905,
"미국·이란 무력 충돌로 유가 급등": 1784318459.5608554,
"컨센시스, 북한 연계 개발자에게 개발 업무 외주했다가 적발": 1784317537.8559122
}