{
"파워뱅크, 1GW 파이프라인 기반 AI 데이터센터 전력 사업 확대": 1782130686.257504,
"베일리기포드, 이더리움·솔라나 기반 토큰화 채권 펀드 출시": 1782130645.3720355,
"코스피 9,000 돌파 후 신용거래융자 사상 최대 기록": 1782130598.5276911,
"리플, 캘리포니아 DFAL 라이선스 신청 현황 불명확": 1782130550.7634058,
"CRH, 아르코사를 85억 달러에 인수": 1782129656.5282562,
"미국 국무장관, 이란 협상 진전 발표…호르무즈 해협 개방 메커니즘 구축": 1782128741.6125977,
"달러 강세 5월 2025년 이후 최고, 비트코인 6만4000달러 근처 움직임": 1782127064.596483,
"반도체 매집 포지션 역대 최다 기록, 글로벌 경기 낙관론 계속": 1782127006.5660288,
"Q2 2026 암호화폐 해킹 사상 최다, 8,300만 달러 도난": 1782126948.3527403,
"발벡 캐피털, 영국 부동산 대부업체 펀딩365 인수": 1782126211.8258197,
"ECARX, 플라이미 소프트웨어 사업 전체 인수": 1782126179.9407923,
"MEV 봇 해킹·폴리마켓 조작·영국 스테이블코인 규제 완화 겹쳐": 1782126122.6328745,
"폴리마켓 조작 의혹, 190만 달러 규모 가짜 베팅 적발": 1782126081.172224,
"미국과 이란 고위급 협상 성공적 종료": 1782124267.7895355,
"미국 상원, 로만 스톰 판결 이후 CLARITY 법안 604조로 디파이 규제 방향 결정": 1782123399.7421737,
"한국은행, CBDC 입금토큰 실물 경제 적용 테스트 2단계 진입": 1782123359.5068076,
"영국 중앙은행, 스테이블코인 규제 완화…400억 파운드 한도 설정": 1782122507.1319625,
"이더리움 스테이킹 보상 일부 에코시스템 펀딩으로 할당 제안 논란": 1782122452.561027,
"카타르 LNG 시설 재가동 중 폭발, 다수 부상·실종자 발생": 1782121782.1966739,
"이란 원유 공급 증가 기대, 항공사 연료비 절감으로 이어질 수 있어": 1782121725.6822302,
"펏지펭귄 NFT, 미국 타겟 전국 매장에서 실물 트레이딩 카드 게임 출시": 1782121689.2124357,
"토큰화 자산 시장 340억 달러로 팽창, RWA 기반 2년간 10배 성장": 1782121655.4191751,
"타이코 이더리움 레이어2, 브릿지 증명 위조 공격으로 170만 달러 손실": 1782121606.3424175,
"미·이란 협상 진전으로 유가 하락, 브렌트유 배럴당 79달러대": 1782121567.2314026,
"타이코 이더리움 레이어2 네트워크, 브릿지 익스플로잇으로 중단…170만 달러 피탈": 1782120670.4397035,
"영국 스타머 총리, 사임 의사 표현": 1782119851.7929583,
"한국 금융정보분석원, FATF 회의에서 소액 암호화폐 송금 보고 규제 확대 촉구": 1782119795.149251,
"금감원, 금융지주 지배구조 개선안 7월 3일 이전 발표": 1782119747.2935183,
"뮤직카우, K-팝 저작권 RWA 글로벌 유동화 추진": 1782118003.7437427,
"네사, 고려대학교와 프라이버시 AI 공동연구 체결": 1782117966.4408414,
"바이낸스 선물, 트래디파이 현물마진 계약 상장 예정": 1782117094.4892564,
"금감원, 지자체 대부업 감독 강화 요청": 1782117050.5661988,
"고팍스, 상장 코인 1년 내 상폐 반복…심사 투명성 논란": 1782116155.5709543,
"미국 클래리티 법안, 다음 달 말 상원에서 본격 검토 예상": 1782115307.610733,
"SK하이닉스, 삼성전자 제치고 코스피 시가총액 1위 달성": 1782115259.0545938,
"비트코인 6만4000달러 근처에서 박스권, 현물 ETF 6주 연속 순유출": 1782114365.0233543,
"비트코인 개발자들, RBF 기능 개선 추진": 1782113465.2857025,
"이란, 호르무즈 해협 유조선 수송 최고치 기록": 1782112698.9929588,
"미국 비트코인 현물 ETF, 지난주 2억2700만달러 순유출": 1782112666.631405,
"금융감독원장, 단일종목 레버리지 ETF 과열에 강한 우려 표시": 1782112607.2352471,
"비트겟, 암호화폐로 미국 주식 직접 매입 가능하도록 서비스 출시": 1782112564.462682,
"한국 토스뱅크, 솔라나에서 블록체인 기반 송금·결제 시스템 테스트": 1782110743.61299,
"타이코 브릿지 익스플로잇으로 170만 달러 피탈, 사용자 출금 호소": 1782109983.9175267,
"모건스탠리 이더리움·솔라나 ETF 수수료 0.14%로 인하, 업계 최저 수준": 1782109943.840646,
"이더리움 검증자, 스테이킹 보상 최대 10% 에코시스템 펀딩으로 할당 제안": 1782109906.9539015,
"비트코인 RBF 기능 제거 추진, 프라이버시 우려로": 1782109854.2440755,
"안도걸 의원, 디지털자산 기본법 하반기 처리 추진…스테이블코인·RWA 입법도 함께": 1782108963.027477,
"UBS 토큰화 MMF, 바이비트에서 거래 담보로 활용": 1782107158.534125,
"미·이란 긴장과 PCE 물가지수로 변동성 확대 우려": 1782106264.6105108,
"한화투자증권, SK하이닉스 목표주가 430만원으로 대폭 상향": 1782105433.3616335,
"이더리움 레이어2 '타이코', 익스플로잇으로 블록 생성 중단": 1782105399.2771726,
"일본 기업연금기금, 자산의 약 1% 암호화폐 할당 계획": 1782105364.96834,
"시크릿 네트워크 브릿지서 무한 발행 버그로 470만 달러 탈취": 1782101741.093331,
"중국, 미국 국방부 지원 기업에 희토류 수출 금지": 1782100868.2054958,
"미·이란 협상 진전, 유가 하락으로 인도 주식 상승 전망": 1782099996.8766623,
"알투라, 스테이블코인 볼트 운영 중단…이례적 대규모 인출 요청": 1782099960.9813445,
"쿠코인, 마나디아(UMXM) 상장": 1782098258.6317198,
"미 벙커힐 마이닝, 이사 사임 속 광산 재가동 추진": 1782098203.8561368,
"일본 메가뱅크 3곳, 엔화 스테이블코인 공동 발행 추진": 1782098166.551269,
"쿠코인, 아르시움(ARX) 상장": 1782097271.9518814,
"쿠코인, 타이코(TAIKO) 이더리움 네트워크 입금 서비스 임시 중단": 1782096395.7828205,
"신용보증기금, 탈탄소 금융 지원 본격화…1천900억 원 우대보증 제공": 1782096349.8120892,
"쿠코인, 로커스 체인(LOCUS) 입금 서비스 임시 중단": 1782095544.937942,
"AI 동질화로 자본시장 리스크 증가, 자산 쏠림 현상 우려": 1782095503.3308117,
"미·이란 고위급 협상 종료, 60일 내 최종 합의 로드맵 합의": 1782095448.907289,
"5월 암호화폐 벤처투자 9억 달러 돌파, 카르타 주간 최대 규모 투자 유치": 1782093673.703989,
"이란, 호르무즈 해협 폐쇄 재차 주장": 1782091906.714107,
"이번 주 토큰 2억5500만 달러 언락 예정": 1782091867.621428,
"미국 중고차 유통업체 아메리카스 카마트, 대출 약정 조건 완화 승인": 1782090990.855842,
"미국과 이란 고위급 협상 스위스서 2일째 진행…트럼프 추가 군사행동 경고": 1782090941.6048195,
"이스라엘, 레바논 주둔 군인에 위협 시 자유로운 대응 권한 부여": 1782089161.4825509,
"연준 의장 워시, 통화정책 선제 신호 감축 추진…국채시장 변동성 우려": 1782088299.479921,
"프랭클린템플턴, 배당금 비트코인 자동 전환 ETF 신청": 1782088247.003901,
"IBK투자증권, 올해 코스피 목표 상향…11,000 돌파 가능성 제시": 1782087456.7692182,
"금 온스당 4,146달러, 은 64달러대로 동반 강세": 1782087417.9683447,
"반도체 업황 2027년까지 호황 예상, 삼성전자·SK하이닉스 목표주가 상향": 1782087363.586468,
"미-이란 협상 진전으로 브렌트유 1배럴당 1달러 이상 상승": 1782085556.5250747,
"인텔-그린스톤 바이오사이언스, AI 신약 개발 협력 체결": 1782083801.4154434,
"코스닥 1,000선 붕괴, 시가총액 비중 27년 만에 최저": 1782083761.997735,
"유출된 카드정보로 챗GPT 프로 구독 결제 사기, 국내서 약 4억원 규모 피해": 1782082040.357368
}