{
"이더리움 핵심 개발팀, 연 3천만달러 자금 공백 직면": 1781923537.286736,
"EU, 2027년 7월부터 암호화폐 1000유로 초과 거래에 강화된 고객확인 의무화": 1781925345.4543452,
"바이낸스, 삼성전자·SK하이닉스·현대차 주가 기초자산 무기한 선물 상품 출시": 1781925378.5776658,
"연준 매파 기조·유가 상승에 9월 금리인상 확률 급상승": 1781927137.6020038,
"암호화폐 강도 범죄로 텍사스 형제 유죄 인정": 1781932545.1821156,
"캐나다 광산업체 안티오키아 골드, 감사보고서 철회로 신뢰성 훼손": 1781932581.8770652,
"트럼프 특사, 이란 장관과 스위스서 회담": 1781936140.631895,
"인도 세제 개편 후 해외 채권펀드 자금 순입 가속": 1781938847.6239216,
"필리핀 증권거래위원회, RWA 토큰화 추진 준비 신호": 1781939737.2785006,
"글로벌 주식펀드, 이란 합의 낙관에 19개월 만에 최대 주간 순입 기록": 1781942591.6909974,
"벤처캐피털 자금, RWA·결제·디파이 보험 등 실사용 기반 사업으로 집중": 1781954143.8732495,
"퍼지 펭귄즈, 타겟에서 거래카드 판매 시작": 1781957739.9905736,
"애브비, 아포지 테라퓨틱스 109억 달러에 인수 임박": 1781960449.0232153,
"휴면 지갑 습득자, 사토시 비트코인 포함 3000억 달러 소유권 인정 소송 제기": 1781961341.0210302,
"이스라엘, 휴전 합의 직후 수 시간 내 레바논 공습으로 10명 사망": 1781961394.9796405,
"이란 군부, 호르무즈 해협 폐쇄 발표…휴전 협상 위반 이유": 1781964944.1864293,
"AI 기반 보안 도구, 암호화폐 산업의 코드 배포 기준 재편할 전망": 1781967649.7174165,
"미국 저가 항공사 비즈니스 모델 위기…스피릿 파산 사태": 1781968541.5710933,
"EU, MiCA 2.0 개정 추진…스테이블코인·디파이 개선안 모색": 1781968583.3430977,
"캐나다 MDA스페이스, RTX 소유 블루캐니언 테크놀로지스를 6억 2천만 달러에 인수": 1781978454.5761569,
"美 빅테크 AI 데이터센터에 1천150조원 투입, 금리 민감도 높아진다": 1781981141.2433083,
"찰스 슈왑, CBOE와 함께 S&P 500 예측 옵션 출시 추진": 1781982937.6411479,
"크립토퀀트 창업자 \"BTC 자금 순환 구조 붕괴\"…알트시즌 종료": 1781983847.188073,
"트럼프 미국 대통령, 쿠바 군사개입 가능성 시사": 1781984743.2023344,
"케빈 워시 연준 의장, 정책 가이던스 축소 추진…그린스펀 시대 회귀 검토": 1781985650.8010225,
"AI 기업 프리IPO 시장 급성장…앤트로픽·오픈AI 거래 급증": 1781987447.3906024,
"트럼프 호르무즈 해협 통행료 조건부 부과 방침 공개": 1781989252.437117,
"시크릿 네트워크 액슬러 브릿지 467만 달러 탈취…무한 민팅 취약점 7일간 미탐지": 1781992850.3031805,
"원/달러 환율 28년 만에 최고치…1,521원대": 1781993746.8812292,
"라이트코인 창시자 찰리 리, 실물자산 토큰화 시장 비판…'99%는 과대포장'": 1781993795.7360122,
"한국 불평등, 자산 격차로 축이 이동…자산 기여도 40% 초과": 1781993833.966002,
"국내 주식 강세로 국민연금 기금 소진 시점 7년 지연 가능성": 1781996455.53831,
"IREN, 비트코인 채굴에서 AI 인프라로 전환 가속화": 1781997340.484544,
"미 연준이 중시하는 PCE 물가지수 25일 발표...시장 물가 재가속 여부 주목": 1782000941.324347,
"이더리움 샌드위치 공격 봇 Jaredfromsubway.eth, 7500만 달러 규모 익스플로잇 당함": 1782000985.0082934,
"샤오아이, 애플 시리 특허소송 1심 패소…항소심 진행": 1782011745.8697615,
"한국 '가상자산 과세 폐지' 청원, 5만8천 명 동의로 국회 심의 앞둬": 1782011785.4262278,
"미국, 이란의 호르무즈 해협 폐쇄 주장 반박…스위스서 협상": 1782011821.57377,
"금융위, 핀테크 규제 샌드박스 제도 개선…제도권 진입 장벽 완화": 1782021647.5907567,
"금융감독원, 금융사 내부통제 강화 필요성 강조": 1782022540.297588,
"미국, 이란 밀수 기법 활용해 페르시안만 석유 수송": 1782024341.8455212,
"비트코인 ETF 최근 30일간 63억5000만달러 순유출…역대 최대 규모": 1782026138.149518,
"일본 기업연금기금, 자산의 약 1% 암호화폐 할당 계획": 1782033341.4443865,
"스트래티지 우선주 상품, 실제로는 비트코인 담보 없는 신용상품": 1782043251.5262043,
"대시, 필리핀 암호화폐 결제시장 진출 검토": 1782045048.5974503,
"이란, 호르무즈 해협 폐쇄 조건 제시…레바논 휴전 유지·석유 면제 필요": 1782045943.000673,
"리플, 동남아서 XRP 기반 송금 서비스 가동 중": 1782049539.9869401,
"악명 높은 'jaredfromsubway' MEV 봇, 약 750만 달러 규모 역 MEV 허니팟 공격으로 피탈": 1782054937.9943702,
"트럼프, 이란이 헤즈볼라 동맹 억제하지 않으면 미국의 공격 재개하겠다고 밝혀": 1782054968.7661703,
"빅테크 기업, AI 투자에 현금 집중…자사주 매입 급감": 1782058540.191605,
"CME, CFTC의 Kalshi 영구선물 승인 무효 소송 제기": 1782066644.6903424,
"CME, CFTC 상대로 영구선물 규제 소송 제기": 1782067539.4580207,
"중국 디지털 위안화 국제운영센터, '수비다' 크로스보더 결제 플랫폼으로 통합 업그레이드": 1782072066.79903,
"중국 마약 조직, 가짜 'Zksync.jp' 토큰 사기로 100만 달러 이상 탈취": 1782072960.079343,
"CRH, 아르코사 인수 80억 달러 규모로 임박": 1782075592.2516031,
"한국 중소기업 대출 연체율 급등, 양극화 심화": 1782076549.943074,
"금융위, 롯데카드 해킹 사건 제재 절차 착수…6월 25일 첫 안건소위": 1782078362.3811224,
"월가 분석, 연준 금리인상도 현재의 강세장은 꺾지 못할 것…AI 랠리 지속 전망": 1782078414.4090722,
"국내 자산운용사 1분기 순이익 1조4,664억원…3년 만에 최고": 1782079248.9095984,
"북한 FATF 고위험 국가 재분류, 16년째 유지": 1782080162.7233896,
"연준 매파 기조로 금리인하 가능성 축소, 이번주 PCE 물가지수에 시장 주목": 1782081963.8853362,
"폴리마켓, 인플루언서에게 가짜 베팅 영상 제작 대금 지급…약 190만 달러 규모 허위 베팅": 1782082008.551473,
"유출된 카드정보로 챗GPT 프로 구독 결제 사기, 국내서 약 4억원 규모 피해": 1782082040.357368,
"코스닥 1,000선 붕괴, 시가총액 비중 27년 만에 최저": 1782083761.997735,
"인텔-그린스톤 바이오사이언스, AI 신약 개발 협력 체결": 1782083801.4154434,
"미-이란 협상 진전으로 브렌트유 1배럴당 1달러 이상 상승": 1782085556.5250747,
"반도체 업황 2027년까지 호황 예상, 삼성전자·SK하이닉스 목표주가 상향": 1782087363.586468,
"금 온스당 4,146달러, 은 64달러대로 동반 강세": 1782087417.9683447,
"IBK투자증권, 올해 코스피 목표 상향…11,000 돌파 가능성 제시": 1782087456.7692182,
"프랭클린템플턴, 배당금 비트코인 자동 전환 ETF 신청": 1782088247.003901,
"연준 의장 워시, 통화정책 선제 신호 감축 추진…국채시장 변동성 우려": 1782088299.479921,
"이스라엘, 레바논 주둔 군인에 위협 시 자유로운 대응 권한 부여": 1782089161.4825509,
"미국과 이란 고위급 협상 스위스서 2일째 진행…트럼프 추가 군사행동 경고": 1782090941.6048195,
"미국 중고차 유통업체 아메리카스 카마트, 대출 약정 조건 완화 승인": 1782090990.855842,
"이번 주 토큰 2억5500만 달러 언락 예정": 1782091867.621428,
"이란, 호르무즈 해협 폐쇄 재차 주장": 1782091906.714107,
"5월 암호화폐 벤처투자 9억 달러 돌파, 카르타 주간 최대 규모 투자 유치": 1782093673.703989
}