{
"IMF, 토큰화가 결제·금융안정성 혁신할 수 있다고 평가": 1783020716.711283,
"미국 고용지표 부진에 달러 약세…달러·원 환율 1540원으로 하락": 1783020685.7487905,
"eToro, 온체인 선물거래 플랫폼 익스텐디드에 1250만 달러 투자 주도": 1783020652.1809487,
"나스닥 상장사 노세라, 1대30 역주식 분할 단행": 1783019895.3925755,
"블루아울 캐피털, 2분기 47억 달러 환매 요청 받아": 1783019853.8529096,
"러시아 중앙은행, 디지털 루블 9월 1일 출시 예정": 1783019794.911667,
"CFTC 의장, 일리노이주 암호화폐 거래세 0.2% 비판": 1783019741.490846,
"라가르드 ECB 총재, 지난달 금리인상 재확인": 1783018856.7152698,
"쿠웨이트, 이란 핵협상 진전 후 6월 석유 생산량 급증": 1783018030.2006881,
"블랙스톤 산하 QTS 데이터센터, 버지니아 대규모 센터 건설 중단": 1783017994.210672,
"블랙록 지원 토큰화 업체 세큐리타이즈, NYSE 상장…솔라나·아발란체서도 거래": 1783017940.504457,
"GE 베르노바, AI 호황으로 데이터센터 장비 수주 급증": 1783017051.955193,
"미국 6월 비농업 고용 5.7만명, 예상의 절반 수준": 1783016137.9955084,
"TWO 주주총회, 크로스컨트리 합병 승인": 1783015253.8556795,
"FBI 국장 카시 패텔, 스트레티지 주식 6개월 지연 신고…STOCK법 위반 논란": 1783013579.428372,
"아일랜드 당국, 약물 밀반입자 클리프턴 콜린스의 5억 달러 상당 비트코인 추가 회수": 1783013530.8787327,
"캐나다 펨비나, 46억 달러 규모 AI 데이터센터 전력공급 발전소 건설 최종 결정": 1783012595.1853776,
"AI 데이터센터 메모리 수요 폭증으로 반도체 공급 부족…애플·삼성·MS 등 주요 제조사 잇달아 가격 인상": 1783012538.3947203,
"온도, 토큰화 주식에 온체인 주주 투표 기능 추가": 1783011770.8154995,
"미국 30년 모기지 금리 6.43%로 하락, 6주 만에 최저": 1783011735.0942292,
"비트와이즈, STRC 하락은 사이클 바닥 신호라고 평가": 1783011697.5725377,
"이토로, 온체인 선물거래 플랫폼 익스텐디드에 투자": 1783011660.2836983,
"로빈후드, AI 에이전트·레이어2 블록체인 공개…주가 7% 급등": 1783010779.5280755,
"국민연금, 리밸런싱 충격 완화에 나서": 1783010742.0052068,
"바이비트, 페루에서 암호화폐 카드 출시": 1783009875.7625494,
"OECD, 한국 올해 경제성장률 2.6% 유지 전망": 1783009839.8802385,
"로빈후드 CEO, 암호화폐 미래는 실물자산에 있다고 발언": 1783009039.5548236,
"넥스트레이드, 모간스탠리·메릴린치 회원 승인으로 외국계 진출 확대": 1783008984.8253815,
"블루아울 사모대출 펀드, 2분기 47억달러 환매 요청": 1783008942.355625,
"휴머니티 프로토콜, 3,600만 달러 해킹 후 엔터프라이즈 AI로 방향 전환": 1783008105.2940054,
"미국 천연가스, 2030년 전 석유 추월 전망": 1783008072.0401769,
"국내 국고채 금리 전 구간 하락, 주식 급락으로 채권 선호 심화": 1783007137.1430135,
"미·이란 핵협상 진전으로 유가 급락, 비트코인 등 위험자산 강세": 1783006249.8134189,
"IQM 양자컴퓨터, 나스닥 상장…유럽 첫 주요 거래소 상장 양자 기업": 1783005432.708349,
"리플, XRPL 기관용 신용 인프라 개정안 제안…검증자 투표 진행 중": 1783005398.9301383,
"삼성전기, 유리기판 합작법인 지분 66.2% 확보…3,191억원 투자": 1783005345.9800766,
"크래켄 로보틱스, 코벨야 그룹 인수 완료": 1783004542.935445,
"미국 재무부, ISIS-K 관련 100개 이상 암호화폐 주소 제재": 1783004493.3206089,
"스탠다드차타드, EU 디지털자산시장법(MiCA) 라이선스 취득": 1783004459.9671702,
"미국 5월 공장주문 -1.3%, 예상 -1.8%보다 호조": 1783003730.9035125,
"FBI 국장 '스트레티지' 주식 6개월 지연 신고, STOCK법 위반 논란": 1783003699.1204922,
"메타마스크, 스테이블코인 연 4% 수익 제공하는 '머니 어카운트' 출시": 1783003638.8613553,
"서울 채권시장, 국고채 금리 전 구간 하락": 1783003591.2335715,
"SBI 크립토, 비트코인 채굴풀 7월 31일 폐쇄": 1783003544.042561,
"온도파이낸스, 블랙록 ETF·마이크론 주식 토큰화 출시": 1783002652.513342,
"UBS, 호르무즈 석유 흐름 회복에 2026~2027년 유가 전망 하향 조정": 1783001879.0135124,
"미국 주식시장 랠리 수혜 대부분 1%에 집중, 다수 가구는 투자 노출 전무": 1783001843.0524657,
"2025년 글로벌 개인자산 10.8% 급증, 거의 100만 명 신규 백만장자 탄생": 1783001803.9209013,
"SEC 피어스 위원 '클래러티법 올여름 상원 통과 예상'": 1783001744.3762424,
"리전스 파이낸셜, 투자은행 프레이저 래니어 인수해 지방채·기업증권 서비스 확대": 1783001086.8081076,
"아카마이, 보안 엔터프라이즈 브라우저 기업 레이어엑스 인수 완료": 1783001045.2758365,
"2026년 블록체인 주요 프로토콜 업그레이드 전망": 1783001005.073592,
"미국, 알리바바·앤트 기업 불법 의약품 유통 방지 실패로 6억 달러 합의": 1783000956.710781,
"온도파이낸스, 블랙록 IVV ETF와 마이크론 주식 토큰화해 출시": 1783000909.9066322,
"스탠다드차터드, 글로벌 은행 중 처음으로 기관에 USDC 직접 발행·환전 서비스 제공": 1783000865.168243,
"터키, EU 결제시스템 가입 추진": 1783000072.536518,
"중국 헝리, 서아프리카·중동 원유 구매 중단하고 생산 감축": 1783000034.799512,
"빗겟, 미국 주식옵션 거래 추가…Stock+ 플랫폼 확대": 1782999998.175204,
"미국 6월 비농업 고용 5.7만명, 예상의 절반 수준으로 노동시장 둔화 신호": 1782999944.7760572,
"트럼프 대통령, NATO 방위비 분담 재제기…'미국 독박 불공평'": 1782999093.3243535,
"팔머 러키·피터 티엘 지원 에레보르 뱅크, 80억달러 밸류션으로 펀딩 협상 중": 1782999048.5776455,
"나스닥 상장 한국 미디어 기업, 비트코인 모두 매각하고 AI로 전환": 1782998432.0350726,
"에이브, 모나드에 V3 대출 프로토콜 출시": 1782998388.7091312,
"카카오뱅크, 정기예금·적금 금리 최대 0.20%p 인상": 1782998333.1854212,
"영국 규제당국, 토큰화 결제 인프라 지원 발표": 1782998289.9020174,
"미국 클래리티법 7월 처리 무산, 상원 복귀 후 표결 예상": 1782998246.8191588,
"JPMorgan, 마이크로스트래티지의 비트코인 매도 정책 비판": 1782998187.7012198,
"코스피 7.89% 폭락해 7,648선에서 마감": 1782998149.02558,
"클리어원, 비바니 자회사 코르티젠트와의 합병 계약 체결": 1782997549.0189848,
"셈트렉스, 플랜트 엔지니어링 서비스 인수 완료…자동차·방위산업 진출": 1782997499.773769,
"아이페리온X, 캠든 인수 완료…미국 공급망 강화 위한 핵심 광물 확보": 1782997461.688733,
"줌, 커먼룸 인수…AI 기반 매출 플랫폼에 구매자 인텔리전스 기능 추가": 1782997425.801785,
"베조스 패밀리오피스, 6월 AI 스타트업 5곳에 투자…올해 가장 활발": 1782997367.147977,
"일본 증시, 해외 자금·개인 투자자 순매수 사상 최대…아시아 투자처로 부상": 1782997318.149723,
"앙쇼리지 디지털, 리도 지원 추가…기관 투자자에 wstETH 접근성 제공": 1782997266.1550107,
"영국 기업심리 악화, 이란 분쟁으로 원가 상승 부담": 1782996370.9162936,
"미국 6월 비농업 고용 5.7만명 증가, 예상 11만명 크게 하회": 1782996334.7248344,
"유럽 MiCA 규제 시행 3년, 암호화폐 규제 체계 재검토 착수": 1782995501.6948016,
"원/달러 환율 1,555.8원까지 상승, 2009년 이후 최고치 경신": 1782995447.0440805,
"엔저 급등, 달러 약세…NFP 앞두고 유럽 증시 마감": 1782994629.7581291
}