{
"미 상원, CLARITY 암호화폐 법안 7월 통과 추진": 1782764188.6372707,
"미·이란 군사충돌로 국제유가 상승…호르무즈 해협 긴장": 1782764138.1190042,
"SEC, 나노빗 암호화폐 사기 사건 최종 판결…500만 달러 이상 과징금 부과": 1782763243.292405,
"달러 엔화 환율, 40년 만에 최고가 기록…161.97까지 상승": 1782762434.2690606,
"미 대법원, 트럼프가 SEC·CFTC 위원 자유로이 해임할 수 있도록 판결": 1782762393.495353,
"한국은행, AI 확산이 미국 경제 성장 견인 중심축이라고 진단": 1782762337.5128047,
"수퍼마이크로컴퓨터, 대만 사무실 칩 밀수 혐의로 적발 조사": 1782760572.8542464,
"FDA, 일라이릴리·리제너론 등 7개사 신규 제약 시설 심사 프로그램 선정": 1782760539.7441413,
"컴캐스트, 미디어·통신 사업 분할해 독립 상장 추진": 1782758784.8254826,
"JP모건 임원진, 스테이블코인 이자 지급이 '그림자 금융'으로 변질될 수 있다고 경고": 1782758738.8431501,
"미국·이란 군사긴장 완화로 뉴욕증시 상승": 1782757839.7592366,
"미국 전략석유비축량 42년 만의 최저 수준으로 하락": 1782756933.0139325,
"코인베이스·크라켄·오케이엑스, EU MiCA 미인가 업체 사용자 포섭 시작": 1782756203.7648163,
"리플, XRP 원장 대출 프로토콜 개발 진행 중 - 온체인 구조화 대출 솔루션": 1782756153.4294555,
"갤럭시, 암호화폐 명확성법 2026년 통과 가능성 50%로 하향 조정": 1782756098.647611,
"비트코인 대출 시장, 기관 참여 확대와 강화된 위험관리로 새 국면 진입": 1782756052.1150713,
"JP모건, 미국 암호화폐 법안 지지하되 규제 위험 경고": 1782755177.9335136,
"EU 미카 규제 유예 7월 1일 종료…미인가 암호화폐 업체 대량 퇴출 전망": 1782755138.1789997,
"SK그룹, 반도체·AI 데이터센터에 2조원 투자 발표": 1782754239.7558613,
"BNY, 기관 커스터디 플랫폼에 USDC 발행·상환 기능 추가": 1782752505.217371,
"BNY and Circle expand partnership, adding mint and burn capabilities for USDC": 1782752452.4646258,
"골드만삭스, 금값 내년 말 온스당 4900달러 전망": 1782750761.7273557,
"BNY 멜론은행, USDC 발행·상환 기관 커스터디 플랫폼에 추가": 1782750709.956527,
"컴캐스트, NBC유니버설·스카이 분사해 통신과 콘텐츠 분리": 1782750650.0656302,
"QXO의 TopBuild 인수, 양사 주주 승인 완료": 1782748938.28544,
"암호화폐 160억 달러 해킹 손실의 40%가 개인 키 관리 부실 때문": 1782748884.1848035,
"시타델증권, 워시 연준 의장이 시장 예상보다 강한 매파 기조 보여": 1782748850.6750197,
"바이낸스 CZ, EU MiCA 인가 불승인은 정치적 개입 탓이라고 주장": 1782747969.959292,
"멕시코 최대 증권거래소 BMV, 데이터 장애로 전 시장 개장 중단": 1782747936.211961,
"마이클 세일러 회사, 비트코인 매도 전략으로 신규 자본 조달 계획 추진": 1782747139.7159655,
"JP모건, 블록체인 결제 네트워크에 아시아태평양 5개 통화 추가": 1782747079.474237,
"백악관, 암호화폐 명확성법 추진 위해 법 집행 기관과 협의": 1782747045.726718,
"클로드 신화와 AI의 DeFi 위협…보안팀도 같은 도구 접근 가능": 1782746309.8247554,
"미 대법원, 트럼프가 해임한 리사 쿡 연준 이사 직무복귀 결정": 1782746275.899735,
"EU MiCA 7월 1일 시행 임박, 최대 1000만 암호화폐 사용자 플랫폼 이탈 우려": 1782746240.9057925,
"체인분석 업체 체인알리시스, 블록체인 추적 표준 제안": 1782746181.083306,
"마이크로소프트, 6월 17% 하락…2000년 이후 최악의 월간 낙폭 기록": 1782746145.0732963,
"뉴욕멜론은행, 기관용 USDC 커스터디 및 발행 서비스 개시": 1782745305.5569756,
"리플, XRPL에서 토큰화 자산 담보 대출 표준 제안": 1782745249.7399886,
"미국 CBDC 금지 조항 포함 법안, 트럼프 서명 절차 진입": 1782744366.8121903,
"비트마인, 이더리움 570만개 보유…유통량 4.7% 확보": 1782744336.004165,
"비탈릭 부테린, 암호화폐의 핵심 기술이 실제 사용 단계 아직 멀다고 지적": 1782741690.8238366,
"JP모건, 펀칭 선물에 대한 기관 수요 제한적": 1782741653.9860318,
"트럼프 대통령, 30일 도하 이란 회담 예고…이란은 부인": 1782740735.0093534,
"마이클 세일러 회사, 비트코인 매각권으로 배당금·자사주 매입 재원 확보": 1782739895.8307948,
"국내 국고채 금리 전 구간 상승": 1782739845.0256555,
"미국·이란 공격 중단, 월스트리트 상승 전망": 1782739050.237705,
"블랙록 알라딘, 에스나 스테이블코인 USDe 지원 강화": 1782739013.0214458,
"브릭 SDK, 비트코인에서 스테이블코인으로 직접 송금 지원": 1782738977.3196046,
"퀘벡 이노베이티브 머티리얼즈, 자연수소 16% 고농도 발견": 1782738940.8753107,
"마이클 세일러 회사, 비트코인 매입 일시 중단하고 10억 달러 규모 디지털 채권 매입 프로그램 수립": 1782737333.4886854,
"미국·이란 중재자들 양국 협상 앞두고 완화 채널 구축": 1782737212.2098567,
"한국 정부, 반도체 산업 주도권 사수 위해 911조원 메가 투자 계획 발표": 1782737177.874859,
"미국 CLARITY 법안 상원 일정 부족으로 2026년 통과 확률 50%로 하향": 1782737138.6962278,
"마이클 세일러 회사, 최대 20억 달러 규모 자사주 매입 및 비트코인 매도 프로그램 승인": 1782735339.3348346,
"예측시장 구조 통합, 대규모 인수합병 물결 촉발 가능성": 1782734449.7350926,
"2026년 2분기 10억달러 이상 스타트업 엑시트 5년 만에 최활발…스페이스X 상장·초대형 M&A로 회수시장 부활": 1782733539.7359166,
"예측시장 구조 통합이 인수합병 물결 촉발할 수 있다는 분석": 1782732701.1413827,
"펀드뱅크, IRACE디지털로 사명 변경…전통금융과 암호자산 연결": 1782732644.847261,
"유럽 암호화폐 라이센스 244개 승인… 독일이 주도적 지위": 1782731835.9986174,
"비탈릭 부테린, 난독화 기술로 개인정보 보호 온체인 투표 가능성 제시": 1782731785.149044,
"코스피200 변동성지수 사상 최고 기록… 한국 증시 불안심리 확대": 1782731740.4670022,
"콘페리, 영국 인사컨설팅사 AMS 11억 달러에 인수 합의": 1782730990.1418092,
"FTAI 인프라, 타이드워터 로지스틱스 인수 완료": 1782730947.425873,
"자이모웍스, 테라반스 바이오파마 9억2900만 달러에 인수": 1782730908.0740716,
"우크라이나, 해킹조직 적발 후 830만 달러 규모 암호화폐 국가 관리 시작": 1782730853.5158901,
"중동 유전국들, 선박 공격에도 유류·LNG 해상 수송 지속": 1782729936.0417306,
"미국 Z세대, 아메리칸드림 달성 불가능 기로에…경제학자들 경고": 1782729045.1817856,
"유럽 미인가 암호화폐 사업자, MiCA 규제 최종 기한 도래로 사업 중단 압박": 1782728191.4557252,
"비트코인 4년 사이클 분석…2026년 10월 저점 가능성": 1782728136.1002553,
"키움증권, 빗썸 지분 인수 추진…한국 증권사 암호화폐 시장 진출 확대": 1782727290.8957245,
"인도 규제 강화로 USDT 프리미엄 8.5% 급등": 1782727251.7245612,
"유로존 6월 경제신뢰지수 소폭 반등": 1782726337.1405406,
"영국 5월 모기지 승인 급락": 1782724539.917429,
"식스스트릿, 몬누먼트 리 인슈어런스 지분 인수 발표": 1782723705.1475153,
"BIS, 스테이블코인이 화폐보다 ETF에 가깝고 환위험 야기한다고 경고": 1782723650.852478,
"스타링크, 베네수엘라 지진 이후 무료 인터넷 제공": 1782722812.97941,
"미국·이란 기술팀, 도하에서 양해각서 이행 협의 예정": 1782722780.8191426,
"1천억원대 주가조작 혐의 피의자 4명, 7월 1일 구속 심사": 1782722739.0443583,
"갤럭시, 미국 암호화폐 규제 법안 CLARITY Act 2026년 통과 확률을 50%로 하향 조정": 1782721839.951546
}