{
"바이낸스·창펑자오, 영국 투자자들로부터 2억달러 소송": 1782855101.0743806,
"트럼프 대통령, 1억달러 이상 가상자산 보유…밈코인·NFT 로열티 6억3500만달러": 1782855043.3292394,
"한국 경제성장률 4% 돌파 전망, 반도체 수출 호황 견인": 1782854247.794254,
"ENS 공동설립자 존슨, 보안위원회 재승인 80% 투표로 저지": 1782854196.8763492,
"해외 거래소들 한국 증시 연계 고배수 선물 잇달아 출시": 1782854144.3040745,
"데이터독, 프런티어 AI 스타트업 어댑티브ML 인수": 1782853497.4208367,
"도지 재단 자회사 House of Doge, 브래그 하우스와 합병 완료해 나스닥 상장": 1782853448.0082064,
"SEC seeks public comment on regulating next generation of ETFs": 1782853403.325756,
"뉴욕라이프 자산운용, 센트리퓨지와 협력해 토큰화 채권펀드 출시": 1782853358.6165125,
"블룸 에너지·브룩필드, AI 인프라 파트너십 5배 확대해 250억 달러 규모로": 1782853299.0763853,
"팬텀 월렛, 하이퍼리퀴드 시장 조성자 영입으로 무기한 선물 강화": 1782853255.8698993,
"트럼프 행정부 부통령 밴스, 이란 폭격 재개 가능성 시사": 1782852393.5832615,
"미시간주, 칼시 예측시장 스포츠 베팅 14일 임시 금지": 1782852338.7516298,
"비트코인 장기 보유자 45% 손실 상태, 과거 약세장 저점 신호": 1782851440.9085279,
"뉴욕증시 반도체주 강세로 상승 마감, 나스닥 1.52% 상승": 1782850595.4313624,
"미국-이란 대화 재개 가능성에 국제 유가 하락": 1782850537.316653,
"비자·마스터카드 등 140개 기업, 새로운 달러 스테이블코인 오픈USD 추진": 1782849695.5623868,
"EU MiCA 규제 7월 1일 시행, 미인가 암호화폐 거래소 80% 폐쇄 위기": 1782849653.1045196,
"캐나다 2분기 초반 경제성장 탄력, 무역 불확실성 지속": 1782848734.6004577,
"미 연방법원, 메타의 소송 기각 신청 거부…청소년 중독 소송 진행": 1782847844.3475068,
"미 대법원, 독립규제기관 위원 해임 제한 폐기…91년 원칙 뒤집어": 1782846941.1582687,
"나스닥, Pyth 통해 실시간 시장 데이터 블록체인 공급 확대": 1782846053.5147228,
"스트라이프·코인베이스 주도 스테이블코인 오픈USD, 채택 확산에는 어려움": 1782845135.4741685,
"네타냐후 이스라엘 총리, 점령 중인 남레바논 방문해 당분간 철수 계획 없다고 발표": 1782843396.358709,
"비트코인 채굴 사업자들, AI 기업 수요 충족을 위한 전력 인프라 자산화 추진": 1782843339.198642,
"슈나이더 일렉트릭, 산업용 AI 기업 코그나이트 31억 달러에 인수": 1782842608.6531687,
"SEC, 암호화폐 ETF 포함 신규 ETF 규제 검토 시작": 1782842555.2120874,
"한국거래소, 에스씨엠생명과학 공시 오류로 투자자 배상": 1782842511.5191674,
"트럼프 행정부, USMCA 연장 거부 선언 예정": 1782842453.6388185,
"블랙록, 에테나 USDe를 기관투자 플랫폼 알라딘에 통합": 1782840682.629457,
"암호화폐 업계, 2026 미국 선거에 1억 8900만 달러 정치자금 투입": 1782840622.034999,
"SEC, 예측시장 연동 ETF 규제 검토 착수": 1782840571.1010613,
"트럼프, 모로코산 인산비료 관세 최대 8개월 면제": 1782839738.1242445,
"UAE, OPEC 탈퇴 후 기록적 수준의 유량 수출": 1782838065.4791462,
"중국 망명자 고우스 10억 달러 사기 혐의로 30년형 선고": 1782838030.9622061,
"기업 42%, 국경간 결제에 스테이블코인 사용…12개월 내 도입 가능성 높아": 1782837979.8529885,
"달러지수 13개월 최고 수준, 엔화 36년 저점 경신": 1782837941.2970932,
"제프리스, 암호화폐 시장 변동성 경고…CLARITY 법안 상원 표결 앞두고": 1782837088.2823217,
"칼시, FIFA 월드컵 공식 예측시장 파트너로 합류…1.5억달러 제안 거절하고 2천만달러로 계약": 1782837042.837482,
"브링크스, NCR 애틀로스 인수 주주 승인 획득": 1782835350.1921918,
"네덜란드 검찰, 무면허 암호화폐 거래소 크나켄 파산 청구": 1782835297.0933185,
"에코프로, 인도네시아 니켈 제련소에 1조 5천억 원 투자": 1782835248.1395683,
"스트라이프·비자·마스터카드·블랙록·코인베이스·리플 등 140개 기업 새 달러 스테이블코인 '오픈USD' 공개": 1782834336.1518903,
"한국투자증권, 모간스탠리와 협력 확대…글로벌 펀드 국내 상장 추진": 1782832537.6889691,
"얼리전트, 썬컨트리 인수로 Q2 실적 전망치 상향 조정": 1782831776.0126984,
"영국, 파라마운트-스카이댄스 합병 거래 개입 검토": 1782831732.9712265,
"바이낸스, BTCU·ETHU 무기한 선물 계약 7월 1일 출시": 1782831695.2922301,
"미국 6월 소비자신뢰지수 91.2, 유가 하락으로 소폭 반등": 1782831658.009632,
"OpenAI, 추론 비용 50% 절감 방법 발견": 1782830952.0882444,
"Circle 주가 8% 하락, Stripe·코인베이스·블랙록 경쟁 스테이블코인 추진": 1782830917.3792768,
"매그니피센트7 시가총액 2.3조 달러 급락, AI 자금 반도체로 이동": 1782830879.3141491,
"리플 CTO, XRPL 프런트러닝 차단용 거래 예약 메커니즘 제안": 1782830837.4809122,
"제프리스, CLARITY 법안 상원 투표 앞두고 암호화폐 시장 변동성 경고": 1782830806.30663,
"Zcash 재단 산하 Sovright, ZEC 지갑 복구 도구 출시": 1782830746.761963,
"메타마스크, mUSD 스테이블코인으로 최대 연 4% 수익 제공하는 머니 어카운트 출시": 1782829923.480591,
"미국 5월 구인건수 760만건으로 전월 동수준 유지": 1782829865.170666,
"미국-이란 긴장 고조로 중동 주요 증시 약세": 1782829148.4224832,
"미국 전략석유비축량 5.5백만 배럴 감소, 1983년 이후 최저 수준": 1782829091.9855523,
"샤프링크, 7500만 달러 자금 조성 후 1만 이더리움 매수 및 자사주 2.13만 주 매입": 1782829040.2894425,
"동탄·기흥·구리 7월부터 주택대출 규제 강화": 1782829004.7109778,
"한국 국고채 금리 전 만기 구간 일제히 하락": 1782828955.8954852,
"OKX, AI 에이전트 경제를 위한 마켓플레이스 베타 출시": 1782828183.0576491,
"토큰화 기업 시큐리타이즈, 7월 2일 NYSE 상장…RWA 산업 제도권 진입 신호": 1782828150.4923723,
"EU MiCA 규제 7월 1일 전면 시행, 암호화폐 기업들 두바이로 사업 거점 이동": 1782828099.457934,
"메타마스크, 스테이블코인 수익 창출 통합 지갑 'Money Account' 출시": 1782828055.1796708,
"미국 주택가격 상승률 둔화, 실질 주택가치 11개월 연속 하락": 1782827135.04903,
"스트래티지 신규 비트코인 자본 구조에 월가 지지, 벤치마크 목표가 570달러": 1782826247.0894513,
"미국 특사 윗코프·쿠시너 카타르 방문, 이란과 직접 만남 없음": 1782825470.9524684,
"카타르 외교 불확실성, 미국-이란 핵합의 전망 흐림": 1782825425.7224128,
"캐나다 4월 GDP 0.5% 증가, 예상 0.4% 상회": 1782825381.6055648,
"테오, 피델리티 토큰화펀드에 2000만 달러 투자": 1782825339.3023205,
"국회 정무위원장에 유동수 의원, 간사에 박상혁 의원 선출": 1782824513.508391,
"나스닥, 블록체인 인프라를 통한 시장 데이터 배포 확대": 1782824454.4558656,
"스타크웨어, 스타크넷 양자내성 로드맵 공개…수개월 내 양자 대비 완료 계획": 1782823585.0970747,
"TD 코웬, 비트코인 약세 전망에 스트래티지 목표가 400달러에서 260달러로 인하": 1782823536.7770686,
"스피코, 코인베이스 스테이블코인 결제로 EU 규제 Treasury 펀드 연동": 1782822643.8417165,
"한국 외환당국, 1분기 136억 달러 순매도로 원화 급락 대응": 1782821738.5606124,
"코르텐캐피탈·앰퍼샌드, 비콘 인텔리전스 인수 완료": 1782821047.1630921,
"패트릭 인더스트리, LCI 인더스트리 전량주식 합병": 1782820993.3105721,
"뉴욕라이프, 센트리퓨지와 토큰화 고수익 채권펀드 출시": 1782820939.5284681
}