{
"독일 6월 서비스업 PMI 48.6, 3개월 연속 활동 위축": 1783066539.207627,
"쿠코인, PNUT·FLOKI·GALAX·LUNA 교차마진 거래 서비스 상장 폐지": 1783065647.1819522,
"스페인 6월 서비스업 PMI 54.2, 예상치 상회": 1783064789.5538125,
"글로벌 거래소, TradFi 자산 상품 확대 경쟁": 1783064735.7897978,
"미국 상원, 비트코인 클래리티법 최종 문안 수일 내 공개 전망": 1783062977.2064173,
"한국 외국인직접투자 상반기 9.1% 증가, 142억8천만 달러": 1783062942.2898278,
"칼스버그, 인도 상장 추진…7억 달러 규모": 1783062056.1085176,
"19세 '스캐터드 스파이더' 용의자 미국으로 송환…800만 달러 암호화폐 몸값 사건": 1783060298.0213723,
"바이낸스, MiCA 규제 관련 입장 표명…그리스 요건 충족": 1783060249.503906,
"모건스탠리, 비트코인·이더리움·솔라나 현물 ETF 신청서 제출": 1783059386.8795097,
"골드그룹, 골드리소스 인수 공식 승인…99.99% 찬성으로 통과": 1783059339.3760576,
"SEMI, 미국 정부의 메모리 반도체 가격 개입 경고…공급 확대에 집중할 것 촉구": 1783058502.1546924,
"비트코인 현물 ETF에 2억2100만 달러 순유입…10일 연속 유출 기록 종료": 1783058451.5075445,
"바이낸스, 데이타IP 선물 계약 상장": 1783057533.3946908,
"쿠코인, 알티마(ULTIMA) 토큰 마이그레이션 완료": 1783053042.7268128,
"이더리움 현물 ETF 이틀째 순유입…블랙록이 주도": 1783052174.493507,
"미국 6월 고용 5.7만명 증가에 그쳐…금리인상 전망 후퇴": 1783052140.9595141,
"UBS, 호르무즈해협 유량 개선으로 브렌트유 가격 전망 인하": 1783050393.4144893,
"RWA 토큰화, 규제 미비 지역은 해외 진출 우선 고려해야": 1783050341.8380175,
"비트와이즈, STRC 사건 후 스트래티지의 중요성 감소할 것": 1783049444.9848528,
"미국 AI 붐 속 유럽 주식에 투자 자금 유입": 1783048621.0816941,
"미국-이란 협상 진전 부족으로 걸프만 시장 약세": 1783048576.4750896,
"OKX, 선물거래 쿨오프 기간 업그레이드 실시": 1783048535.9733264,
"세큐리타이즈, NYSE 상장 후 솔라나·아발란체에서 토큰화 주식 거래 개시": 1783046783.2584841,
"정부, 환율 급등으로 어려움 겪는 중소기업에 15조원 긴급 지원": 1783046738.80692,
"지캐시 개발팀 이사회 분쟁으로 일괄 사임…후속 팀 구성 추진": 1783045898.6569026,
"미 상원, 27일 암호화폐 법안 투표…3개월 만에 최대 ETF 순유입": 1783045863.5217466,
"중국 서비스업 성장률 소폭 둔화, 수출주문 20개월 만에 최고": 1783044940.4891255,
"일본 서비스업 활동 회복, 4년래 최고 인플레이션 수준의 원가 상승": 1783041336.2061086,
"사모신용펀드 환매 청구 156억달러 중 환금액은 59억달러에 불과": 1783039539.1521552,
"써클 USDC 수익구조 위협 받나...OpenUSD 출범 후 주가 17% 하락": 1783038647.8354468,
"호주 서비스업 활동 회복하나 기업신뢰도 2.5년래 최저": 1783037737.0902293,
"뉴질랜드 소비자신뢰지수 반등, 인플레이션 기대치 하락": 1783035935.5610316,
"Circle 주가 4.31% 상승, 스탠다드차타드와 USDC 협력 확대": 1783034183.4393754,
"솔라나, 온체인 거버넌스 시스템 SGP 도입": 1783034136.3853674,
"북한 연계 해킹 조직, 올해 상반기 가상자산 해킹의 66% 차지": 1783032372.930233,
"한국 원화 현물환 시장 6일부터 24시간 거래 시작": 1783032338.239775,
"미국 6월 고용 5.7만명 증가, 예상의 절반…월가 AI주 차익실현하고 경기방어주로 선회": 1783031447.8851306,
"리플 공동창립자, 美 상원의원 아들이 주도한 파생상품 거래소 지원": 1783030537.7300067,
"글로벌 외환시장, 강달러와 엔 캐리 트레이드 청산 리스크 경고": 1783029690.2012913,
"트럼프 대통령, 지난해 14억달러 가상자산 수익 관련 \"몰랐다\"": 1783029653.9980206,
"샘 알트만, 미국 정부에 오픈AI 지분 5% 제시": 1783028732.287007,
"국내 휘발유·경유 가격 급락, 7일 만에 각각 88원·91원 하락": 1783027020.0812132,
"러시아, 9월 1일 디지털 루블 본격 도입 예정": 1783026974.5281801,
"한국 6월 외환보유액 427억달러, 5월 감소세 후 반등": 1783026936.7303183,
"미국 재무부, ISIS-K 관련 트론 지갑 130개 이상 제재": 1783026050.733061,
"미국 6월 비농업 고용 5.7만명, 달러 약세 심화": 1783025036.3345993,
"캐터필러, 매출 174억 달러로 22% 증가…데이터센터 전력 사업 확대": 1783023447.3271127,
"세큐리타이즈, NYSE 상장 주식의 온체인 거래 시작": 1783023395.8296194,
"미국 6월 고용지표 부진에 증시 업종별 차별화": 1783023341.870259,
"미국 상원, 비트코인 클래리티법 최종 문안 수일 내 공개 예정": 1783022490.3547697,
"미국-이란 협상 성과 없이 종료, 유가는 소폭 상승": 1783022455.092724,
"이스라엘, 4월 휴전협상 중 이란 외교부장관·의회의장 암살 기도 추진했다는 미국 관계자 우려": 1783021533.3943732,
"IMF, 토큰화가 결제·금융안정성 혁신할 수 있다고 평가": 1783020716.711283,
"미국 고용지표 부진에 달러 약세…달러·원 환율 1540원으로 하락": 1783020685.7487905,
"eToro, 온체인 선물거래 플랫폼 익스텐디드에 1250만 달러 투자 주도": 1783020652.1809487,
"나스닥 상장사 노세라, 1대30 역주식 분할 단행": 1783019895.3925755,
"블루아울 캐피털, 2분기 47억 달러 환매 요청 받아": 1783019853.8529096,
"러시아 중앙은행, 디지털 루블 9월 1일 출시 예정": 1783019794.911667,
"CFTC 의장, 일리노이주 암호화폐 거래세 0.2% 비판": 1783019741.490846,
"라가르드 ECB 총재, 지난달 금리인상 재확인": 1783018856.7152698,
"쿠웨이트, 이란 핵협상 진전 후 6월 석유 생산량 급증": 1783018030.2006881,
"블랙스톤 산하 QTS 데이터센터, 버지니아 대규모 센터 건설 중단": 1783017994.210672,
"블랙록 지원 토큰화 업체 세큐리타이즈, NYSE 상장…솔라나·아발란체서도 거래": 1783017940.504457,
"GE 베르노바, AI 호황으로 데이터센터 장비 수주 급증": 1783017051.955193,
"미국 6월 비농업 고용 5.7만명, 예상의 절반 수준": 1783016137.9955084,
"TWO 주주총회, 크로스컨트리 합병 승인": 1783015253.8556795,
"FBI 국장 카시 패텔, 스트레티지 주식 6개월 지연 신고…STOCK법 위반 논란": 1783013579.428372,
"아일랜드 당국, 약물 밀반입자 클리프턴 콜린스의 5억 달러 상당 비트코인 추가 회수": 1783013530.8787327,
"캐나다 펨비나, 46억 달러 규모 AI 데이터센터 전력공급 발전소 건설 최종 결정": 1783012595.1853776,
"AI 데이터센터 메모리 수요 폭증으로 반도체 공급 부족…애플·삼성·MS 등 주요 제조사 잇달아 가격 인상": 1783012538.3947203,
"온도, 토큰화 주식에 온체인 주주 투표 기능 추가": 1783011770.8154995,
"미국 30년 모기지 금리 6.43%로 하락, 6주 만에 최저": 1783011735.0942292,
"비트와이즈, STRC 하락은 사이클 바닥 신호라고 평가": 1783011697.5725377,
"이토로, 온체인 선물거래 플랫폼 익스텐디드에 투자": 1783011660.2836983,
"로빈후드, AI 에이전트·레이어2 블록체인 공개…주가 7% 급등": 1783010779.5280755,
"국민연금, 리밸런싱 충격 완화에 나서": 1783010742.0052068,
"바이비트, 페루에서 암호화폐 카드 출시": 1783009875.7625494,
"OECD, 한국 올해 경제성장률 2.6% 유지 전망": 1783009839.8802385,
"로빈후드 CEO, 암호화폐 미래는 실물자산에 있다고 발언": 1783009039.5548236
}