{
"영국 FCA, 스테이블코인 자본 완충금 요건 인하…EU 규제 기준과 하향 차등": 1782814537.861579,
"키움증권 전산 오류로 반대매매 피해…투자자 손실 발생": 1782813652.3432064,
"라가르드 ECB 총재, 유럽 경제 탄력성으로 금리 인하 여지 확대": 1782812780.302166,
"이탈리아 6월 물가지수 예상보다 낮음…서비스 물가 완화": 1782812736.8981128,
"'47 로닌' 영화감독, 넷플릭스 1100만달러를 도지코인 투기에 썼다가 30개월 징역형": 1782811843.4330106,
"미시간 판사, 예측시장 플랫폼 칼시의 스포츠베팅 제공 임시 차단": 1782810940.3104632,
"독일 6월 주간 물가지수 4곳 모두 전월 하락": 1782809137.5208395,
"버핏, 게이츠재단 기부금 지급 연기…에프스타인 관계 검증 중": 1782808342.7692218,
"셀시우스 연계 비트코인 채굴업체 아이오닉 디지털, 나스닥 직접상장 추진…AI 인프라 전환": 1782808293.0841355,
"키움증권, 빗썸 지분 투자 검토…금융권의 거래소 전략적 진출 가속": 1782808244.3768244,
"독일 6월 실업률 예상 다르게…취업자 1000명 증가": 1782807344.0204206,
"국부펀드들 비트코인 저가 매수 중, 수주 내 보유 공개 예상": 1782805538.8767915,
"프랑스 6월 소비자물가, 예상치 하회…연 1.8% 상승": 1782803792.5212598,
"영국 FCA, 암호화폐 규제 최종 프레임워크 확정…2027년 10월 의무 인허가": 1782803745.7805314,
"독일 5월 소매판매 전월대비 1.1% 증가": 1782801981.5358694,
"호주 암호화폐 여행 규칙 7월 시행": 1782801935.364265,
"유럽 MiCA 규제로 암호화폐 기업들 두바이로 이동 가속": 1782801046.2221577,
"중국 억만장자, 암호화폐 관련 10억 달러 사기 혐의로 30년 징역 선고": 1782799300.5508363,
"ARK 인베스트, 암호화폐 관련주 4350만 달러 추가 매입": 1782799250.2722495,
"바이낸스, 주식 인덱스펀드 기반 bStocks 5개 종목 현물 거래 쌍 추가": 1782798382.0448031,
"a16z crypto, 한국 스테이블코인·RWA 기반 기관 인프라 급속 구축 진단": 1782798339.2598948,
"JP모건 '클래리티법 취지는 공감하되 현행 규제로도 디지털자산 혁신 충분'": 1782797445.479056,
"캐나다 BMO, 호주 금융 회사 인수…AI 도입 가속화": 1782796537.346226,
"스트라드비젼, 코스닥 상장 첫날 공모가 대비 39% 하락": 1782795647.6807983,
"인도 인프라 대기업 샤푸르지, 채권 상환 연기 요청": 1782794794.0194457,
"BIS, 스테이블코인을 화폐 아닌 ETF형 자산으로 분류": 1782794738.3535247,
"엔화, 40년 만의 약세 기록…아시아태평양 외환 시장 요동": 1782792997.4825678,
"비트마인, 이더 보유량 570만 개로 증액…러셀 1000 지수 편입": 1782792940.3019598,
"쿠코인 선물, CAP 영구선물 상장…최대 10배 레버리지": 1782792165.8584962,
"쿠코인 선물, MVLL·STRC 주식지수 영구선물 상장": 1782792108.5944118,
"주권펀드들, 비트코인 하락을 진입 기회로 평가": 1782792052.10177,
"중국 2분기 GDP 4.6% 둔화 전망…내수 부진 신호": 1782791136.1013906,
"미국 SEC, 암호화폐 사기 혐의 나노빗에 540만 달러 배상 판결": 1782790278.6358266,
"토큰화 기업 시큐리타이즈, 뉴욕증권거래소 상장 승인": 1782790242.5465999,
"쿠코인, STORY(IP) 컨버트 상장 폐지": 1782789552.2499304,
"인도·중국, AI 산업 낙후로 주요 기업 시가총액 점유율 감소": 1782789496.174629,
"OKX, 비트센서(TAO) 현물 거래 상장": 1782789458.6050239,
"미국 클래리티법, 2주간 핵심 협상 진입…7월 말∼8월 초 상원 표결 가능": 1782789401.9341938,
"오션퍼스트, 13억 달러 규모 다가구 대출 포트폴리오 매각 완료": 1782789342.3868747,
"우리자산운용, AI 성장펀드 출시…테슬라·현대차 핵심 편입": 1782787539.9024448,
"금감원, 채권형 랩 어카운트 부당운용 증권사에 70% 손해배상 결정": 1782786643.9611635,
"중국 6월 제조업 PMI 50.3, 예상치 상회": 1782785843.1525378,
"금융위, 새도약기금으로 취약계층 장기 연체채권 5천억원 소각": 1782785796.723878,
"금호건설, 호남 반도체 클러스터 기대감에 17% 급등": 1782785739.014233,
"슈퍼폼, 한국 금융기관과 협력 논의…온체인 금융·자산 토큰화 전략 수립": 1782784850.4309719,
"월스트리트 상승 마감, 다우지수 사상 최고가 경신…미-이란 휴전 영향": 1782783968.663535,
"트럼프, 휘발유 소매점에 가격 인하 촉구…불응 시 '큰 문제' 경고": 1782783935.8575468,
"아서 헤이즈, 220만달러 규모 시냅스 토큰 매수…하이퍼리퀴드 생태계 기대": 1782783081.4652684,
"싱가포르, 하이퍼리퀴드에 경고…인도네시아 암호화폐 인플루언서 인증 제도 도입": 1782783045.449054,
"삼성전기, 세종공장 조 단위 증설 발표 예정…AI 서버용 기판 생산라인 구축": 1782780335.8188264,
"일본 5월 산업생산 전월비 0.5% 증가, 예상(1.1%) 하회": 1782778582.1096387,
"한국수출입은행, 설립 이후 처음으로 AI 반도체 벤처 퓨리오사에이아이에 200억원 직접 투자": 1782778538.5729835,
"NFT 주간 판매량 5106만달러로 증가...거래자 참여도 확대": 1782776736.8616965,
"미 투자은행들, 올해 기준금리 연말까지 동결 예상": 1782775843.3761473,
"호르무즈 해협 통과 유조선 증가로 유가 하락": 1782775215.1826136,
"EU-중국 무역 협의 메커니즘 출범…희토류·수출규제 협상": 1782775159.743319,
"스테이블코인, 보험업 결제·정산 인프라로 주목…교보생명 기술검증 중": 1782775104.2633255,
"영국, 암호화폐 규제 체계 확정…2027년 2월 인가 기한": 1782775044.4861739,
"Circle, BNY와 스테이블코인 인프라 파트너십 확대": 1782774997.9613857,
"토큰화 기업 Securitize, NYSE 상장 승인": 1782774944.8281083,
"트럼프 대통령, CBDC 금지 조항 포함 주택법 검토 중": 1782771449.1320908,
"오픈페이드, 타이탄 인수합병 통해 나스닥 상장 추진": 1782771389.7301435,
"지난달 회사채 발행 15% 감소…우량채만 발행": 1782771346.8266401,
"틸레이, 헬로엠디 인수로 의료용 대마초 플랫폼 확대…캐나다 환자 접근성 강화": 1782770525.5714707,
"해먼드파워솔루션, AEG 파워솔루션 인수 완료…약 3.65억 캐나다달러": 1782770488.023484,
"달러 강세 지속, 금값 약세…시장 미국 고용지표·연준 의장 발언 주시": 1782770450.6143613,
"한국 상장사 한계기업 비중 27.6%로 급증…5년간 15.8%포인트 상승": 1782769535.876526,
"마이클 세일러 회사, 9일 연속 낙폭 후 회복…강화된 자본 운용 체계 도입": 1782768641.735453,
"이란 대통령, 트럼프 발언에 \"근거 없는 위협\" 반박": 1782767873.216209,
"세일즈포스, 6월 중 AI 관련 인수 3건 추진…월스트리트 의심 여전": 1782767822.8357217,
"전국 휘발유 1,960원대로 3주 연속 하락": 1782767771.4258704,
"자영업자 대출 1,095조원 돌파, 연체액도 22조원까지 급증": 1782767737.8790152,
"PACS 그룹, 미국 6개 주 간호시설 34곳 인수 합의": 1782766887.25052,
"알카미 테크놀로지, 액티비스트 펀드 자나가 지분 인상·매각 압박": 1782766851.925109,
"중국 산업 이익 회복력 유지, 제조업·수출 중심 경제 전략 지속": 1782765981.1713219,
"미 CLARITY 암호화폐 법안, 11월 중간선거 전 통과 '불확실'": 1782765935.7129421,
"미 상원, CLARITY 암호화폐 법안 7월 통과 추진": 1782764188.6372707,
"미·이란 군사충돌로 국제유가 상승…호르무즈 해협 긴장": 1782764138.1190042,
"SEC, 나노빗 암호화폐 사기 사건 최종 판결…500만 달러 이상 과징금 부과": 1782763243.292405,
"달러 엔화 환율, 40년 만에 최고가 기록…161.97까지 상승": 1782762434.2690606
}