{
"터키 에르도안, NATO 동맹국들에 방위산업 규제 해제 촉구": 1783518549.1393042,
"트럼프, NATO 지도자들에 미국의 동맹 유지 의사 표명": 1783518512.9928546,
"인도 암호화폐 거래자 25% 미만만 세금 신고, 대규모 미신고 적발": 1783518458.8849893,
"비트코인 거래소 불 비트코인, 프랑스 DAC8 규정 폐지 소송 제기": 1783518418.6526754,
"코스피 8일 5.35% 급락해 7,246선 마감, 반도체주 약세 주도": 1783518364.668789,
"쿠코인, Story(IP) 토큰명을 Data Network(DATA)로 변경 완료": 1783517508.129045,
"카자흐스탄 대통령, 암호화폐 채택 가속화 령 서명": 1783517452.9145446,
"헙셋 국방부 장관, 터키 F-35 판매 문제로 네타냐후 회담 취소": 1783516537.8192842,
"뱅가드, 디지털자산 부문장 채용…기관 투자자의 암호화폐 진출 가속": 1783515659.0492196,
"미국 컨테이너 수입 6월 8% 증가": 1783514736.4699392,
"앤젤리스트, 리플과 암호화폐 결제 플랫폼 협력 종료": 1783513848.6414602,
"OKX, CARDS/USD 현물거래 쌍 상장": 1783513192.9802456,
"러시아산 우랄유, 인도에서 배럴당 10달러 이상 할인 확대": 1783513160.1421647,
"EU 항공청, 8월 31일까지 이란·이라크·레바논 공역 회피 권고": 1783513116.6814957,
"중동 분쟁 재개로 유가 급등, 비트코인 인플레이션 압박 심화": 1783513071.2675102,
"스트래티지, 2억1600만달러어치 비트코인 2만 개 가량 매각": 1783513026.2758825,
"테더 억만장자로부터 받은 파라주의 500만 파운드 선물, 영국 은행권 의심거래 신고": 1783512989.5298152,
"코스피·코스닥 5% 넘게 급락, 매도 사이드카 발동": 1783512943.346283,
"킥오프, 서비스 뷰로 기술·고객사 인수로 기업신용플랫폼 확장": 1783512354.5738947,
"바이옴엑스, 이스라엘 보안 인프라 회사 인수 추진": 1783512306.3477197,
"에어라이프, GNG 지분 인수로 헬륨 공급망 통합": 1783512263.1745775,
"드림 파인더스, 비저 홈스 인수 제안 상향 재제시": 1783512204.5978746,
"케모맙·사이퍼 메디신 합병 협의, AI 기반 류머티스 임상 추진": 1783512162.265973,
"미 연방준비제도, 금리 인상 방향 내부 '갈등' 심화": 1783512109.6808164,
"바이낸스 체인, 에이전틱 트레이딩 전용 레이어1 구축": 1783512064.129207,
"토스, 옵티미즘과 한국 원화 스테이블코인 POC 추진": 1783511137.0312595,
"인도 중앙은행, 암호화폐 금지 입장 재확인": 1783510312.8998644,
"트럼프 이란 공습 후 휴전 종료 선언, 암호화폐·주식 동반 하락": 1783510261.2092168,
"페트로브라스, 브라질 규제당국과 5,800만 달러 규정 준수 계약": 1783509429.1827164,
"카타르 LNG 유조선, 호르무즈 해협 근처 충격 후 구난 대기": 1783509384.624903,
"트럼프, 이란과의 양해각서 종료 선언…유가 급등": 1783509338.2763507,
"EU 규제당국, MiCA 전환 후 암호화폐 보관 리스크 점검 본격화": 1783508455.7486718,
"칼시, 뉴욕 도박법 차단 신청 기각에 즉시 항소": 1783507540.408193,
"베라체인, 하드포크로 이중토큰 폐지하고 WBERA 보상으로 전환": 1783506648.486607,
"쿠웨이트, 정전 이후 모든 주거지역 전력 공급 복구…바레인도 제한적 정전 해결": 1783505800.0557532,
"인도 루피화, 유가 급등에 약세…포트폴리오 유입이 낙폭 제한": 1783505739.22193,
"인도 중앙은행, 암호화폐 금지 입장 유지": 1783504893.2528567,
"미국 대형 은행들, 결제망 인수 검토 중": 1783504855.0151365,
"쿠코인, 크로스 더 에이지(CTA) 상장폐지": 1783503934.1343803,
"XRP 레저 새 업그레이드 출시, 합의 진행 중": 1783503048.663792,
"트럼프, 이란과의 휴전협정 '종료' 선언": 1783502265.381147,
"코스피 8일 반도체 약세·중동 긴장으로 7,000선 위협, 5% 급락": 1783502211.900455,
"나이절 파라주, 테더 투자자로부터 받은 선물 관련 조사로 의원직 사임": 1783502153.3568366,
"베이스, B20 토큰 표준 활성화 개시": 1783501253.2201173,
"솔라나 기반 생텀, 모바일 앱 출시 1주일 만에 가입자 9000명·예치금 110만 달러 돌파": 1783500372.0269952,
"코스닥 800선 붕괴…중소형 성장주 투자심리 급냉": 1783500336.0478508,
"스트래티지, 12억5000만달러 현금화 프로그램 외 별도로 BTC 대량 매각": 1783498535.0155387,
"이란, 미국의 휴전협정 위반 규탄": 1783496587.732794,
"미-이란 긴장 고조로 호르무즈 해협 4척 유조선 회항": 1783495037.0815988,
"미 SEC, 이달 중 암호화폐 관련 새 규칙 제안 추진": 1783494991.0845296,
"로빈후드 L2 네트워크 출시 후 밈코인 캐시캣 1주일 50배 급등": 1783494947.7257528,
"중국, 7월 정제유 수출 제한 해제": 1783493256.9348533,
"연방 판사, 칼시의 뉴욕 도박법 차단 신청 기각": 1783493210.4734774,
"국내 국고채 금리 전 구간 상승": 1783493176.008269,
"EU, '채팅 감시' 규정 부활 투표 예정": 1783493141.6095948,
"미국 반도체 산업 인력난 심화, 삼성전자 텍사스 공장 등 가동 차질 우려": 1783491428.1027813,
"캐나다 BC주, 챗GPT 총기 난사 암시 놓친 오픈AI 상대 소송 추진": 1783491374.2711024,
"메사리 리서치, MEV 문제 해결책으로 세이 기가 주목": 1783491342.472418,
"스위프텍스, 호주 라이선스 획득 후 암호화폐 결제 서비스로 사업 다각화": 1783490503.211498,
"스타크웨어 CEO, 비트코인 2,100만 개 상한선 대신 연 4% 인플레이션 제안": 1783490453.1037107,
"SK하이닉스, 올해 20조원 규모 회사채·금융채 매수": 1783489532.9525082,
"미국-이란 긴장 고조로 유가 상승, 비트코인 약세 압박": 1783488690.5429108,
"일본 엔화 약세로 기업들의 비트코인·XRP 진입 가속": 1783488644.5055716,
"중국, 7월 말까지 정제유 수출 제한 해제": 1783487791.1150103,
"비피엠지, 미국에 금융 인프라 법인 아라코어 설립": 1783487742.9994192,
"KT, 스테이블코인을 핵심 성장동력으로 추진": 1783486854.908064,
"엔비디아 서버 지연 소식에 아시아 반도체주 하락": 1783486017.9850273,
"이스라엘 에너지 장관, 호르무즈 우회 석유 파이프라인 추진": 1783485974.5639095,
"NATO 지도자들, 이란·그린란드 문제로 앙카라 회담": 1783485936.866203,
"미국, 이란에 신규 공습 실시 완료": 1783484227.4053063,
"유가 급등, 뉴질랜드 중앙은행 3년 만에 첫 인상 검토": 1783484188.0289083,
"관세청, 환율 급등으로 수입부담 커진 중소기업 관세 납부 연기 지원": 1783484135.523343,
"시크릿 네트워크, 아르비트럼 이동 제안 시 AI 익스플로잇 위험 언급": 1783483255.690913,
"미 CFTC, 암호화폐 풀 운영자 1,400만 달러 사기 혐의 고소": 1783482472.0409513,
"국내 거래소 사칭 피싱 사이트 급증, 주의 당부": 1783482432.8360963,
"자산 토큰화, 금융 인프라 전면 재구성 단계 진입": 1783482387.5078218,
"암호화폐 거래소, RWA·TradFi 무기한선물 본격 확장": 1783482339.3820105,
"쿠코인, RIZ 토큰 입금 서비스 일시 중단": 1783481447.6439207,
"KuCoin, ANTFUN(ANTFUN) 토큰 상장": 1783480582.00066,
"미군, 이란 추가 공격 실시…호르무즈 해협 긴장 고조": 1783480536.8329167
}