{
"미 법무부, 반독점 거래 심사 속도 높인다": 1784819222.498306,
"미 상원 공화당, 클래리티 법안 수정안 공개...정치권 반응 엇갈려": 1784819170.280945,
"바이낸스 XRP 선물 미결제약정 급증, 레버리지 거래 재개": 1784819109.649347,
"번스타인, AI 전력난 속 비트코인 채굴사와의 제휴 필수 진단": 1784819050.5200834,
"무바달라캐피털, 토큰화 사모펀드 출시...코인베이스 참여": 1784819000.540122,
"RWA 토큰화, 실제 운영 단계로 진입...인프라 구축이 과제": 1784818948.7503734,
"비트멕스 운영 종료 발표, BMEX 토큰 90% 폭락": 1784818901.834762,
"암호화폐 업계 PAC, 미시간 경선에 100만 달러 투입": 1784818865.2598553,
"레바논과 이스라엘, 8월 4일 이탈리아에서 차기 협상 개최": 1784818090.9723577,
"카타르에너지, LNG 불가항력 선언 10월까지 연장…유조선 용선 확대": 1784818032.2018456,
"록히드마틴, 미국방부 무기 재고 보충으로 2026년 실적 전망 상향": 1784817999.9953895,
"미 신규 실업수당 청구 18.7만건, 예상치 크게 하회": 1784817941.3598948,
"월드코인, SEC 서류 공시로 상위 100개 지갑에 유통량 90% 집중 드러나": 1784817111.2492385,
"한국 정부, 스테이블코인 법제화·기관투자자 시장 진입 병행 추진": 1784817054.0170698,
"홍콩 거래소, 거래시간 연장 검토…아시아 금융허브 경쟁": 1784816226.4808018,
"블랙록·코인베이스 등 9개사, 비트코인 보안 컨소시엄 출범": 1784816188.6458292,
"미 상원 공화당, 클래리티 법안 초안 공개…공직자 암호화폐 거래 금지": 1784816141.820831,
"알버츠슨스 주가 급락, 식료품 소비 약세로 전년도 전망 하향": 1784815438.1582668,
"골드만삭스 CEO, 클래리티법 지지…스테이블코인 규칙 승인": 1784815394.150029,
"코인베이스, 싱가포르 인력 25% 확대 계획": 1784815358.464639,
"유니스왑, 토큰화 자산 거래를 위한 규정 준수 풀 출시": 1784815307.2632935,
"앤트로픽, 영국 FCA 샌드박스 2차 참여 기관에 클로드 AI 제공": 1784815272.501252,
"ECB, 에너지 가격 급등으로 9월 인상 논의...라가르드 2027년까지 물가 높은 수준 유지 전망": 1784814466.4518003,
"AI 기반 디파이 해킹 우려 현재는 과장돼 있지만 장기 위험은 증대": 1784814425.3914175,
"미국 실질금리 17년 최고점 도달, 비트코인 투자 매력 약화": 1784814394.2392366,
"거래소 자산 투명성, FTX 붕괴 이후 핵심 과제로 부상": 1784814340.1775308,
"스트래티지 주도 컨소시엄, 비트코인 양자내성화에 1,500만 달러 투자": 1784813656.012157,
"NH투자증권, 2분기 사상 최대 실적...영업이익·순이익 전년 대비 2배 가까이 증가": 1784813597.4250464,
"트럼프, 후티 재공격 시 이란 책임 경고...유가·금리·비트코인 동반 변동": 1784813542.3504682,
"신한투자증권, 상반기 순이익 123% 증가...주식 위탁수수료 호조": 1784813506.932176,
"SEC, 암호화폐 볼트·온체인 대출 상품에 증권법 적용 가능성 경고": 1784813451.1142194,
"파키스탄, 이란 전쟁 역할 후 미국 자금 지원 추진에 경제학자 회의적": 1784812712.4322164,
"플로우 트레이더스, 롬바드의 비트코인 담보 신용 전략 시범 운영": 1784812666.8652866,
"레이어제로·키타, 토큰화 은행예금 크로스체인 전송 지원": 1784812617.1949666,
"바이낸스, STOP THE TRAFFIK와 인신매매 대응 파트너십 체결": 1784812579.0282702,
"삼성전자·SK하이닉스, 외국인 매수에 3~5% 상승": 1784812545.8266613,
"미래에셋그룹, 코빗 지분 97% 확보…전통 금융의 암호화폐 시장 진입 가속": 1784811831.2268796,
"증시 조정 속 투자자 예탁금 5개월 만에 최저 수준으로 하락": 1784811780.9421058,
"비트멕스 종료 발표로 BMEX 토큰 90% 폭락": 1784811740.6323385,
"블랙록·코인베이스·스트래티지, 비트코인 양자 위협 대비에 1500만달러 투자": 1784811707.1870735,
"BNY, 미 국채 토큰화된 상품의 24시간 결제 추진": 1784811669.5681827,
"ECB, 기준금리 현 수준 유지": 1784810936.4752676,
"트럼프, 후티 공격에 이란 책임 추궁": 1784810893.7029223,
"비트겟, 뉴질랜드 금융서비스제공자 등록으로 현지 사업 확대": 1784810846.6556394,
"동남아 사기 조직, 연간 최대 1140억달러 손실 초래": 1784810788.6736493,
"6시간 내 3개 크로스체인 브리지 해킹, 3500만달러 유출": 1784810740.580318,
"트럼프 \"사우디 핵 협상, 우라늄 농축 제외\"": 1784809921.7223885,
"글로벌 벤처투자 메가딜 쏠림 심화": 1784809886.9447815,
"일리노이주 암호화폐 거래세 위헌 소송 제기": 1784809847.378869,
"WTI 유가 6주 만에 배럴당 90달러 돌파…달러·국채 수익률 동반 상승": 1784809049.2297993,
"아부다비 무바달라, 코인베이스 참여로 사모펀드 온체인화 추진": 1784809015.1139615,
"비트고·OTC마켓츠, 토큰화 증권 기관 거래 인프라 구축 협력": 1784808973.836311,
"삼성전기, AI 서버 부품 공급계약 체결…주가 7.66% 상승": 1784808941.6817255,
"IBM, 양자 기업 HRL 랩스 인수 추진": 1784808176.1539056,
"KB증권, 2분기·상반기 역대 최대 실적…영업이익 6천666억원": 1784808120.9708805,
"번스타인, 비트코인 채굴 기업과 AI 센터의 제휴 필요성 강조": 1784808084.9828396,
"미 상원 민주당, 클래리티법 윤리·투자자보호 강화 요구로 협상 난항": 1784808042.752981,
"폴리마켓, 프랑스 전국 차단 조치에 맞서 법적 이의 제기": 1784807993.1096733,
"미 상원 클래리티법 통합안 공개, 윤리·자금세탁 조항 여전히 협상 중": 1784807934.6554446,
"영국 10년물 길드 수익률 2개월 최고 5.08% 도달…인상 베팅 강화": 1784807330.4012094,
"트럼프 백악관, 스테이블코인법 '테더 특혜 설계' 의혹": 1784807276.5788417,
"테슬라, 비트코인 1만1509개 유지하며 2분기 1억1200만달러 손상차손 기록": 1784807220.093629,
"미국 FCC, 중국 부품 기기 판매 금지…미·중 기술 갈등 심화": 1784807180.314539,
"TRM Labs, HTX가 영국 제재 이후 지갑 교체 속도 높여": 1784807144.2174034,
"미 항공사 아메리칸 항공, 유가 급등으로 2026년 실적 전망 하향": 1784806327.3382988,
"백악관 \"문샷AI, 미국 수출금지 엔비디아 칩 태국에서 입수\"": 1784806289.0411623,
"미 상원 클래리티법 최종 조율 중…트럼프 암호화폐 이해충돌 조항이 핵심": 1784806254.8861988,
"NFT 프로젝트 크립즈, 언시리어스에 인수…창업자 복귀로 재시작": 1784805669.1622932,
"SEC, DeFi 크립토 볼트·온체인 대출에 증권법 적용 가능성 시사": 1784805612.0189555,
"카자흐스탄, 암호화폐 채굴 규제 강화…국가 보유금 일부 이전 의무화": 1784805563.9839013,
"허위정보로 밈코인 급등시킨 일당에 징역형 선고": 1784805529.4256039,
"암호화폐 '렌치 공격' 6개월간 피해액 1억2400만달러…12배 급증": 1784805479.4580162,
"AI 에이전트 경제, 블록체인의 차세대 킬러 사용처 될 것": 1784805446.506326,
"비트멕스, 9월 23일 운영 종료…11년 역사 마감": 1784805393.1445777,
"레볼루트, 기업가치 1150억달러 돌파…유럽 1위 비상장사로": 1784805346.3794959,
"미 상원 CLARITY Act 협상 흔들려…질리브랜드 의원 가족 논란 변수": 1784804544.7327569,
"영국 토큰화 국채 실험, 온체인 결제 해결이 성패 좌우": 1784804499.630202,
"로빈후드, 자체 L2 출시 3주 만에 2억달러 유입": 1784804455.6513155,
"미국 예측시장 플랫폼 칼시, 11월 중간선거 앞두고 미드텀 허브 출시": 1784803736.0674527,
"이더리움 스마트컨트랙트 급증·레버리지 과열로 변동성 신호 포착": 1784803690.9764156
}