{
"NFT 프로젝트 크립즈, 언시리어스에 인수…창업자 복귀로 재시작": 1784805669.1622932,
"SEC, DeFi 크립토 볼트·온체인 대출에 증권법 적용 가능성 시사": 1784805612.0189555,
"카자흐스탄, 암호화폐 채굴 규제 강화…국가 보유금 일부 이전 의무화": 1784805563.9839013,
"허위정보로 밈코인 급등시킨 일당에 징역형 선고": 1784805529.4256039,
"암호화폐 '렌치 공격' 6개월간 피해액 1억2400만달러…12배 급증": 1784805479.4580162,
"AI 에이전트 경제, 블록체인의 차세대 킬러 사용처 될 것": 1784805446.506326,
"비트멕스, 9월 23일 운영 종료…11년 역사 마감": 1784805393.1445777,
"레볼루트, 기업가치 1150억달러 돌파…유럽 1위 비상장사로": 1784805346.3794959,
"미 상원 CLARITY Act 협상 흔들려…질리브랜드 의원 가족 논란 변수": 1784804544.7327569,
"영국 토큰화 국채 실험, 온체인 결제 해결이 성패 좌우": 1784804499.630202,
"로빈후드, 자체 L2 출시 3주 만에 2억달러 유입": 1784804455.6513155,
"미국 예측시장 플랫폼 칼시, 11월 중간선거 앞두고 미드텀 허브 출시": 1784803736.0674527,
"이더리움 스마트컨트랙트 급증·레버리지 과열로 변동성 신호 포착": 1784803690.9764156,
"스마터웹, 비트코인 178개 매각해 1,170만 달러 전환사채 조기 상환": 1784803631.00919,
"밸런스 코인 99% 폭락…오라클 조작 공격으로 청산 시스템 무력화": 1784803576.2896326,
"바이비트, 2분기 실적 시즌 맞춰 주식 연동 거래 이벤트 개시": 1784803544.408396,
"코스피, 5거래일 만에 7,000선 회복": 1784802810.9936624,
"아비트럼 페르프 DEX AFX 트레이드, 2,400만 달러 규모 익스플로잇 피해": 1784802772.6564746,
"한국 경제 성장으로 원화 강세, 원·엔 환율 900원선 붕괴": 1784802733.162516,
"프랭클린 템플턴 분석, AI 에이전트 확산 시 블록체인이 차세대 수혜처": 1784802690.7555194,
"질리카, 레저 지갑 취약점 보안 경고 발표": 1784802653.3883379,
"토탈에너지스, 이란 분쟁으로 유가 상승하며 3년 만에 최대 이익 기록": 1784801922.4717877,
"BNY멜론, 미국채 24/7 결제 레일 구축으로 주말 거래 지연 제거 추진": 1784801862.0881977,
"아카시 네트워크, 지갑 없이 이메일로만 온보딩 가능한 콘솔 출시": 1784801823.4200797,
"미드나잇 나이트 토큰, 브리지 해킹 후 43% 급락했다가 19% 반등 회복": 1784801773.754221,
"미 법무부, 투자·로맨스 사기 연루 가상자산 360억 원대 압류 추진": 1784801741.4772077,
"코인베이스, 싱가포르 사무소 직원 25% 증원…2026년까지 150명→200명": 1784801000.493286,
"영국 의회, 암호자산 기업 '디뱅킹' 공식 조사 착수": 1784800947.7334495,
"아비트럼 기반 AFX 프로토콜 브릿지서 2,415만달러 유출…익스플로잇 공격": 1784800908.361147,
"SEC, 코인베이스와 FOIA 소송 합의…15만달러 지급 및 기록 관리 개선": 1784800860.8141682,
"세컨드파이 해킹으로 1610만 ADA 탈취, 서비스 종료": 1784799936.1236932,
"백악관·공화당 상원, 클래리티법 윤리 조항 합의": 1784799141.520469,
"크라켄 모회사 페이워드, 토큰화 주식을 홍콩서 출시": 1784799080.7233448,
"기관투자자, 스마트컨트랙트 감사보다 운영 보안 중시": 1784799048.2585516,
"비트멕스, 2026년 9월 23일 영구 폐쇄": 1784798424.6650045,
"그레이스케일 분석, 비트코인이 기존 사이클 저점을 이미 통과했을 가능성": 1784798363.8062444,
"한국 금융사들, RWA 사업을 위해 홍콩 법인 거점 확대": 1784798322.3924627,
"써클, 카카오·토스와 한국 스테이블코인 결제 인프라 협력": 1784798289.8879757,
"사츠마 테크놀로지, 보유 비트코인 668개 전량 매각 결정": 1784798243.481217,
"탈로스, 예측시장 칼시와 연동…기관투자자 진입 장벽 낮춰": 1784798196.7777593,
"밸런스 코인 오라클 공격으로 하루 만에 99% 폭락": 1784798148.5432532,
"영국 10년물 길드 수익률 2개월 최고 5.08%로 상승…인상 베팅 강화": 1784797400.893838,
"미 국무장관 루비오, 이란에 경제 제재 압박 강화 경고": 1784797360.1464312,
"비트멕스, 2026년 9월 23일 폐쇄…신규 가입 중단": 1784797310.3862128,
"한국 거래소 거래량 1년간 77% 급감…주식시장으로 자금 이동": 1784797259.4485736,
"암호화폐 '렌치 공격' 급증…2026년 상반기 가정 침입 20건으로 20배 증가": 1784796675.802396,
"디지털자산, 글로벌 증시 약세 속 독립적 상승세…시장 구조 입증": 1784796639.0209334,
"베러스-이더리움 브릿지, 2개월 내 두 번째 익스플로잇 피해…750만 달러 유출": 1784796591.3629625,
"미국 암호화폐 규제, 단속에서 설계로 전환…전문가 진단": 1784796540.5741181,
"미국 상원 루미스 의원, 암호화폐 명확성법 윤리 조항 재논의 의사 표명": 1784796493.692261,
"BNY멜론, 토큰화 미국채 블록체인 테스트 연말 시작": 1784796448.4983904,
"비트멕스, 11년 운영 후 2026년 9월 폐쇄": 1784796392.793917,
"서클, 카카오·토스와 원화 스테이블코인 생태계 협력": 1784796354.5370128,
"사인, 정부 디지털 인프라 사업 확대…CBDC·디지털ID·가상계좌 서비스 고도화": 1784795444.5684903,
"프랑스 7월 경기심사지수 97, 예상 95 상회": 1784791043.7573197,
"한국 정부, 스테이블코인 법제화와 기관투자자 시장 진입 병행 추진": 1784790985.3094947,
"한국 최초 암호화폐 거래소 코빗, 미래에셋그룹에 편입": 1784790945.5664601,
"금융당국, 코인원 대주주 변경신고 승인…한국투자증권·OKX벤처스 각 20% 지분": 1784790096.494092,
"삼성이앤에이, 2분기 영업이익 51% 증가…시장 전망치 27% 상회": 1784790052.5660477,
"리플 CEO, 미 의회에 암호자산 클래리티법 처리 촉구": 1784789225.67411,
"비트코인·이더리움 연동 프로토콜서 3500만달러 해킹 피해": 1784789192.4057274,
"미국 디지털자산 산업, 23.2만개 일자리 창출…경제규모 550억달러": 1784789149.7726383,
"후티군, 홍해에서 사우디 유조선 공격…호르무즈 해협 긴장 고조": 1784787391.8140826,
"스위스 반카스타토 은행, 시그넘과 규제 암호자산 거래 서비스 출시": 1784787337.694397,
"미·이란 긴장으로 달러 강세, 엔화 40년 최저 근처까지 약세": 1784785532.9707968,
"프랑스, EU 첫 사례로 15세 미만 소셜미디어 계정 금지 추진": 1784784640.6680005,
"중국, 대만해협 2일간 실탄훈련 실시…동산섬 인근": 1784783856.3412666,
"다쏘 시스템, 라이프사이언스 AI 플랫폼 강화 위해 아리스글로벌 인수": 1784783801.2997398,
"금융위, 디지털자산 법인시장 개방 가이드라인 연내 발표 추진": 1784783741.3176534,
"백악관, 중국 문샷AI의 앤스로픽 기술 도용 의혹 제기": 1784781047.698094,
"XRP 대형 홀더들이 소형 홀더 이탈 중에도 축적": 1784780137.4906104,
"KB국민은행, 예금토큰 결제 기반 사업 최종 선정": 1784779307.2391145,
"비트코인 약세, 미국 클래리티법 통과 확률 38%로 급락": 1784779256.367099,
"카타르에너지, LNG 포스메이저 10월 중순까지 연장": 1784778339.8624933,
"일본 금융청, 2028년까지 암호자산 ETF 허용 추진": 1784776537.4456005,
"SEC, 코인베이스와 기록 요청 관련 합의 체결": 1784775650.7992184,
"태거(TAG), 쿠코인에 상장": 1784774921.7929113,
"쿠코인, B제곱드 네트워크(B2) 입금 서비스 임시 중단": 1784774876.6135626,
"중동 전쟁으로 올해 유가 공급 부족 심화, 내년에는 공급 과잉 우려": 1784774837.432975,
"미국 하원, 1조 달러 규모 국방력 강화법안 통과": 1784774792.4001834
}