{
"마크롱 프랑스 대통령, 아사드 축출 이후 EU 정상 최초 시리아 방문": 1783363538.8887775,
"PNC, 분기 배당금 18% 인상…美 스트레스테스트서 최상위 자본력 입증": 1783361773.839676,
"클래리티법 상원 처리 연기…트럼프 대통령 자산 이해충돌 조항 합의 어려움": 1783361740.443876,
"비트마인, 7400만 달러 규모 이더리움 매입 발표": 1783359049.5516412,
"트럼프, 이란과 합의 또는 '일을 끝내겠다'고 언급": 1783358234.2243295,
"프로셰어스, SK하이닉스 2배 레버리지 ETF 2026년 7월 상장 예정": 1783358186.726562,
"유엔개발계획, 스텔라 블록체인 결제 시범사업 본격화": 1783358138.742133,
"테라울프, 앤스로픽과 190억 달러 규모 20년 데이터센터 계약": 1783357254.2878704,
"OPEC+, 추가 감산 폐지하고 산유량 증가 승인…호르무즈 수출 회복": 1783356438.528865,
"카타르에너지, 방글라데시 2026년 LNG 공급량 50% 삭감": 1783356401.2708035,
"비탈릭 부테린, 이더리움 상태 축소 방안 제안…ZK 증명 활용": 1783356341.9278162,
"트럼프 미국 대통령, 신생아 자산형성 프로그램 '트럼프 계좌' 출범 선언": 1783355451.3050578,
"말레이시아 의원, 라이나스-미국 희토류 거래 청문회 개최": 1783354686.995702,
"이스라엘, 지중해 천연가스 탐사 입찰 공고": 1783354643.501832,
"록히드마틴, 울트라 마리타임 34억5000만 달러에 인수": 1783354591.4717152,
"AVAX One, 아발란체 재정전략 담당 CEO 교체 수색 중": 1783354540.3760068,
"연준 월러, 포워드가이던스 경직화 경고": 1783353705.2373435,
"스테이블코인 거래량 경쟁에서 USDC가 테더 앞서": 1783353655.1718414,
"UAE 석유 생산량 OPEC 탈퇴 후 사상 최고 수준 근접": 1783352789.6647346,
"국내 국고채 금리 전 구간 상승, 환율·해외 금리 영향": 1783352737.0678263,
"바이낸스 현물, AMD·인텔·마이크로스트레이티지 등 스톡토큰 거래쌍 신규 상장": 1783351893.6149795,
"골드만삭스, 달러·엔 환율 1년 내 165엔까지 상승 전망": 1783351848.6398075,
"마이크로소프트, AI 투자 확대 속 4800명 감원": 1783350993.0216527,
"네이버파이낸셜, 두나무 완전 자회사 편입 일정 또 연기": 1783350942.8364947,
"블랙스톤 에너지 전환 펀드, 드레서 유틸리티 솔루션 인수 합의": 1783350107.259938,
"탈레스, 해상 드론 기업 엑세일 지배주식 인수...390억 유로": 1783350061.0598083,
"한국 대법원, 가상자산 강제집행·현금화 절차 제도화": 1783349138.1452897,
"DeFi 프로토콜 Summer.fi, 600만 달러 규모 해킹 후 Lazy Summer 볼트 중단": 1783348352.3483489,
"Bitmine, 약 7400만 달러 규모로 이더리움 42,197개 매입…보유량 이더리움 공급량 5% 근접": 1783348320.694461,
"미국 6월 서비스업 PMI 54%, 24개월 연속 확장…고용 증가 전환": 1783348288.8546653,
"Securitize, NYSE 상장 후 4억 달러로 기관 토큰화 플랫폼 확장 추진": 1783348250.3694336,
"테라울프, 앤스로픽과 20년 데이터센터 임차 계약…190억 달러 매출 기대": 1783347340.4443104,
"ZIM 통합해운, 이스라엘 정부의 하팍로이드 인수 반대로 주가 급락": 1783346651.1614313,
"방위산업 투자 방향 전환, 드론·전자전 등 신기술에 가치 재평가": 1783346620.0222647,
"미국 NATO 대사, 트럼프의 방위비 증액 압박에 동맹 방위비 증가는 성장통": 1783346563.400667,
"영국 금융감독청, AI 에이전트와 토큰화자산의 금융 시스템 영향 경고": 1783346508.1360857,
"국내 투자자예탁금 4거래일 연속 감소, 117조 수준으로 하락": 1783346457.8169873,
"마에스크·하팍로이드, 수에즈 운하 해로 회귀": 1783345614.607053,
"솔라나, 2분기 토큰화자산 거래 57억7000만 달러 기록": 1783345573.9388456,
"러시아 최대 은행 스버, 12월 초 암호화폐 지갑 서비스 출시 계획": 1783344649.4419613,
"암호자산 해킹 사건 상반기 47% 감소했으나 2분기 악성코드 공격 59% 급증": 1783343813.265062,
"바이낸스, 프랑스 MiCA 라이선스 미확보로 거래 중단": 1783343752.5881317,
"벨기에 규제당국, MiCA 기한 도과 후 미인증 암호화폐 서비스 제공자 6곳 적발": 1783341199.5688055,
"클린테크 스타트업 투자 반등, 2026년 상반기 150억 달러 규모": 1783341154.5059505,
"북미 사모대출 시장, 개인 자금 이탈 속 기관투자자 자금 급증": 1783341100.0850728,
"마이클 세일러 회사 Strategy, 3588개 비트코인 2억1600만 달러에 매각": 1783341050.9376752,
"금융위, 국민성장펀드 2차 조성 착수…6000억원 규모": 1783340150.1132808,
"데카르트, 드리빈 3000만 달러에 인수": 1783339251.9070063,
"금융당국, 포용금융을 경영·감독 체계에 상시 편입 추진": 1783338384.5724678,
"러시아 최대 은행, 암호화폐 지갑 서비스 출시 계획": 1783338336.6518886,
"시어(Seer), CEO 인수 제안으로 급등": 1783336534.127172,
"이란, 카메네이 장례식서 트럼프에 복수 요구": 1783333847.0743659,
"한국, 폴리마켓에 대한 도박 우려 심의 진행": 1783332980.116492,
"영국, 해외 암호자산 기부자에 선거 기금 규제 강화": 1783332939.1240292,
"구글, EU 독점금지 과징금 41억 유로 법정 항소 패소": 1783331256.5383875,
"리플, 룩셈부르크서 MiCA 정규 인증 취득…30개 EEA국가서 운영": 1783331205.785043,
"미 '클래리티 법안' 상원 통과 난제…8월까지 4주 남겨": 1783331173.9350421,
"코인베이스 AI, 월드컵 경기 전 결과 배포해 논란": 1783331142.7803288,
"뉴욕 소송 연관 15년간 미사용 비트코인 주소, 190만 달러 송금": 1783330249.0849845,
"서머파이의 Lazy Summer Protocol, 플래시론 공격으로 600만 달러 탈취": 1783328519.0031784,
"데리빗, 35일간 옵션 거래 대회 'The Island' 개최": 1783328467.463102,
"이란 에너지 공급 차질 흡수, 유가 시장 재고 고갈 위험": 1783327707.1928923,
"네이버파이낸셜-두나무 합병 또 연기…거래 완료 12월말로": 1783327657.0074766,
"한국, 암호자산 압류·청산 절차 공식화": 1783327596.832127,
"쿠코인 선물, 주식지수 무기한 선물계약 다수 상장": 1783326684.5121992,
"쿠코인 트레이딩봇, NFP/USDT 거래쌍 7월 8일 폐지": 1783326645.6935322,
"검찰, 정유사 가격 담합 기소…유가 시장 교란 적발": 1783325735.2264013,
"도마 프로토콜, 2분기 거래액 3배 성장해 1억7500만 달러 돌파": 1783323975.4932852,
"비탈릭 부테린, 이더리움 머지 이후 최대 규모 프로토콜 재구축 계획 발표": 1783323938.757073,
"서머파이, 공격으로 약 600만 달러 탈취…'일 블룸' 취약점도 지속 악용": 1783322185.08635,
"다카이치 내각 확장 재정 발표, 일본 국채금리 30년 최고·엔화 40년래 최저": 1783322140.1682096,
"솔스티스, 엘리먼트 솔루션즈와 270억 달러 규모 합병 협상 중": 1783321310.5800822,
"유에스디에이아이, AI 해킹 시대 보안 전략 발표…'완벽 방어보다 피해 통제'": 1783321252.7593093,
"알라럼 테크놀로지스, 보안 의심 사고로 자회사 네트워크 서비스 중단": 1783318593.2903824,
"슈퍼폼, 2분기 보고서 발표…'슈퍼폼OS' 출시 및 거래소 상장 완료": 1783318536.565265,
"제네시스, 볼트 미네럴스와 56억 호주달러 통합 제안": 1783317828.2762794,
"노바티스, 바이오텍 마이릭스 바이오 15억 달러에 인수": 1783317795.9696386,
"'일 블룸' 취약점, 수천 개 암호자산 지갑 위험 노출": 1783317751.0639148,
"스테이블코인 6월 거래량 사상 최고 1조7900억 달러 기록": 1783317698.7740977,
"방송미디어통신심의위, 폴리마켓 사업자 의견청취 진행": 1783317663.64403
}