{
"비트멕스, 2026년 9월 23일 영구 폐쇄": 1784798424.6650045,
"그레이스케일 분석, 비트코인이 기존 사이클 저점을 이미 통과했을 가능성": 1784798363.8062444,
"한국 금융사들, RWA 사업을 위해 홍콩 법인 거점 확대": 1784798322.3924627,
"써클, 카카오·토스와 한국 스테이블코인 결제 인프라 협력": 1784798289.8879757,
"사츠마 테크놀로지, 보유 비트코인 668개 전량 매각 결정": 1784798243.481217,
"탈로스, 예측시장 칼시와 연동…기관투자자 진입 장벽 낮춰": 1784798196.7777593,
"밸런스 코인 오라클 공격으로 하루 만에 99% 폭락": 1784798148.5432532,
"영국 10년물 길드 수익률 2개월 최고 5.08%로 상승…인상 베팅 강화": 1784797400.893838,
"미 국무장관 루비오, 이란에 경제 제재 압박 강화 경고": 1784797360.1464312,
"비트멕스, 2026년 9월 23일 폐쇄…신규 가입 중단": 1784797310.3862128,
"한국 거래소 거래량 1년간 77% 급감…주식시장으로 자금 이동": 1784797259.4485736,
"암호화폐 '렌치 공격' 급증…2026년 상반기 가정 침입 20건으로 20배 증가": 1784796675.802396,
"디지털자산, 글로벌 증시 약세 속 독립적 상승세…시장 구조 입증": 1784796639.0209334,
"베러스-이더리움 브릿지, 2개월 내 두 번째 익스플로잇 피해…750만 달러 유출": 1784796591.3629625,
"미국 암호화폐 규제, 단속에서 설계로 전환…전문가 진단": 1784796540.5741181,
"미국 상원 루미스 의원, 암호화폐 명확성법 윤리 조항 재논의 의사 표명": 1784796493.692261,
"BNY멜론, 토큰화 미국채 블록체인 테스트 연말 시작": 1784796448.4983904,
"비트멕스, 11년 운영 후 2026년 9월 폐쇄": 1784796392.793917,
"서클, 카카오·토스와 원화 스테이블코인 생태계 협력": 1784796354.5370128,
"사인, 정부 디지털 인프라 사업 확대…CBDC·디지털ID·가상계좌 서비스 고도화": 1784795444.5684903,
"프랑스 7월 경기심사지수 97, 예상 95 상회": 1784791043.7573197,
"한국 정부, 스테이블코인 법제화와 기관투자자 시장 진입 병행 추진": 1784790985.3094947,
"한국 최초 암호화폐 거래소 코빗, 미래에셋그룹에 편입": 1784790945.5664601,
"금융당국, 코인원 대주주 변경신고 승인…한국투자증권·OKX벤처스 각 20% 지분": 1784790096.494092,
"삼성이앤에이, 2분기 영업이익 51% 증가…시장 전망치 27% 상회": 1784790052.5660477,
"리플 CEO, 미 의회에 암호자산 클래리티법 처리 촉구": 1784789225.67411,
"비트코인·이더리움 연동 프로토콜서 3500만달러 해킹 피해": 1784789192.4057274,
"미국 디지털자산 산업, 23.2만개 일자리 창출…경제규모 550억달러": 1784789149.7726383,
"후티군, 홍해에서 사우디 유조선 공격…호르무즈 해협 긴장 고조": 1784787391.8140826,
"스위스 반카스타토 은행, 시그넘과 규제 암호자산 거래 서비스 출시": 1784787337.694397,
"미·이란 긴장으로 달러 강세, 엔화 40년 최저 근처까지 약세": 1784785532.9707968,
"프랑스, EU 첫 사례로 15세 미만 소셜미디어 계정 금지 추진": 1784784640.6680005,
"중국, 대만해협 2일간 실탄훈련 실시…동산섬 인근": 1784783856.3412666,
"다쏘 시스템, 라이프사이언스 AI 플랫폼 강화 위해 아리스글로벌 인수": 1784783801.2997398,
"금융위, 디지털자산 법인시장 개방 가이드라인 연내 발표 추진": 1784783741.3176534,
"백악관, 중국 문샷AI의 앤스로픽 기술 도용 의혹 제기": 1784781047.698094,
"XRP 대형 홀더들이 소형 홀더 이탈 중에도 축적": 1784780137.4906104,
"KB국민은행, 예금토큰 결제 기반 사업 최종 선정": 1784779307.2391145,
"비트코인 약세, 미국 클래리티법 통과 확률 38%로 급락": 1784779256.367099,
"카타르에너지, LNG 포스메이저 10월 중순까지 연장": 1784778339.8624933,
"일본 금융청, 2028년까지 암호자산 ETF 허용 추진": 1784776537.4456005,
"SEC, 코인베이스와 기록 요청 관련 합의 체결": 1784775650.7992184,
"태거(TAG), 쿠코인에 상장": 1784774921.7929113,
"쿠코인, B제곱드 네트워크(B2) 입금 서비스 임시 중단": 1784774876.6135626,
"중동 전쟁으로 올해 유가 공급 부족 심화, 내년에는 공급 과잉 우려": 1784774837.432975,
"미국 하원, 1조 달러 규모 국방력 강화법안 통과": 1784774792.4001834,
"유가, 미·이란 긴장 심화로 6주 만에 최고가 근처까지 상승": 1784774744.7309928,
"신동빈 회장, 롯데쇼핑 지분 1.15% 매각 공시…주가 7% 급락": 1784773881.4643362,
"2분기 디지털자산 해킹 피해액 1조1200억원, 개인키 탈취가 88% 차지": 1784773845.201267,
"엔화, 40년 만에 최저 수준으로 약세…1달러당 163엔 돌파": 1784772137.620071,
"OTP 은행, 루미너 인수 합의": 1784772097.3055296,
"AFX 프로토콜, 브릿지 익스플로잇으로 2400만달러 손실": 1784772052.222023,
"토스·토스뱅크, 써클과 스테이블코인 결제 인프라 협력": 1784771194.6119063,
"카카오그룹, 써클과 원화 스테이블코인 인프라 협력": 1784771136.1697059,
"미래에셋컨설팅, 코빗 지분 97.15% 확보": 1784770244.3207777,
"DP월드, UAE 동부 해안에 새 터미널 2개 건설…호르무즈 해협 의존도 감소": 1784769391.7516825,
"아비트럼 기반 AFX 트레이드 브리지서 2415만 달러 USDC 유출": 1784769335.6809456,
"바이낸스, 전통금융자산 USDT 마진 선물 다수 상장": 1784766643.2781427,
"미 공화당 클래리티 법 수정안 공개, 다음주 표결 추진": 1784765799.1942492,
"트럼프 이란 군사시설 공격 경고, 호르무즈 해협 긴장 고조": 1784765743.3560584,
"유니온 퍼시픽·CN, 철도 합병 관련 경쟁력 강화 합의": 1784764851.3007224,
"미 상원의원 룸미스, 클래리티법 윤리 규정 재논의 예정": 1784763106.147143,
"한국 2분기 GDP 0.6% 성장, 반도체 수출 호조로 예상 상회": 1784763045.5453622,
"예멘 후티군, 사우디 유조선 2척 공격 선언": 1784762135.325657,
"테슬라 2분기 순이익·현금흐름 시장 전망 미달": 1784761248.0644782,
"IBM, 2분기 실적 발표…올해 매출 증가율 전망 5% 이상에서 4~5%로 하향": 1784760339.7299402,
"달러 4일 상승 후 약세 전환, 엔화는 40년 최저 수준 근처": 1784757793.6036987,
"브룩필드, 배터리 에너지 저장 플랫폼 아이파 파워 인수": 1784757761.8675435,
"알파벳, 올해 최대 2050억달러 투자 계획…AI 개발 강화": 1784757728.2588656,
"파이어블록스, 블록체인 기반 금융 인프라 확대 선언": 1784757690.8825276,
"미국 클래리티법 최신 초안, 민주당 윤리 문제로 반발": 1784757657.3334093,
"S&P, 블록체인 펀더멘탈 지수 출시": 1784755060.3806798,
"미국, 사우디아라비아와 핵기술 수출 협력 확대": 1784754981.8011608,
"코인베이스, 캐나다에서 주식·암호자산·예측시장 통합 플랫폼 추진": 1784754937.365073,
"애틀라스클리어, 디지털자산 기업 인수 양해각서 체결": 1784754263.2246234,
"프로그레스 소프트웨어, 도모의 AI·데이터 플랫폼 사업 인수": 1784754225.8248012,
"LTC 부동산투자신탁, 4000만달러 규모 요양시설 인수": 1784754186.2752655,
"브룩필드, 블랙스톤으로부터 배터리 기업 70억달러에 인수": 1784754144.8102694,
"미시간 민주당 예비선거에 암호자산 PAC 100만달러 투입": 1784754092.5685413,
"알파벳, 2분기 실적 발표…클라우드 82% 성장, AI 투자 수익성 입증": 1784754055.947505
}