{
"레바논 휴전 합의": 1781884420.4044695,
"이스라엘·헤즈볼라 휴전 합의": 1781884457.5235212,
"호르무즈 유조선 운송량 증가": 1781884502.921366,
"이란, 60일 협상 기간 호르무즈 통과료 면제": 1781884563.092167
}