{
"쿼럼소프트웨어, 에너지산업 AI 공급망 플랫폼 스트림바 인수": 1782439250.233009,
"올여름 전력수요 역대 최대 전망에 전력설비주 강세": 1782438336.2890975,
"폴리마켓, 외부 협력업체 해킹으로 300만달러 탈취…사용자 전액 보상": 1782437445.1292574,
"스페이스엑스 채권 발행, 글로벌 투자업계에서 시장 거품 신호 경고": 1782436541.3455615,
"하나증권, SK하이닉스 목표주가 275만원에서 360만원으로 상향": 1782434899.237937,
"스트래티지(MSTR) 주가 급락 속 \"2022년보다 재무 개선됐다\" 반박 제기": 1782434851.994818,
"암호화폐 인프라 기업 BitGo, 전체 직원의 15% 감원": 1782434793.5691156,
"중기부, 중기업 70곳에 2040억원 규모 회사채 발행 지원": 1782434746.6082847,
"삼기, 글로벌 휴머노이드 로봇 상체 프레임 개발사 선정": 1782433846.3292742,
"카메코, 26억달러 장기계약 체결…우라늄 공급망 확대": 1782432983.1847064,
"금·은 사상 최고가권 동반 상승…온스당 금 4013달러, 은 57.56달러": 1782432938.5213425,
"미국, 중국 기술 제재로 지리/폴스타 2027년부터 미국 시장 진입 차단": 1782431255.907849,
"머스크, X 슈퍼앱 구상 본격화…X머니 서비스 확대": 1782431201.0320868,
"정부, 2026년 하반기 전기·가스 요금 동결 결정": 1782431142.5648181,
"비트코인 L2, DeFi 채택 확대 과제 대두": 1782430247.351149,
"신원확인 기업 인코드, 신원보호 암호화 솔루션 기업 아이덴티크 인수 완료": 1782429339.9502609,
"한은, 비트코인과 주식시장 연결고리 강화 진단…현물 ETF 확대 시 전통시장 파급 경고": 1782428566.6357136,
"서클, 노무라와 손잡고 2027년 일본 외환 결제 플랫폼 출시": 1782428508.1228337,
"WSJ 보도, 폴리마켓이 제작자들에게 가짜 거래·승리 조작 비용 지급": 1782425835.5341823,
"미국 5월 PCE 지표 부진으로 달러 약세·금값 4000달러선 회복": 1782425785.9845748,
"바이낸스 CZ, 양자컴퓨터 시대 대비해 사토시 비트코인 동결 검토 제안": 1782425740.9376407,
"렌탄데스, 콜롬비아 현지 경쟁사 계약 인수로 차량 1000대 추가": 1782424936.2549932,
"캘리언, 갤럭시 브로드밴드 인수 최종 합의": 1782424891.964758,
"체인링크, 한·유럽 은행과 T+0 외환결제 시스템 구축": 1782424852.0537171,
"미 의원들, 사회보장세 기금 고갈 위기 대응…고소득층 세금 부과 추진": 1782423990.4165373,
"아에이브 설립자, 페이워드 인수 제안 거절…70% 할인 가격 받지 않겠다": 1782423937.8948882,
"마이크론, AI 메모리 220억달러 장기계약 확보…국내 메모리 업체 수혜 기대": 1782423047.838145,
"ECB 슈나벨 위원, 이란 휴전 이후에도 추가 긴축 가능성 시사": 1782422309.9876714,
"일본 도쿄 물가지수, 6월 8개월 만에 상승 가능성…중동 긴장으로 에너지 비용 상승": 1782422249.5067987,
"폴리마켓, 제3자 벤더 해킹으로 수백만 달러 암호화폐 도난…사용자 환금 예정": 1782422189.4687417,
"앤스로픽, 중국 업체의 클로드 모델 불법 복제 의혹 미 의회에 고발": 1782422146.59514,
"온세미, 시냅틱스 70억 달러에 인수…차세대 AI 시스템 겨냥": 1782421287.35294,
"스테이블코인X, 나스닥 상장 완료…Ethena 달러 생태계 전문": 1782421251.100328,
"애플 주가 1년 만에 최악…맥·아이패드 가격 인상 여파": 1782420388.7029583,
"미 상원, 7월 암호화폐 입법 추진…주택 법안 혼란으로 일정 불확실": 1782420341.4616148,
"이란, 화물선에 발포…지정학 긴장 고조": 1782418703.553518,
"호르무즈 해협 유가 통행량 최고치 기록": 1782418663.233486,
"유럽중앙은행, 물가 불안 속 추가 금리 인상 열어두다": 1782418611.209568,
"인베스코, 토큰화 스테이블코인 예비금 펀드 출시": 1782418579.5009165,
"JP모건, 차기 CEO 후보 공식화…페트노·로어보 사장 승진": 1782418548.2333138,
"뉴욕증시 반도체 강세와 경제지표 개선에 상승": 1782417652.281902,
"미국 신규 실업수당 청구 21만5천건, 예상치 하회": 1782416773.3071637,
"SBI홀딩스, 비트뱅크 2억8900만 달러 인수 계약": 1782416740.47538,
"영국 부의 자문가 50%, 고객 암호화폐 투자 '보이지 않음'": 1782415932.0553722,
"코인베이스 지원 이더리움 레이어2 베이스, 블록 생성 장애 후 복구": 1782415893.1465247,
"미국 1분기 GDP 확정치 2.1%…시장 예상 상회": 1782415848.8732398,
"크라켄 모회사, 파워트레이드 상대로 600만 달러 소송 제기": 1782415027.578851,
"스토리 프로토콜, AI 학습 데이터 사업으로 방향 전환": 1782414984.5975845,
"미국 5월 개인소비지출 물가지수 4.1% 상승": 1782414942.3331573,
"코인엑스, 제재 대상 이란 플랫폼과 38억 달러 거래 의혹…부인": 1782414160.4211297,
"영국 의회, XRPL을 기후금융 인프라로 제안": 1782414105.127547,
"JP모건, 코스피 전망 상향 조정…기본 12,500·강세장 15,000": 1782414057.9789474,
"호르무즈 해협 화물선 피격으로 유가 상승, 유엔 선박청 대피 계획 일시 중단": 1782413172.7074935,
"SK텔레콤, SK하이닉스 미국 AI 자회사에 738억원 투자": 1782413141.0214198,
"미국 연방법원, 트럼프 대학원생 연방대출 제한 정책 임시 중단 명령": 1782412248.8427873,
"한국거래소, 와이즈플래닛·기도산업·브릴스 코스닥 상장예비심사 승인": 1782410446.6054995,
"하나은행, 내달부터 모기지보험 신규 가입 중단…가계대출 조이기 확대": 1782409902.3065743,
"미국, 7년물 국채 44억 달러 경매…수익률 4.26%": 1782408926.1641781,
"미래에셋 형사 무죄에도 공정위 과징금 44억 유지": 1782408886.9672542,
"크래켄, 디파이 대출 플랫폼 에이브 15% 지분 인수 협상 중": 1782408671.3289618,
"21셰어즈, 2026년 암호화폐 전망 하향 조정…기관 채택 증가에도 가격 목표 내림": 1782408015.162096,
"텐서X·솔스티스, 유럽 주권형 AI 인프라 겨냥 10억 달러 금융 추진": 1782407957.4006407,
"한국 재정경제부, 7월 국고채 16조원 규모 발행 계획 발표": 1782407910.917292,
"소폰, 레이어2 블록체인 종료하고 베이스로 이전…소비자 앱 개발 추진": 1782407877.2629569,
"a16z 지원 암호 기업, 스토리 프로토콜에서 신규 브랜드로 리브랜딩…AI 데이터 라이선싱 추진": 1782407843.5522513,
"JP모건, 제이미 다이먼 CEO 후계 구도 최종 국면…2인 공동사장 체제 돌입": 1782407784.1215525,
"베이스 블록체인 '안전하지 않은 헤드 정지' 장애…블록 생성 중단": 1782407749.5094647,
"크래켄, 메이플과 온체인 창고시설 출시…기관 대출 사업 확대": 1782406951.1368883,
"미국, 호르무즈 해협 통행료 부과 협상 불가 입장 재확인": 1782406899.0475333,
"도쿄증권거래소, 11월까지 주문 처리 능력 두 배 확대": 1782406852.8913949,
"한국은행, 통화안정증권 7조원 규모 발행 계획 발표": 1782405939.55599,
"한국 당국, 빗썸에 13만6000달러 과태료 부과…해외 거래소와 개인정보 공유 위반": 1782405094.2553337,
"국제유가 급락에 국내 국고채 금리 전 구간 하락": 1782405050.5797396,
"미 달라스 연방은행, 핵심 PCE 지수 2.8% 기록…인플레 가속 신호": 1782404138.9889884,
"美 로펌, 스트래티지 증권법 위반 조사 착수…집단소송 추진 검토": 1782402339.518334,
"미국·폴란드·태국, 디지털자산 범죄 국제 공조 수사 강화": 1782401450.2670863,
"이스라엘-레바논 협상 교착, 점령지 완충지대 유지 고집": 1782400676.942564,
"스토리 프로토콜, 데이터 파운데이션으로 리브랜딩…AI 데이터 공급 전환": 1782400621.3553877,
"월스트릿, 암호화폐 기업을 AI 인프라 가치로 평가": 1782400577.9109514,
"코스피, 마이크론 강세에 반도체 심리 회복…5% 급등": 1782400545.3024592
}