{
"찰스 슈왑, 비트코인 거래 서비스 공식 출시": 1782397850.095685,
"이라크, 유가 쿼터 인상 없으면 오펙 탈퇴 경고": 1782397001.118963,
"유니스왑·스팍, 스테이블코인 외환 거래소 구축 추진": 1782396943.944275,
"ASP 아이소토프, 노블 아프리카-ENDRA 라이프사이언스 합병 추진…약 5000만 달러 유상증자 병행": 1782396201.6884818,
"어도비, AI 기업 토파즈 랩스 인수 합의": 1782396165.8790753,
"중국 감사 당국, 국유은행들 탈세·부실 대출 적발…금융 통제 강화 신호": 1782396106.1075034,
"크래켄, 암호화폐 파생상품 회사 파워트레이드 상대 소송 제기": 1782396061.3385682,
"미국 PCE 인플레이션 예상 하회, 채권 수익률 하락·달러 약세": 1782395210.4479482,
"메타, 생성형 AI로 콘텐츠 검토 업무 자동화 확대…인력 재편 가속": 1782395149.333383,
"폴리마켓 월드컵 베팅 이용자의 60%, 처음 암호화폐 사용": 1782394359.5476692,
"미국 가상자산 규제법 '클래리티 법안' 통과 일정 불투명": 1782394320.92648,
"폴란드 암호화폐 SIM 스왑 공격 용의자 4명 체포": 1782394265.4678524,
"미국 1분기 GDP 2.1%로 상향 조정…예상치 0.5%p 상회": 1782393412.889629,
"코스피 반등 속 신용투자자 1천억원대 강제 반대매매…신용거래 리스크 부각": 1782393378.354615,
"SBI홀딩스, 비트뱅크 2억8860만 달러에 인수…일본 최대 암호화폐 거래소 탄생": 1782393347.5529003,
"유럽경찰청, 정보 탈취 악성코드 단속…암호화폐 4700만 달러 동결": 1782392499.9927986,
"유니스왑·스팍, 스테이블코인 외환 거래소 구축…1억5000만 달러 유동성 이관": 1782392460.2553153,
"미국 5월 근원 PCE 전년비 3.4%…예상치 부합": 1782391582.7395105,
"인도네시아·EU, 동시 암호화폐 규제 강화…무허가 시장 정리": 1782391542.8179991,
"바이낸스, 7월 1일부터 EU 신규가입·서비스 제한": 1782390708.9704273,
"Circle과 노무라, 일본 외환결제 사업 추진": 1782390650.432243,
"쿠날 샤, 메타 왓츠앱 글로벌 최고경영진으로 임명": 1782389743.512602,
"Circle·노무라, 일본 기업 스테이블코인 기반 외환결제 서비스 추진": 1782388853.6692262,
"중국 정유사, 이란산 석유 수입 재개 검토 중": 1782388051.655457,
"오만, 호르무즈 해협 통행료 부과 없음 재확인": 1782387998.1944275,
"정부, 새출발기금 채무조정에 가상자산·비상장주식 포함": 1782387946.6499023,
"머크 KGAA, 바이오테크 113억 달러에 인수…바이오테크 주가 급등": 1782385355.0663757,
"SBI홀딩스, 일본 암호화폐 거래소 비트뱅크 2억8860만 달러에 인수": 1782385302.8879576,
"코인엑스, 이란 제재 대상 암호화폐 기업과 38억 달러 거래 의혹 부인": 1782385260.7227304,
"SK하이닉스, 나스닥 ADR 7월 10일 상장 결정…신주 2.5% 발행": 1782384338.776933,
"칼시, 10억 달러 조성 후 수주 만에 400억 달러 밸류에이션 추진": 1782383450.1532953,
"미국 신용협동조합 3곳 스테이블코인 시장 진출": 1782382542.548365,
"와이즈키-씰스큐, 5억7500만 달러 규모 합병 특수목적회사 설립": 1782381773.0896964,
"Iran-linked entities moved $3.8B through CoinEx, TRM says": 1782381719.1601274,
"크래켄, 메이플과 온체인 창고시설로 장외 대출 확대": 1782381658.327833,
"마이크론, 강한 실적으로 시전 16% 이상 급등": 1782380796.5284243,
"태국, 불법 암호화폐 채굴 혐의 중국인 사업가에 체포영장 발부": 1782380748.589301,
"유가, 중동 공급 증가로 하락 지속": 1782379053.1504068,
"이스라엘, 레바논 남부 완충지대에서 부분 철수": 1782378996.2602267,
"알펙스 애퀴지션, 1억 달러 SPAC IPO로 나스닥 데뷔": 1782378943.8286545,
"인도네시아, 암호화폐 추천 인플루언서 자격증 의무화": 1782378055.1622243,
"폴란드 암호화폐 거래소 칸가, 라트비아에서 MiCA 라이선스 획득": 1782376246.677648,
"21셰어즈, 비트코인 4년 주기설 유효 진단…연말 10만달러 회복 전망": 1782375342.8941054,
"한국, 빗썸에 13만6000달러 과태료 부과…개인정보 해외 이전 위반": 1782374459.69229,
"스페인 1분기 GDP 0.6% 성장 확정": 1782373544.7967043,
"리퀘스트 네트워크, 멀티체인 대량지급 기능 확대…트론·컴플라이언스 추가": 1782372654.59955,
"프랑스 6월 소비자신심지수 84, 예상치 소폭 상회": 1782371740.765729,
"H.B. Fuller, Advanced Medical Solutions 7억1500만 파운드로 인수 제안": 1782370907.2724974,
"한국투자신탁 액티브 ETF 4종 7월 초 상장폐지…상관계수 기준 미충족": 1782370853.4866302,
"독일 7월 소비심리 지수 -29.2…예상치 상회했으나 약세 지속": 1782369976.58812,
"RWA 시장 규모 310억달러 돌파…토큰화 자산 90%가 유동성 부족 상태": 1782369941.6184382,
"미국 중재 대형사, 에이전트 AI 거래 분쟁 해결용 '법적 계층' 출시": 1782369046.0748909,
"대마초 기업 WM 테크놀로지, 나스닥 자진 상폐…상장 유지 비용 절감 추진": 1782368144.317744,
"미 하원 민주당, SEC에 AI 투자 자문사 규제 방안 문의": 1782367313.179994,
"CoinEx, 이란 연계 자금 38억 달러 처리…테러 조직과도 거래": 1782367253.8294637,
"메모코어 M 토큰 수 시간 내 80% 급락, 시가총액 30억 달러 증발": 1782366337.9361725,
"한국거래소, 개별주식 위클리 옵션 상장 연기": 1782363649.614804,
"페르미 아메리카, AI 데이터센터 물 소비 80% 절감 설계 공개": 1782360939.6582513,
"국제금융센터, 2026년 하반기 세계 주식시장 인공지능 투자 확산으로 추가 상승 전망": 1782359139.5915282,
"미·이란 종전 협상 기대에 국내 방산주 약세": 1782358329.2037053,
"Abracadabra, MIM 스테이블코인 디페그 악화에 긴급 조치": 1782358286.211655,
"리플, 일본에서 RLUSD 스테이블코인 출시": 1782358249.2979593,
"찰스 슈왑, 비트코인 거래 서비스 공식 출시…미 하원 금융서비스위원장 '클래리티법 법제화 충분한 표 확보' 언급": 1782357349.0711179,
"그리스 포기한 바이낸스… ‘MiCA 마감 압박’에 유럽 우회로 모색": 1782355575.288289,
"두나무, 현물 ETF 동향 서비스 출시": 1782355542.7056663,
"OKX, CARDS/USD 현물 거래 상장": 1782354652.0228167,
"호주 5월 실업률 4.4% 기록, 전월 대비 0.1%p 하락": 1782353742.2068193,
"민병덕 의원, 미국 방문해 스테이블코인 규제 동향 점검": 1782351941.3028743,
"삼성증권, 에이피알 목표주가 51만원으로 인상": 1782351046.9607441,
"카르다노 요로이 지갑 익스플로잇 피해, 텔레그램 투자자 커뮤니티에서 경각심 확산": 1782348396.9806833,
"SK하이닉스 ADR 내달 10일 나스닥 상장, 12월 나스닥100 지수 편입 가능성": 1782348341.9016476,
"베네수엘라 7.1 규모 지진 발생…카라카스 건물 붕괴, 경제 손실 1~4% 추정": 1782346598.4463668,
"CVB 파이낸셜, 주당 0.20달러 배당 결정…147분기 연속 기록 갱신": 1782346539.9311721,
"웨스턴유니언, 인터멕스 인수 승인 절차 진행 상황 공개": 1782345656.1083176,
"트럼프 행정부, 의회에 876억 달러 추가 예산 요청…이란 관련 사항 포함": 1782344738.0442388,
"도이체뱅크, 연준 추가 인상 시 금값 3800달러까지 하락 가능": 1782343843.9103913,
"호르무즈 해협 석유 흐름 정상 수준 회복, 미 에너지 장관 확인": 1782343092.3404133,
"일본은행 인상에도 엔화 약세 지속, 개입 위협이 낙폭 억제 중": 1782343035.9218578,
"여당, 내년 디지털자산 과세 시행 예정 유지 입장": 1782343003.939603,
"캐나다 핀테크 테넷, OSC 지적 반영해 재무공시 대폭 수정": 1782342947.933367
}