{
"핀테크 기업 피겨, 6억 달러 채권발행·키아비 인수": 1783656978.37984,
"폴리마켓, 미국 규제 마진거래 신청": 1783656939.288698,
"국제유가 약보합, 중동 공급 리스크 지속 속 주간 상승률 유지": 1783655174.2105017,
"OKX, SLX/USD 현물거래 상장": 1783655138.9959707,
"인젝티브 npm 패키지 해킹 시도, 지갑 키 탈취 목표": 1783654282.947611,
"오라클, AI 투자 부담으로 신용등급 강등": 1783654246.7947023,
"6월 미국 현물 비트코인 ETF서 40억달러 순유출": 1783653398.970393,
"스트래티지, 비트코인 기반 신용평가 모델 공개": 1783653341.3256583,
"쿠코인, ANSEM 상장": 1783652451.030675,
"일본 생산자물가 2023년 이후 최고 상승률, BOJ 인상 가능성 높아져": 1783649796.5704803,
"OKX, SLX/USDT 현물거래 상장": 1783649746.3013783,
"카이아, 한화투자증권·갈락티카와 실물자산 토큰화 협력": 1783647047.2826903,
"바이낸스 CEO \"EU MiCA 규제 이후 이용자 출금의 70%가 개인지갑으로 이동\"": 1783645256.036875,
"유럽 의회 사적메시지 감시법 통과, 암호자산 커뮤니티 반응 확산": 1783644341.1143682,
"금융위, AI 활용 금융사 망분리 규제 전면 해제 추진": 1783643448.114792,
"주권부자펀드, AI 인프라에 4,040억 달러 투자 중 국가 전략 우선시로 전환": 1783642580.6109776,
"일본 6월 PPI 전년비 7.1% 상승, 예상 6.8% 상회": 1783642542.8959546,
"뉴욕 연은 총재 유가 장기 급등 가능성 낮다고 전망…미-이란 긴장에도": 1783641655.0779636,
"한국수출입은행, 몽골무역개발은행과 3000만달러 금융협력": 1783639845.967515,
"미국 이란 핵 협상 계속 진행, 최근 유조선 공격에도 불구하고": 1783638939.1885707,
"맨틀, 크로스체인 인프라를 레이어제로에서 체인링크 CCIP로 전환": 1783637140.5180292,
"뉴햄프셔주 비트코인 담보 지방채 발행 무산": 1783636295.4822485,
"미국, 삼성·SK하이닉스에 메모리반도체 미국 생산 확대 압박": 1783636254.6429276,
"백팩, 솔라나 기반 SK하이닉스 토큰화 주식 출시": 1783635336.471127,
"미국 클래리티법 새 초안 이르면 다음 주 공개…7월 처리 분수령": 1783634487.5387182,
"중동 긴장에도 달러 약세…금은 1% 이상 상승, 10년물 국채 금리 4.549%로 하락": 1783634456.3224201,
"로빈후드 체인 거래 폭증으로 아비트럼 19% 급등": 1783631824.9129853,
"MSA 세이프티, 5.55억 달러에 노르웨이 화재감지 기업 인수": 1783631781.750559,
"XRP 클래리티 법안 표결 앞두고 1.10달러 부근 거래": 1783631741.8053231,
"SK하이닉스, 나스닥 ADR 상장으로 37조원 자금 조성": 1783630907.0358675,
"아발란체 재무사 AVAX One, 역주식분할로 나스닥 거래 재개": 1783630856.1919687,
"코인베이스 법무담당자 폴 그루월 퇴사": 1783629983.4553878,
"그레이스케일 최고재무담당자 7년 만에 퇴사": 1783629937.9963691,
"비트디어, 네바다 채굴기 제조시설 건설로 미국 생산 확대": 1783629088.1191266,
"미국 뉴햄프셔주 비트코인 담보 지방채 발행 무산": 1783629050.6005125,
"독일 다임러 자회사, 영국 방위산업 기업 18억달러에 인수": 1783628206.160829,
"국제유가 2% 하락, 경기 둔화 우려가 중동 긴장보다 부각": 1783628145.667456,
"팬텀·하이퍼리퀴드, CFTC에 온체인 파생상품 규제 현대화 요청": 1783627392.18828,
"백악관, SEC·CFTC 공석에 민주당 지명자 받지 못했다": 1783627352.0963435,
"미국 클라리티법 협상서 윤리 조항이 핵심 변수로 부상": 1783627297.7449343,
"이더리움 재단, AI 에이전트로 네트워크 보안 취약점 발굴": 1783627255.1262786,
"미국 암호화폐 명확성법 새 초안 다음 주 공개 예상": 1783626336.6288395,
"이란에서 폭발음 보도, 방공망 가동…트럼프 사전 경고": 1783625776.4477947,
"미군, 이란에 재차 공습 실시…호르무즈 해협 항해 자유 위협 차단": 1783625745.8256128,
"이란 '미 기지 광범위 공격' 경고, 쿠웨이트·바레인 기지 피격": 1783625685.4545164,
"뉴질랜드 6월 제조업 PMI 5년 만에 최고 기록": 1783625653.1526089,
"호주 최대 연금펀드 호주수퍼, 인도 인프라 투자 5억 호주달러 추가 투입": 1783625599.9403024,
"중국 6월 소비자물가 1.0% 상승, 예상 1.2% 하회": 1783625558.0413742,
"중국 6월 생산자물가 4년 만에 최고, 소비자물가는 하락": 1783625510.258522,
"JP모건 \"블록체인 채택 불균형이 암호자산 생태계 더 위협\"": 1783625473.3425941,
"일본은행, 지역경제 평가 9개 전 지역 유지": 1783624856.1213548,
"일본 관방장관, 시장 고시 수준 높다고 표명": 1783624824.5405476,
"이란 해군, 호르무즈 해협 '파괴적 대응' 경고": 1783624779.4402537,
"미국 초기 실업수당 21.5만 건, 예상 하회": 1783624729.8639154,
"미국 6월 기존주택 판매 409만 건, 예상 하회": 1783624685.064465,
"미국, 30년물 국채 220억 달러 발행…수익률 5.058%": 1783624631.6250672,
"이란 3일째 폭발 발생, 미군 기지 인프라 위협": 1783624582.2491891,
"비트코인 ETF와 사모신용펀드서 동시 대규모 유출 발생": 1783624549.0004003,
"미-이란 긴장 고조에 트레이더들 예상, 11월 선거까지 휘발유 3.5달러 이상 지속 확률 75%": 1783621944.3506007,
"호르무즈 해협 통행량 급감에도 국제유가 제한적 반응, 시장 적응력 높아져": 1783621893.226269,
"이더리움 재단, AI 에이전트 배포해 네트워크 보안 취약점 사전 적발": 1783621850.214205,
"2조 달러 규모 사모펀드 시장에서 2분기 환매 요청 156억 달러 발생": 1783620950.5363133,
"베이커휴즈, EU 조건부 승인 예정 차트인더스트리 인수 거래": 1783620089.0167072,
"백악관, CFTC 공석 문제로 복잡해진 암호화폐 법안 추진 방어": 1783620054.626935,
"이더리움 신규 비영리단체, 월스트리트의 암호화폐 가이드 역할 추진": 1783618383.724138,
"비트코인 채굴 기업의 AI 전환, 임원 주식 매각 등 투자자 감시 대상": 1783618341.5593681,
"팔로알토 CEO, AI 토큰 비용 90% 인하 필요성 지적": 1783618292.0490067,
"뉴욕 연은 총재, 유가 장기 급등 가능성 낮다고 전망": 1783618252.4164577,
"EU, 이란 분쟁 영향으로 석유·가스 사용 억제 전기화 계획 추진": 1783617334.3712685,
"개인정보보호위, 블록체인 개인정보 처리 가이드라인 발표": 1783615537.8693705,
"Hyperliquid·Phantom, CFTC에 온체인 프로토콜 규제 재검토 촉구": 1783613739.9133813,
"AI 데이터센터 계약 기반 채굴 기업 저평가 논란, 애널리스트 지적": 1783612909.3356822,
"백악관 전 경제 참모들 AI 투자 과열 경고, 닷컴버블 수준 우려": 1783612858.388159,
"메타, AI 칩 '아이리스' 9월부터 양산…반도체 자립 추진": 1783612068.924474,
"중앙그룹 채권 투자자 286명, 법률 대응 본격화": 1783612010.7121627,
"중동 정세 불안에도 국고채 금리 등락 혇갈려": 1783611974.7350402,
"JPMorgan, 비트코인의 주요 리스크는 블록체인 채택 불균형이라고 지적": 1783611943.2504933,
"영국 노동당 의원, 암호화폐 기부 금지 항구화 추진": 1783611050.3156512,
"웰스파고, SEC 공시 공개…비트코인 ETF 비중 축소하고 이더리움·솔라나 투자 확대": 1783610141.1895185,
"트럼프 행정부 권한 강화 대법원 판결, SEC·CFTC 암호화폐 규제 영향 미칠 수 있어": 1783609253.872846
}