{
"이란군, 미국의 지속적 공격 시 전쟁 범위 확대 경고": 1784187968.8328013,
"한은 기준금리 2.75%로 인상, 8월 추가 인상 가능성 열어": 1784187935.504312,
"미 상원, FTX 설립자 샘 뱅크먼-프리드 사면 반대 결의안 만장일치 통과": 1784186195.2580044,
"아비트럼 기반 오스티움 볼트서 1800만달러 규모 익스플로잇 발생": 1784186142.268801,
"우버, 딜리버리 히어로 인수 제안": 1784185310.1059265,
"하이퍼리온 디파이, 50만 HYPE를 하이퍼리퀴드 마켓에 배포": 1784185261.348364,
"영국 5월 월간 GDP 0.1% 성장, 서비스업 반등 주도": 1784184393.8756769,
"크립토 조사관 잭엑스비티, 하드웨어 월렛 보안성 정면 비판": 1784184336.4817977,
"바이낸스, 전통금융 지수 연동 무기한 선물계약 다수 상장": 1784183548.3272812,
"디파이 플랫폼 '레이지 서머', 600만달러 해킹 후 운영 종료": 1784183502.339869,
"트럼프 대통령, 상원의원들과 암호화폐 명확성법 논의": 1784183456.6066868,
"톰 리, 크리스마스 휴기에 1억3000만달러 규모 ETH 추가 매입": 1784182001.2519357,
"케이던스, AI 에이전트 기반 EDA 플랫폼 공개…엔비디아·TSMC와 협력": 1784181967.8144624,
"SK하이닉스 나스닥 ADR 상장 첫날 국내 개인투자자 2600억원 순매수": 1784181660.2921252,
"한국은행 기준금리 인상에 금융감독원 변동성 관리 강화": 1784180737.1065261,
"한화투자증권, 블록체인 기업 디지털에셋에 300억원 투자": 1784179850.900431,
"바이낸스, DATAIPUSDT·DATAIPUSDC 무기한 선물계약 신규 상장": 1784178997.4575574,
"히바치, 누적 거래액 100억달러 돌파…차세대 온체인 외환 거래소 로드맵 공개": 1784178939.890313,
"구글, 2026년 7월부터 플레이스토어 내 제3자 앱스토어 허용": 1784178143.6473308,
"루시드 2배 레버리지 ETF, 92% 폭락 후 상장폐지 돌입": 1784178103.7786095,
"이더리움, 블랙록 현물 ETF 자금으로 비트코인 추월": 1784178069.2811303,
"국내 증시 급락으로 매도 사이드카 잇달아 발동": 1784176254.1130688,
"미 연준 주요 인사, 인플레이션 위험 증대 진단…기준금리 대응 방향 엇갈려": 1784175340.9424613,
"쿠코인, 7월 17일 API 업그레이드 실시": 1784174451.793529,
"미국, 브라질산 일부 제품에 25% 관세 부과…쇠고기·커피 제외": 1784173288.6434793,
"인도, 반도체·휴대전화 산업에 19조7천억원 추가 투입": 1784172649.51462,
"뉴욕증권거래소, 24시간 토큰화 주식·ETF 거래 준비 착수": 1784171776.3461704,
"트럼프, 미 상원의원과 암호화폐 명확성 법 논의 예정": 1784171741.8955097,
"캘리포니아 주민, 다크넷 펜타닐 판매 수익 암호화폐 세탁 혐의 기소": 1784169049.883816,
"이라크 총리, OPEC 내 공정한 몫 요구": 1784168183.3366103,
"제타체인, ZETA 보유자·스테이커에 오픈AI 최신 AI 모델 무료 제공": 1784168142.5271497,
"비트코인·이더리움의 진정한 위협은 프라이빗 블록체인 확산": 1784166380.9345112,
"코스피 4% 이상 급락, 사이드카 발동": 1784166343.1971395,
"베이스 크리에이터 폴락, 소셜 경험 중심 전략 포기…앱 리더십 인수인계": 1784165496.4494913,
"미국 6월 생산자물가 전월비 0.3% 하락, 달러·국채금리 하향": 1784165454.8348048,
"크라켄, API 파트너 프로그램 확대…자동매매·기관 거래 인프라 강화": 1784164535.5373616,
"미국 6월 물가 약세로 7월 FOMC 금리 동결 가능성 88.8%": 1784163689.761076,
"한은, 기준금리 2.75%로 인상": 1784163657.0383482,
"트럼프 비트코인 강력 언급, 투자자 커뮤니티 관심 급상승…중동 딜·우크라 협상·쇼트 청산 논의 활발": 1784162746.5329196,
"미국 하원, 뉴욕에서 CLARITY Act 청문회 개최…가상자산 규제 논의 본격화": 1784161852.3264349,
"SK텔레콤, AI 데이터센터 사업으로 기업가치 재평가 본격화": 1784160769.5283582,
"카르다노 재단, 토큰2049 행사 운영권 인수": 1784160056.5617523,
"체인링크, 미 상무부 경제지표를 여러 L1 블록체인에 연동": 1784159136.4457285,
"SBI·도플러, 리플 기반 결제망 구축…XRP 활용 확대": 1784158252.0153646,
"이더리움 재단, 데브콘 8 티켓 등록 개시": 1784157357.8065162,
"한국 국채 WGBI 편입 후 외국인 자금 유입 기대 이하": 1784157323.4344692,
"크라켄, 직불카드 결제 메커니즘 개선…법정화폐 연동성 강화": 1784156503.9061604,
"하이퍼리퀴드, 중국 DRAM 기업 CXMT 파생상품 상장": 1784156462.3486223,
"블록체인닷컴, 폴리마켓 오라클 피드 통합": 1784154658.7742403,
"NextEra Energy·Dominion Energy, 합병 신청 제출": 1784153847.835985,
"미국 정유사, 중동 전쟁으로 분기 이익 최대 4배 급증 전망": 1784153792.4763098,
"애플, 중국 정부 승인으로 인텔리전스 서비스 출시": 1784153740.628329,
"미 PPI 예상 외 하락…달러·국채금리 내려, 금값 반등": 1784152856.5130613,
"한국은행, 3년 6개월 만에 기준금리 인상 가능성 높아": 1784151996.5363135,
"미국 6개 연방 기관, GENIUS 법에 따른 결제용 스테이블코인 규정 마련 착수": 1784151942.543471,
"일본, 가상자산을 금융상품으로 명확 재분류…현물 ETF 논의 탄력": 1784151092.0902183,
"비트마인, ETH 스테이킹으로 680억원 수익 vs 파생상품서 1360억원 손실": 1784151057.0816298,
"미 법무장관 후보, 청문회서 암호화폐 단속 완화와 창펑자오 사면 논란으로 집중 추궁": 1784149878.5207665,
"솔라나 스테이킹 ETF 승인 임박, 기관 자금 유입 가속화": 1784149838.4469063,
"스트래티지, 비트코인 8000~10000달러 이하 떨어져야 채무 위험 검토": 1784149793.237541,
"미-이란 충돌로 국제유가 상승, 브렌트유 배럴당 84.95달러": 1784149320.7667427,
"미국 정부, 코인베이스로 약 2.88억달러 규모 BTC·ETH 이체": 1784149263.3800004,
"유엔 인권최고대표, 미국-이란 군사 충돌 재개는 민간인에게 큰 후퇴": 1784148383.784072,
"앤트로픽, 기업공개 준비 본격화…1조달러 기업가치 목표": 1784148340.36907,
"코인베이스 Jesse Pollak, Base 앱 리더십 Cobie에 인수인계": 1784147456.3191075,
"트럼프 대통령, FOX 인터뷰에서 이란과 협상 가능성·유가 변동성 언급": 1784146634.8710964,
"스탠퍼드 연구팀, 폴리마켓 5분 비트코인 예측시장의 가격 조종 취약성 지적": 1784146574.0616825,
"블랙록, 운용자산 15조3천억달러 돌파…업계 최초": 1784146541.4328678,
"스트라이프·애드벤트, 페이팔 530억달러 인수 제안": 1784145484.5811372,
"파이 네트워크, 2026년 하반기 7억7000만개 토큰 언락 예정": 1784145434.0527713,
"트럼프 대통령, 미 상원의원들과 암호화폐 명확성 법 논의 예정": 1784145400.6949272,
"핀테크 기업 리볼루트, UAE에서 암호화폐 서비스 인가 획득": 1784144830.4497917,
"캐나다 중앙은행, 기준금리 2.25% 동결 지속": 1784144798.6343915,
"비트코인 BIP-110 제안, 개발자·채굴자 커뮤니티 분열 심화": 1784144737.8756237,
"BNB Plus, 나스닥 상장폐지…암호화폐 재무 전략 1년 만에 실패": 1784143886.1475983,
"미국 6월 도매물가 전월비 0.3% 하락": 1784143853.5486405,
"탈중앙화 거래 프로토콜 오스티움, 오라클 공격으로 거래 중단…1800~2200만달러 피해": 1784142938.949604,
"셀레스티아랩스, 소버린랩스 기술·인력 인수": 1784142059.9101918,
"미국 테크 업계 AI 재편 가속화…7월 2115명 감원": 1784140254.2370481,
"美 상원 사법위, 트럼프 사법부 차관 후보자의 암호화폐 단속 약화·CZ 사면 비판": 1784139372.0424473
}