{
"DP월드, UAE 동부 해안에 새 터미널 2개 건설…호르무즈 해협 의존도 감소": 1784769391.7516825,
"아비트럼 기반 AFX 트레이드 브리지서 2415만 달러 USDC 유출": 1784769335.6809456,
"바이낸스, 전통금융자산 USDT 마진 선물 다수 상장": 1784766643.2781427,
"미 공화당 클래리티 법 수정안 공개, 다음주 표결 추진": 1784765799.1942492,
"트럼프 이란 군사시설 공격 경고, 호르무즈 해협 긴장 고조": 1784765743.3560584,
"유니온 퍼시픽·CN, 철도 합병 관련 경쟁력 강화 합의": 1784764851.3007224,
"미 상원의원 룸미스, 클래리티법 윤리 규정 재논의 예정": 1784763106.147143,
"한국 2분기 GDP 0.6% 성장, 반도체 수출 호조로 예상 상회": 1784763045.5453622,
"예멘 후티군, 사우디 유조선 2척 공격 선언": 1784762135.325657,
"테슬라 2분기 순이익·현금흐름 시장 전망 미달": 1784761248.0644782,
"IBM, 2분기 실적 발표…올해 매출 증가율 전망 5% 이상에서 4~5%로 하향": 1784760339.7299402,
"달러 4일 상승 후 약세 전환, 엔화는 40년 최저 수준 근처": 1784757793.6036987,
"브룩필드, 배터리 에너지 저장 플랫폼 아이파 파워 인수": 1784757761.8675435,
"알파벳, 올해 최대 2050억달러 투자 계획…AI 개발 강화": 1784757728.2588656,
"파이어블록스, 블록체인 기반 금융 인프라 확대 선언": 1784757690.8825276,
"미국 클래리티법 최신 초안, 민주당 윤리 문제로 반발": 1784757657.3334093,
"S&P, 블록체인 펀더멘탈 지수 출시": 1784755060.3806798,
"미국, 사우디아라비아와 핵기술 수출 협력 확대": 1784754981.8011608,
"코인베이스, 캐나다에서 주식·암호자산·예측시장 통합 플랫폼 추진": 1784754937.365073,
"애틀라스클리어, 디지털자산 기업 인수 양해각서 체결": 1784754263.2246234,
"프로그레스 소프트웨어, 도모의 AI·데이터 플랫폼 사업 인수": 1784754225.8248012,
"LTC 부동산투자신탁, 4000만달러 규모 요양시설 인수": 1784754186.2752655,
"브룩필드, 블랙스톤으로부터 배터리 기업 70억달러에 인수": 1784754144.8102694,
"미시간 민주당 예비선거에 암호자산 PAC 100만달러 투입": 1784754092.5685413,
"알파벳, 2분기 실적 발표…클라우드 82% 성장, AI 투자 수익성 입증": 1784754055.947505,
"테슬라, 2분기 비트코인 보유량 유지…1억1200만달러 손실 기록": 1784753136.955545,
"미·이란 긴장 고조로 국제유가 급등": 1784752246.4746022,
"테슬라·알파벳 등 주요 기술주 4분기 실적 발표 임박": 1784751374.8175888,
"크래켄 모회사 페이워드, 토큰화 주식 국제 확대": 1784751340.3280082,
"이퀴녹스 골드, 오를라 마이닝 인수 주주 승인": 1784750435.885289,
"OKX, SLX(솔스티스) 현물거래 상장": 1784748643.2033637,
"이란, 위협 범위 확대…에너지 인프라·해운까지 겨냥": 1784747737.0661643,
"영국 디지털 길트 파일럿, 온체인 캐시 필요성 대두": 1784746900.3183503,
"미국 클래리티법 최신 초안, 공직자에게 2029년까지 토큰 발행·후원 금지": 1784746855.9002047,
"AMD, 앤트로픽에 50억 달러 투자…MI450 칩 2기가와트 규모 공급": 1784745040.6602955,
"앤스로픽, 영국 FCA AI 규제 샌드박스 2차 코호트 참여": 1784744209.6961029,
"미·이란 군사 충돌 2주째 격화, 평화협상 가능성 약화": 1784744175.7006896,
"클래리티법 최신 초안 공개, 서클에 장기적 부정영향 가능": 1784744143.7315216,
"백악관, 중국 문샷AI의 반도체 우회 활용 의혹 제기": 1784743305.686895,
"미국 클래리티법 최신 초안, 트럼프에 암호자산 발행 금지 2029년까지": 1784743254.103978,
"SEC 피어스 위원, 암호자산 금고·온체인 대출 서비스에 증권규제 적용 가능성 지적": 1784742333.6526816,
"중동 분쟁 격화 시 글로벌 성장률 1.3%까지 급락 가능, 세계은행 수석 이코노미스트 경고": 1784741698.743327,
"크래켄 모회사 페이워드, GTN과 제휴해 토큰화 주식 국제 확대": 1784741645.9825053,
"미 재무부, 월스트리트 조세 회피 상품 단속 강화": 1784740536.0112722,
"SK스퀘어, 430억 원 규모 자사주 소각": 1784739709.2776265,
"SEC, 코인베이스와 기록 요청 관련 합의 체결": 1784739654.6328714,
"일리노이 암호자산세 위헌 소송 제기": 1784738789.4289794,
"호르무즈 해협 유조선 전쟁보험료 1900% 급등": 1784738740.3334303,
"비트고·OTC마켓, 토큰화 증권 브로커-딜러 접근성 확대 계획": 1784737979.5441654,
"미국 클래리티법 최신 초안 공개, 윤리규정 임시 조항으로 전환": 1784737939.3100212,
"국내 국고채 금리 연중 최고치·사상 최고치 경신": 1784737883.155574,
"웹울 EU, 유럽연합 암호자산규정(MiCAR) 승인 획득": 1784737847.5888808,
"마이크로소프트, AI 채택 '믿을 수 없는 속도'로 가속화…주가는 반응 미흡": 1784736980.8855343,
"알파벳, 2분기 실적 발표…AI 데이터센터 투자 수익성 평가 초점": 1784736943.6717176,
"핀테크 플랫폼 레볼루트, 1150억달러 기업가치 평가": 1784736106.029238,
"미국 암호화폐 산업, 3.4만명 고용·550억달러 경제기여": 1784736056.9013422,
"네슬레, 페리에 지분 약 50억 유로에 매각 임박": 1784735629.8019018,
"암호화폐 '렌치 공격' 사건 52건으로 증가, 목표 피해액 10배 이상 뛰어": 1784735594.0057802,
"홍해 후티 위협으로 선박 항로 변경 증가": 1784735183.430193,
"영국 디지털 길트 파일럿, 온체인 스테이블코인 승인이 핵심": 1784735138.677517,
"일리노이주 디지털자산세 위헌 소송 제기": 1784734243.6693182,
"이란, 1월 시위 관련 남성 처형": 1784733652.8222477,
"트럼프, 호르무즈 해협 선박 공격 시 이란 대교·발전소 공격 위협": 1784733620.576887,
"미국 원유 재고, 예상 반대로 증가": 1784733560.423591,
"벤치마크, 코인베이스 실적 하향 조정…클래리티법이 변수": 1784733515.3276088,
"미국, 사기 관련 암호화폐 2,500만 달러 이상 몰수": 1784733455.333066,
"미국 증권 이전대행업계, 비인가 토큰화 증권 규제 촉구": 1784733403.289956,
"SEC 피어스 위원, 온체인 금고·대출 서비스에 증권규제 경고": 1784733347.9171486,
"폴리마켓, 프랑스 차단 결정에 법적 이의 제기": 1784732454.9956725,
"FATF, DeFi 중앙화 요소에 규제 필요 강조…미준수 플랫폼 폐지 경고": 1784731592.1784074,
"미국 성인 비트코인 보유자, 금 보유자 처음 초과": 1784731544.2811754,
"SEC, 겐슬러 문자 유실 관련 코인베이스와 15만달러 합의": 1784730649.747574,
"칼시, 미국 중간선거 앞두고 미드텀 허브 출시": 1784729731.6017094,
"디지털 유로, 감시 통화인가 현금의 대체재인가": 1784727943.9696336,
"프랭클린템플턴, 에이전트 AI를 블록체인의 차세대 킬러 유스케이스로 평가": 1784727048.3589113,
"Bragg Gaming Group, Drayton International 인수 완료 및 경영진 개편": 1784726142.182789,
"AI 데이터센터 기업 TECfusions, 나스닥 상장 회사와 SPAC 합병 추진": 1784725307.3737862,
"HTX 영국 제재 회피 위해 온체인 지갑 계속 교체": 1784725255.0497692,
"트럼프, 미국 항공사의 레바논 노선 운영 40년만에 재개 허가": 1784724401.126912,
"중동 분쟁 확대로 유가 상승, 홍해 해상 운송 차질": 1784724370.22819
}