{
"쿠코인, GLMR·MOVR·WELL 토큰 스왑 지원": 1784543304.6040337,
"하이퍼리퀴드, 무허가 예측시장 기능 추가 예정": 1784543268.2630336,
"미국 휘발유 가격 배럴당 4달러 돌파, 중동 전투 재개로": 1784542684.497585,
"호주 클리누벨 파마슈티컬스, 나스닥 상장 임박": 1784542633.0412312,
"한국예탁결제원, 외화증권 차세대 시스템 1단계 구축 완료": 1784542592.2103503,
"하이퍼리퀴드, 분산형 예측시장 추가 예정": 1784542541.6133924,
"미국 아이스크림 가게, 날씨 예측시장으로 월세 43% 충당": 1784541691.8735015,
"갤럭시디지털 CEO 노보그라츠 \"암호화폐 부진, 기술 문제 아닌 투기자금 이탈\"": 1784541656.8827748,
"라이언에어 당기순이익 33% 급락…유가 급등과 저운임료 영향": 1784540813.0260422,
"미국 10년물 국채 수익률 4.558%로 상승…중동 긴장 모니터링": 1784540780.3548138,
"올브리지 코어, 솔라나 풀에서 165만 달러 탈취…플래시론 공격": 1784540740.3545976,
"다이나콤 선박, 오만 인근에서 미사일 피격 후 화재 발생": 1784539146.6559846,
"이란 외교 신호에 유가 하락…호르무즈 해협 주권은 양보 불가 입장": 1784539092.0347705,
"이란, 외교적 노력 활발…조정자들로부터 협상 제안 수렴 중": 1784539035.3379464,
"미국, 고배율 무기한 선물 온쇼어 개방…암호화폐 파생상품 시장 구조 변화": 1784538981.763927,
"미국, 이번 주 주요 규제 일정 집중…스테이블코인·비트코인 파생상품 규제 논의": 1784538945.1862044,
"트리하우스, 이더리움 수익률 자동최적화 '그로스 볼트 V2' 출시": 1784536241.50702,
"쿠코인 선물, 여러 영구선물계약 최대 레버리지 및 리스크한도 조정": 1784535386.741149,
"아마존 일본 협력업체 AZ-COM 마루와, JPYC로 2300개 파트너 결제": 1784535339.2275143,
"생텀, 2분기 보고서 공개…SOL 기준 TVL 성장": 1784534448.773209,
"올해 3분기 은행 가계대출 심사 강화, 주담대·신용대출 기준 상향": 1784533582.3718708,
"당정, 스테이블코인 포함 디지털자산기본법 추진에 공감": 1784533536.3659208,
"한국은행, 9월 CBDC 파일럿 2단계 추진…지역은행·정부보조금 결제 추가": 1784532701.6409342,
"국고채 금리 전 구간 상승, 채권시장 약세 심화": 1784532644.6010273,
"미국 유전자치료 기업 리젠엑스바이오, 망막질환 치료제 5년 효과 입증 및 1억달러 조달": 1784531779.511791,
"코스피 4.46% 하락 마감, 6,516포인트로 글로벌 반도체주 약세 반영": 1784531742.134602,
"바이낸스·바이비트에서 지난 30일간 스테이블코인 23억달러 순유출": 1784530848.8450465,
"인도 루피, 유가 급등으로 9주만에 최대 낙폭 기록": 1784529970.198355,
"독일 6월 생산자물가 0.3% 하락": 1784529933.5734124,
"쿠코인, ROAM 선물 거래봇 상장 폐지": 1784529040.9742572,
"뉴프론티어파트너스, 달러 스테이블코인 FYUSD로 '아시아형 모델' 추진": 1784528137.2325044,
"비트코인 현물 ETF 2주 연속 순유입 2.73억 달러": 1784527251.780393,
"올브리지 165만달러 해킹 후 브리지 운영 중단…세일러 비트코인 비금전거래 제한 반대": 1784526339.6617339,
"데이터볼트 AI, 스테이블코인 MUSD 출범 및 10억 달러 인프라 토큰화 추진": 1784524534.886138,
"미국 상무부, PCE 물가지수 산출방식 변경…근원 물가 낮아질 전망": 1784523653.4124749,
"카르다노, 반 로섬 하드포크 활성화…리오스 확장 기반 마련": 1784522733.9232526,
"일본 대형 물류업체, 엔화 스테이블코인 JPYC로 계약자 결제 고속화": 1784520045.7695582,
"브렌트유 배럴당 90달러 돌파…미국·이란 중동 군사 충돌 심화": 1784517339.9262314,
"올브릿지 코어, 165만 달러 규모 익스플로잇 후 브릿지 일시 중단": 1784514642.6136622,
"키움증권, 테스 목표주가 25만원으로 상향 조정…반도체 장비업체 수혜 기대": 1784513737.1376648,
"브렌트유 배럴당 90달러 돌파…미국·이란 중동 군사 충돌 격화": 1784511940.0659978,
"아브락사스 캐피털, 비트코인·이더리움 숏 1억 달러 규모 진입": 1784511190.291238,
"하와이안 일렉트릭, 1,650GWh 재생에너지 확충…5억 달러 채권 조달": 1784511134.1831267,
"중동 긴장에 유가 급등…재생에너지주 HD현대에너지솔루션 강세": 1784511101.0695941,
"비자, 기업용 스테이블코인 플랫폼 출시…오픈 USD 첫 지원": 1784511050.4996707,
"미국 CLARITY법 통과 가능성 악화, 트럼프 윤리 문제 영향…비트코인 8만 달러 목표 제시": 1784508480.313226,
"커뮤니티 촉각 높아져…중동 리스크 심화, 비트코인 6.5만 달러 테스트·AI칩 조정 주목": 1784508435.225743,
"한국, 지난 2년간 가상자산 시세조종 사건 40건 조사": 1784508393.2082345,
"미국 대이란 공격 8일 지속, 이란 최고지도자 전면공격 경고…브렌트유 15.91% 상승": 1784508347.5607886,
"비트마인, 이더리움 5% 보유 목표 임박…현재 577만 ETH 보유": 1784502197.4482367,
"미국 PCE 물가지수 산출방식 9월 변경…근원 물가 0.2%포인트 하락 전망": 1784500243.3382332,
"이란, 호르무즈 해협 통과 선박 공격…중동 긴장 고조": 1784497588.6863465,
"한국은행, 프로젝트 한강 2단계 추진…9월부터 예금토큰 실거래 시작": 1784497539.9049401,
"디지털자산기본법, 국회 통과 지연…스테이블코인·거래소 규제 쟁점": 1784496640.3241727,
"중국 자율주행업체 위라이드, 중동·유럽 로보택시 확대": 1784495736.738537,
"코인베이스 CEO, 비트코인은 가치저장·스테이블코인은 결제 수단": 1784494891.9322112,
"미국 핵융합 기업 아메리칸 퓨전, 텍사스 방사선 장비 인증 획득": 1784492136.360832,
"미국 GENIUS법 시행 1년…스테이블코인 규제 체계 정비 진행 중": 1784486467.1643343,
"카르다노, 커뮤니티 투표만으로 승인된 첫 하드포크 가동": 1784484097.9644487,
"프랑스, 월드컵 결승전 앞두고 폴리마켓 차단 명령": 1784484047.9999685,
"바이낸스, 미국 주식 현물 거래 서비스 출시": 1784478641.2491782,
"메타, 앤스로픽과 100억 달러 규모 AI 인프라 거래 협상 중": 1784477735.00274,
"마이클 세일러, 비트코인 BIP-110 제안 반대 의견 표현": 1784475042.0028315,
"미국-이란 긴장 고조로 걸프 증시 후퇴": 1784474139.3904574,
"미국 상원, 암호화폐 명확성법 60표 확보 어려워져": 1784471442.3626652,
"누부루, 3,800만 달러 조달 완료…상장유지 리스크는 여전": 1784470537.9933367,
"트럼프, 공화당에 러시아 제재법에 이란 추가 포함 제안": 1784468737.8307283,
"모건스탠리 E*Trade, 솔라나 상장…기관 투자 본격화": 1784466937.458341,
"크라켄, 단순한 옵션 상품으로 암호자산 파생상품 시장 확대 추진": 1784466102.9847207,
"GENIUS Act 시행 2년 남음…테더 USDT 미국 거래소 입지 위협": 1784466048.8096306,
"일본 대형 물류업체, 엔화 스테이블코인 JPYC 본격 채택": 1784463336.352922,
"레바논 대통령, 트럼프와 백악관 회담 추진…이스라엘 압박 기대": 1784459736.2728744,
"금감원, 업비트 445억원 해킹 관련 두나무에 제재 절차 진입": 1784457935.6395736,
"한국 금융감독당국, 업비트 해킹 사건 관련 두나무에 제재 절차 개시": 1784457043.5560772,
"양자컴퓨터 위협 대비 비트코인 지갑 복구 기술 개발, 사토시 코인은 제외": 1784455245.543641,
"트럼프 추진 CLARITY Act, 상원 통과 가능성 급락": 1784454400.1631866,
"비자·마스터카드 대표 결제업계 단체, 첫 가상자산 기업 비트페이 회원 수용": 1784454339.7087743,
"듀크 에너지, 노스캐롤라이나 전력 요금 인상 3.7%로 합의": 1784452536.5003126,
"도마 프로토콜, 블록체인 도메인 감정 서비스 출시": 1784446238.584207,
"본크 재무부 탈취 주소, 코인베이스에 4000억 BONK 추가 입금": 1784445333.5488727
}