{
"이란·오만, 호르무즈 해협 통항 조율 논의": 1782566178.3554988,
"S&P글로벌, 다우지수 편입 변화·배당 정책 시행": 1782566136.1551218,
"퀴델오르토, 검사 사업부 15억 달러에 매각 추진": 1782565250.29677,
"FedEx 실적 발표에서 경제 활동 신호 포착": 1782564382.9207623,
"ETF 거래량으로 본 인플레이션 우려 완화 신호": 1782564336.5580943,
"SecondFi, 카르다노 지갑 해킹 후 2주 내 자산 반환 준비 중": 1782562573.7380462,
"마이클 세일러 회사, 시가총액이 비트코인 보유량 이하로 하락": 1782562542.0412364,
"암호화폐 VC, AI·디파이·온체인 데이터 투자 지속": 1782558940.0003846,
"바이낸스, CAPUSDT 무기한 선물 계약 출시": 1782558047.45958,
"EU 의회, 디파이·스테이킹·NFT 규제 평가 촉구": 1782549042.2496858,
"트럼프, 농업 지원금 추가 110억 달러 요청": 1782547936.026065,
"리플 CEO, 마이클 세일러의 시장 영향 비판": 1782547247.4877074,
"미국 비트코인·이더리움 ETF에서 자금 순유출 지속": 1782544538.4658756,
"시큐리타이즈, 공개 상장 앞두고 4억 달러 자금 조달 예상": 1782539135.2643423,
"인도 중앙은행, 인도 통화시장 진입 기준 완화 제안": 1782538245.472433,
"국제제지, 북미 포장 공장 폐쇄 계획 발표": 1782537337.8406444,
"BIS, 2026년 보고서서 스테이블코인 비판…'화폐 아니다' 진단": 1782536455.7623787,
"메타, 폴리마켓·칼시와 협력 검토…예측시장 진출": 1782531049.1664953,
"미군, 이란 미사일·드론 저장시설 공습": 1782530136.3191373,
"연준 총재 \"물가 압력 확산, 올해 금리 인상 필요할 수도\"": 1782529248.943895,
"미국 상원의원들, 폴리마켓 허위광고 관련 CFTC 조사 촉구": 1782527444.980785,
"S&P, 미국 국가신용등급 AA+ 유지…재정적자 위험 지적": 1782526539.4535677,
"AI 반도체주 조정으로 레버리지 ETF 급락, 2700억달러 시장 위험 노출": 1782524760.9443092,
"쿠코인, MARS4 입금 서비스 일시 중단": 1782522070.006975,
"오픈AI, GPT-5.6 선별 배포…미국 정부 AI 통제 강화": 1782519392.9008489,
"한국 6월 30일 5월 산업활동동향 발표, 경기 회복세 확인 여부 주목": 1782519358.0262337,
"IMF, 미·이란 휴전 재악화 시 유가급등 경고": 1782518453.7408996,
"러시아 강경파, 푸틴에 우크라이나 전쟁 확대·미국 협상 중단 촉구": 1782517601.4172685,
"UAE, 호르무즈 해협 안보 문제로 이란과 드문 통화 진행": 1782517558.3581598,
"서클, 노무라와 스테이블코인 협력 체결…주가 6.92% 상승": 1782515739.121025,
"미국 5월 상품 무역적자 14개월 최대치…1058억달러 기록": 1782514873.2608335,
"미국 6월 소비자심리지수 49.5로 반등, 여전히 역대 2번째 저수준": 1782513063.7128565,
"나스닥, 6월 러셀 지수 재편서 3,340억 달러 규모 거래 1.63초 만에 체결": 1782512139.7373366,
"이스라엘-레바논, 미국 중재로 초기 합의 체결": 1782510394.1195555,
"미국군, 이란 공격 감행": 1782510358.0158005,
"호르무즈 해협 선박 피격 후 통항 감소…지정학 리스크 재부상": 1782506895.865222,
"오라클 주가 2001년 닷컴 버블 이후 최악의 주간 낙폭…AI 자금조달 우려": 1782506837.1188397,
"미국 스타트업 투자, AI 추론 기업에 집중…베이스텐 15억달러 조달": 1782506799.0187745,
"리플 CEO, 마이클 세일러의 시장 영향력 비판…스트래티지 배당주 25% 할인 거래": 1782506743.0190423,
"로렌션 은행 인수합병, 캐나다 재무부 승인 획득": 1782504108.54848,
"SpaceX, FTC로부터 메시 옵티컬 인수합병 조기 종료 승인 획득": 1782504051.322068,
"美 하원 민주당 고위 의원, 401(k) 암호화폐 편입안 반발": 1782503136.4356947,
"스페인 규제당국, MiCA 비준수 암호화폐 기업에 기한 연장 없음 선언": 1782502324.5995715,
"미 상원의원들, 폴리마켓 허위광고 연방조사 촉구": 1782502288.7981465,
"리눅스 재단, AI 기업·금융사 연합으로 오픈소스 보안 연합체 설립": 1782502253.3876057,
"사우디아람코, 라스타누라 유가 로딩 재개…공급 강화": 1782501464.019777,
"증권화 플랫폼 시큐리타이즈, 상장 임박 가운데 4억 달러 자금 조달 예상": 1782501430.4416194,
"버추얼스 대표, AI 에이전트가 자율적 경제 행위자로 진화 중": 1782501396.6066437,
"반인신매매 단체, 미국 Clarity Act 604조항의 책임성 약화 우려": 1782501345.2869856,
"UAE, 미사일 경고 문자 기술 오류로 정정": 1782499669.6180778,
"미국·이스라엘·레바논 3국 협력 기본합의서 체결": 1782499635.621202,
"전 이더리움 재단 리더, 재단 축소에 따른 자금 공백 경고": 1782499592.623414,
"호르무즈 해협 선박 운항 회복으로 국제유가 급락": 1782499542.349841,
"Base, 이틀 새 두 번째 메인넷 정지 후 복구": 1782496908.394641,
"오픈AI IPO 연기설에 뉴욕증시 기술주 급락": 1782496852.9243748
}