{
"베라체인, 하드포크로 이중토큰 폐지하고 WBERA 보상으로 전환": 1783506648.486607,
"쿠웨이트, 정전 이후 모든 주거지역 전력 공급 복구…바레인도 제한적 정전 해결": 1783505800.0557532,
"인도 루피화, 유가 급등에 약세…포트폴리오 유입이 낙폭 제한": 1783505739.22193,
"인도 중앙은행, 암호화폐 금지 입장 유지": 1783504893.2528567,
"미국 대형 은행들, 결제망 인수 검토 중": 1783504855.0151365,
"쿠코인, 크로스 더 에이지(CTA) 상장폐지": 1783503934.1343803,
"XRP 레저 새 업그레이드 출시, 합의 진행 중": 1783503048.663792,
"트럼프, 이란과의 휴전협정 '종료' 선언": 1783502265.381147,
"코스피 8일 반도체 약세·중동 긴장으로 7,000선 위협, 5% 급락": 1783502211.900455,
"나이절 파라주, 테더 투자자로부터 받은 선물 관련 조사로 의원직 사임": 1783502153.3568366,
"베이스, B20 토큰 표준 활성화 개시": 1783501253.2201173,
"솔라나 기반 생텀, 모바일 앱 출시 1주일 만에 가입자 9000명·예치금 110만 달러 돌파": 1783500372.0269952,
"코스닥 800선 붕괴…중소형 성장주 투자심리 급냉": 1783500336.0478508,
"스트래티지, 12억5000만달러 현금화 프로그램 외 별도로 BTC 대량 매각": 1783498535.0155387,
"이란, 미국의 휴전협정 위반 규탄": 1783496587.732794,
"미-이란 긴장 고조로 호르무즈 해협 4척 유조선 회항": 1783495037.0815988,
"미 SEC, 이달 중 암호화폐 관련 새 규칙 제안 추진": 1783494991.0845296,
"로빈후드 L2 네트워크 출시 후 밈코인 캐시캣 1주일 50배 급등": 1783494947.7257528,
"중국, 7월 정제유 수출 제한 해제": 1783493256.9348533,
"연방 판사, 칼시의 뉴욕 도박법 차단 신청 기각": 1783493210.4734774,
"국내 국고채 금리 전 구간 상승": 1783493176.008269,
"EU, '채팅 감시' 규정 부활 투표 예정": 1783493141.6095948,
"미국 반도체 산업 인력난 심화, 삼성전자 텍사스 공장 등 가동 차질 우려": 1783491428.1027813,
"캐나다 BC주, 챗GPT 총기 난사 암시 놓친 오픈AI 상대 소송 추진": 1783491374.2711024,
"메사리 리서치, MEV 문제 해결책으로 세이 기가 주목": 1783491342.472418,
"스위프텍스, 호주 라이선스 획득 후 암호화폐 결제 서비스로 사업 다각화": 1783490503.211498,
"스타크웨어 CEO, 비트코인 2,100만 개 상한선 대신 연 4% 인플레이션 제안": 1783490453.1037107,
"SK하이닉스, 올해 20조원 규모 회사채·금융채 매수": 1783489532.9525082,
"미국-이란 긴장 고조로 유가 상승, 비트코인 약세 압박": 1783488690.5429108,
"일본 엔화 약세로 기업들의 비트코인·XRP 진입 가속": 1783488644.5055716,
"중국, 7월 말까지 정제유 수출 제한 해제": 1783487791.1150103,
"비피엠지, 미국에 금융 인프라 법인 아라코어 설립": 1783487742.9994192,
"KT, 스테이블코인을 핵심 성장동력으로 추진": 1783486854.908064,
"엔비디아 서버 지연 소식에 아시아 반도체주 하락": 1783486017.9850273,
"이스라엘 에너지 장관, 호르무즈 우회 석유 파이프라인 추진": 1783485974.5639095,
"NATO 지도자들, 이란·그린란드 문제로 앙카라 회담": 1783485936.866203,
"미국, 이란에 신규 공습 실시 완료": 1783484227.4053063,
"유가 급등, 뉴질랜드 중앙은행 3년 만에 첫 인상 검토": 1783484188.0289083,
"관세청, 환율 급등으로 수입부담 커진 중소기업 관세 납부 연기 지원": 1783484135.523343,
"시크릿 네트워크, 아르비트럼 이동 제안 시 AI 익스플로잇 위험 언급": 1783483255.690913,
"미 CFTC, 암호화폐 풀 운영자 1,400만 달러 사기 혐의 고소": 1783482472.0409513,
"국내 거래소 사칭 피싱 사이트 급증, 주의 당부": 1783482432.8360963,
"자산 토큰화, 금융 인프라 전면 재구성 단계 진입": 1783482387.5078218,
"암호화폐 거래소, RWA·TradFi 무기한선물 본격 확장": 1783482339.3820105,
"쿠코인, RIZ 토큰 입금 서비스 일시 중단": 1783481447.6439207,
"KuCoin, ANTFUN(ANTFUN) 토큰 상장": 1783480582.00066,
"미군, 이란 추가 공격 실시…호르무즈 해협 긴장 고조": 1783480536.8329167,
"스트라이크, 청산 위험 방지하는 비트코인 담보대출 출시": 1783479653.604175,
"KuCoin, 현물 거래 쌍 틱 크기 조정": 1783478830.7452638,
"글로벌 M2 120조 달러 상회, 단기 유동성 흐름 둔화": 1783478798.7851894,
"유진투자증권, 자동 분할매매 서비스 '매직스플릿' 출시": 1783478739.754245,
"미 SEC, 디지털자산 규제 체계 개편 논의 본격화": 1783477850.89894,
"미 연준 윌리엄스, 에너지 가격 하락으로 인플레이션 낙관론 제시": 1783477054.814558,
"미국 항공사 5월 유가 상승으로 연료비 39억 달러 증가": 1783476998.0920286,
"한국 금융당국, 금융시장 변동성 점검 강화": 1783476940.1619213,
"신한투자증권, 백화점 업황 2026년까지 강세 전망…현대백화점·신세계 목표주가 상향": 1783475135.4999228,
"록히드마틴과 라인메탈, 독일서 ATACMS 미사일 공동 생산": 1783474279.8569722,
"미국 이란 군사 공습으로 달러 주간 고점 도달": 1783474247.7331412,
"월마트, 트럼프 요청으로 바비큐 식재료 가격 인하": 1783473372.3925893,
"ECB 파넷타, 경제 전망 여전히 취약 평가": 1783473339.4840522,
"한국투자증권, 에쓰오일 목표주가 15만원에서 16만원으로 상향": 1783472503.7724395,
"금값 3년 강세장 마감, 고점 대비 20% 하락으로 약세장 진입": 1783472452.8554668,
"캐나다와 터키, 자유무역협정 협상 공식 개시": 1783470754.1702218,
"영국 재정통제청, 채무 악순환 방지 위해 막대한 재정 긴축 필요 경고": 1783470699.9647882,
"일본은행 금리인상 반대파 아사다, 수요 주도 인플레이션 필요": 1783470648.734057,
"토렉스 골드 2분기 생산량 9.6만 온스…연간 가이던스 47만 온스 달성 가능성 높아": 1783469907.2079542,
"위믹스, 미국 거래소 크라켄에 상장…USD 마켓서 거래 개시": 1783469848.9183972,
"금 온스당 4,100달러, 은 59.8달러 수준…중앙은행 매입과 정책 변수가 가격 견인": 1783469811.7969828,
"한국 5월 경상수지 386억 달러 흑자 기록…월간 최대치 경신": 1783469759.5743318,
"토스, 옵티미즘·서니사이드랩스와 원화 스테이블코인 기술 검증": 1783468855.006395,
"엑손모빌, 2분기 유가 상승으로 수익 급증 예상": 1783467974.4699962,
"미국 군부, 이란 공습으로 유가 급등": 1783467941.7982643,
"중국, 2023년 이후 최대폭으로 금 비축량 증가": 1783466195.3207662,
"비트마인, 이더리움 574만 개 보유해 4.8% 장악": 1783466136.5458755,
"에너팩 툴 그룹, SFE 그룹 인수 합의": 1783465256.2789173,
"럭스셰어, 30억 달러 홍콩 상장을 상단 공모가로 확정": 1783463998.1107936,
"야놀자 5년 준비 IPO, 임원 이탈과 부진으로 동력 상실": 1783463551.3531952,
"폴리마켓, 비트코인 라이트닝 네트워크 입금 기능 도입": 1783463504.5707746,
"미 연준 FOMC 의사록 공개 앞두고 국채금리·달러 동반 상승": 1783463449.5883355,
"미국 군부, 이란에 대한 군사 공습 개시": 1783462586.5881186
}