{
"일본 5월 산업생산 전월비 0.5% 증가, 예상(1.1%) 하회": 1782778582.1096387,
"한국수출입은행, 설립 이후 처음으로 AI 반도체 벤처 퓨리오사에이아이에 200억원 직접 투자": 1782778538.5729835,
"NFT 주간 판매량 5106만달러로 증가...거래자 참여도 확대": 1782776736.8616965,
"미 투자은행들, 올해 기준금리 연말까지 동결 예상": 1782775843.3761473,
"호르무즈 해협 통과 유조선 증가로 유가 하락": 1782775215.1826136,
"EU-중국 무역 협의 메커니즘 출범…희토류·수출규제 협상": 1782775159.743319,
"스테이블코인, 보험업 결제·정산 인프라로 주목…교보생명 기술검증 중": 1782775104.2633255,
"영국, 암호화폐 규제 체계 확정…2027년 2월 인가 기한": 1782775044.4861739,
"Circle, BNY와 스테이블코인 인프라 파트너십 확대": 1782774997.9613857,
"토큰화 기업 Securitize, NYSE 상장 승인": 1782774944.8281083,
"트럼프 대통령, CBDC 금지 조항 포함 주택법 검토 중": 1782771449.1320908,
"오픈페이드, 타이탄 인수합병 통해 나스닥 상장 추진": 1782771389.7301435,
"지난달 회사채 발행 15% 감소…우량채만 발행": 1782771346.8266401,
"틸레이, 헬로엠디 인수로 의료용 대마초 플랫폼 확대…캐나다 환자 접근성 강화": 1782770525.5714707,
"해먼드파워솔루션, AEG 파워솔루션 인수 완료…약 3.65억 캐나다달러": 1782770488.023484,
"달러 강세 지속, 금값 약세…시장 미국 고용지표·연준 의장 발언 주시": 1782770450.6143613,
"한국 상장사 한계기업 비중 27.6%로 급증…5년간 15.8%포인트 상승": 1782769535.876526,
"마이클 세일러 회사, 9일 연속 낙폭 후 회복…강화된 자본 운용 체계 도입": 1782768641.735453,
"이란 대통령, 트럼프 발언에 \"근거 없는 위협\" 반박": 1782767873.216209,
"세일즈포스, 6월 중 AI 관련 인수 3건 추진…월스트리트 의심 여전": 1782767822.8357217,
"전국 휘발유 1,960원대로 3주 연속 하락": 1782767771.4258704,
"자영업자 대출 1,095조원 돌파, 연체액도 22조원까지 급증": 1782767737.8790152,
"PACS 그룹, 미국 6개 주 간호시설 34곳 인수 합의": 1782766887.25052,
"알카미 테크놀로지, 액티비스트 펀드 자나가 지분 인상·매각 압박": 1782766851.925109,
"중국 산업 이익 회복력 유지, 제조업·수출 중심 경제 전략 지속": 1782765981.1713219,
"미 CLARITY 암호화폐 법안, 11월 중간선거 전 통과 '불확실'": 1782765935.7129421,
"미 상원, CLARITY 암호화폐 법안 7월 통과 추진": 1782764188.6372707,
"미·이란 군사충돌로 국제유가 상승…호르무즈 해협 긴장": 1782764138.1190042,
"SEC, 나노빗 암호화폐 사기 사건 최종 판결…500만 달러 이상 과징금 부과": 1782763243.292405,
"달러 엔화 환율, 40년 만에 최고가 기록…161.97까지 상승": 1782762434.2690606,
"미 대법원, 트럼프가 SEC·CFTC 위원 자유로이 해임할 수 있도록 판결": 1782762393.495353,
"한국은행, AI 확산이 미국 경제 성장 견인 중심축이라고 진단": 1782762337.5128047,
"수퍼마이크로컴퓨터, 대만 사무실 칩 밀수 혐의로 적발 조사": 1782760572.8542464,
"FDA, 일라이릴리·리제너론 등 7개사 신규 제약 시설 심사 프로그램 선정": 1782760539.7441413,
"컴캐스트, 미디어·통신 사업 분할해 독립 상장 추진": 1782758784.8254826,
"JP모건 임원진, 스테이블코인 이자 지급이 '그림자 금융'으로 변질될 수 있다고 경고": 1782758738.8431501,
"미국·이란 군사긴장 완화로 뉴욕증시 상승": 1782757839.7592366,
"미국 전략석유비축량 42년 만의 최저 수준으로 하락": 1782756933.0139325,
"코인베이스·크라켄·오케이엑스, EU MiCA 미인가 업체 사용자 포섭 시작": 1782756203.7648163,
"리플, XRP 원장 대출 프로토콜 개발 진행 중 - 온체인 구조화 대출 솔루션": 1782756153.4294555,
"갤럭시, 암호화폐 명확성법 2026년 통과 가능성 50%로 하향 조정": 1782756098.647611,
"비트코인 대출 시장, 기관 참여 확대와 강화된 위험관리로 새 국면 진입": 1782756052.1150713,
"JP모건, 미국 암호화폐 법안 지지하되 규제 위험 경고": 1782755177.9335136,
"EU 미카 규제 유예 7월 1일 종료…미인가 암호화폐 업체 대량 퇴출 전망": 1782755138.1789997,
"SK그룹, 반도체·AI 데이터센터에 2조원 투자 발표": 1782754239.7558613,
"BNY, 기관 커스터디 플랫폼에 USDC 발행·상환 기능 추가": 1782752505.217371,
"BNY and Circle expand partnership, adding mint and burn capabilities for USDC": 1782752452.4646258,
"골드만삭스, 금값 내년 말 온스당 4900달러 전망": 1782750761.7273557,
"BNY 멜론은행, USDC 발행·상환 기관 커스터디 플랫폼에 추가": 1782750709.956527,
"컴캐스트, NBC유니버설·스카이 분사해 통신과 콘텐츠 분리": 1782750650.0656302,
"QXO의 TopBuild 인수, 양사 주주 승인 완료": 1782748938.28544,
"암호화폐 160억 달러 해킹 손실의 40%가 개인 키 관리 부실 때문": 1782748884.1848035,
"시타델증권, 워시 연준 의장이 시장 예상보다 강한 매파 기조 보여": 1782748850.6750197,
"바이낸스 CZ, EU MiCA 인가 불승인은 정치적 개입 탓이라고 주장": 1782747969.959292,
"멕시코 최대 증권거래소 BMV, 데이터 장애로 전 시장 개장 중단": 1782747936.211961,
"마이클 세일러 회사, 비트코인 매도 전략으로 신규 자본 조달 계획 추진": 1782747139.7159655,
"JP모건, 블록체인 결제 네트워크에 아시아태평양 5개 통화 추가": 1782747079.474237,
"백악관, 암호화폐 명확성법 추진 위해 법 집행 기관과 협의": 1782747045.726718,
"클로드 신화와 AI의 DeFi 위협…보안팀도 같은 도구 접근 가능": 1782746309.8247554,
"미 대법원, 트럼프가 해임한 리사 쿡 연준 이사 직무복귀 결정": 1782746275.899735,
"EU MiCA 7월 1일 시행 임박, 최대 1000만 암호화폐 사용자 플랫폼 이탈 우려": 1782746240.9057925,
"체인분석 업체 체인알리시스, 블록체인 추적 표준 제안": 1782746181.083306,
"마이크로소프트, 6월 17% 하락…2000년 이후 최악의 월간 낙폭 기록": 1782746145.0732963,
"뉴욕멜론은행, 기관용 USDC 커스터디 및 발행 서비스 개시": 1782745305.5569756,
"리플, XRPL에서 토큰화 자산 담보 대출 표준 제안": 1782745249.7399886,
"미국 CBDC 금지 조항 포함 법안, 트럼프 서명 절차 진입": 1782744366.8121903,
"비트마인, 이더리움 570만개 보유…유통량 4.7% 확보": 1782744336.004165,
"비탈릭 부테린, 암호화폐의 핵심 기술이 실제 사용 단계 아직 멀다고 지적": 1782741690.8238366,
"JP모건, 펀칭 선물에 대한 기관 수요 제한적": 1782741653.9860318,
"트럼프 대통령, 30일 도하 이란 회담 예고…이란은 부인": 1782740735.0093534,
"마이클 세일러 회사, 비트코인 매각권으로 배당금·자사주 매입 재원 확보": 1782739895.8307948,
"국내 국고채 금리 전 구간 상승": 1782739845.0256555,
"미국·이란 공격 중단, 월스트리트 상승 전망": 1782739050.237705,
"블랙록 알라딘, 에스나 스테이블코인 USDe 지원 강화": 1782739013.0214458,
"브릭 SDK, 비트코인에서 스테이블코인으로 직접 송금 지원": 1782738977.3196046,
"퀘벡 이노베이티브 머티리얼즈, 자연수소 16% 고농도 발견": 1782738940.8753107,
"마이클 세일러 회사, 비트코인 매입 일시 중단하고 10억 달러 규모 디지털 채권 매입 프로그램 수립": 1782737333.4886854,
"미국·이란 중재자들 양국 협상 앞두고 완화 채널 구축": 1782737212.2098567,
"한국 정부, 반도체 산업 주도권 사수 위해 911조원 메가 투자 계획 발표": 1782737177.874859,
"미국 CLARITY 법안 상원 일정 부족으로 2026년 통과 확률 50%로 하향": 1782737138.6962278
}