{
"이란·오만, 호르무즈 해협 통항 조율 논의": 1782566178.3554988,
"S&P글로벌, 다우지수 편입 변화·배당 정책 시행": 1782566136.1551218,
"퀴델오르토, 검사 사업부 15억 달러에 매각 추진": 1782565250.29677,
"FedEx 실적 발표에서 경제 활동 신호 포착": 1782564382.9207623,
"ETF 거래량으로 본 인플레이션 우려 완화 신호": 1782564336.5580943,
"SecondFi, 카르다노 지갑 해킹 후 2주 내 자산 반환 준비 중": 1782562573.7380462,
"마이클 세일러 회사, 시가총액이 비트코인 보유량 이하로 하락": 1782562542.0412364,
"암호화폐 VC, AI·디파이·온체인 데이터 투자 지속": 1782558940.0003846,
"바이낸스, CAPUSDT 무기한 선물 계약 출시": 1782558047.45958,
"EU 의회, 디파이·스테이킹·NFT 규제 평가 촉구": 1782549042.2496858,
"트럼프, 농업 지원금 추가 110억 달러 요청": 1782547936.026065,
"리플 CEO, 마이클 세일러의 시장 영향 비판": 1782547247.4877074,
"미국 비트코인·이더리움 ETF에서 자금 순유출 지속": 1782544538.4658756,
"시큐리타이즈, 공개 상장 앞두고 4억 달러 자금 조달 예상": 1782539135.2643423,
"인도 중앙은행, 인도 통화시장 진입 기준 완화 제안": 1782538245.472433,
"국제제지, 북미 포장 공장 폐쇄 계획 발표": 1782537337.8406444,
"BIS, 2026년 보고서서 스테이블코인 비판…'화폐 아니다' 진단": 1782536455.7623787
}