{
"AMD, 앤트로픽에 50억 달러 투자…MI450 칩 2기가와트 규모 공급": 1784745040.6602955,
"앤스로픽, 영국 FCA AI 규제 샌드박스 2차 코호트 참여": 1784744209.6961029,
"미·이란 군사 충돌 2주째 격화, 평화협상 가능성 약화": 1784744175.7006896,
"클래리티법 최신 초안 공개, 서클에 장기적 부정영향 가능": 1784744143.7315216,
"백악관, 중국 문샷AI의 반도체 우회 활용 의혹 제기": 1784743305.686895,
"미국 클래리티법 최신 초안, 트럼프에 암호자산 발행 금지 2029년까지": 1784743254.103978,
"SEC 피어스 위원, 암호자산 금고·온체인 대출 서비스에 증권규제 적용 가능성 지적": 1784742333.6526816,
"중동 분쟁 격화 시 글로벌 성장률 1.3%까지 급락 가능, 세계은행 수석 이코노미스트 경고": 1784741698.743327,
"크래켄 모회사 페이워드, GTN과 제휴해 토큰화 주식 국제 확대": 1784741645.9825053,
"미 재무부, 월스트리트 조세 회피 상품 단속 강화": 1784740536.0112722,
"SK스퀘어, 430억 원 규모 자사주 소각": 1784739709.2776265,
"SEC, 코인베이스와 기록 요청 관련 합의 체결": 1784739654.6328714,
"일리노이 암호자산세 위헌 소송 제기": 1784738789.4289794,
"호르무즈 해협 유조선 전쟁보험료 1900% 급등": 1784738740.3334303,
"비트고·OTC마켓, 토큰화 증권 브로커-딜러 접근성 확대 계획": 1784737979.5441654,
"미국 클래리티법 최신 초안 공개, 윤리규정 임시 조항으로 전환": 1784737939.3100212,
"국내 국고채 금리 연중 최고치·사상 최고치 경신": 1784737883.155574,
"웹울 EU, 유럽연합 암호자산규정(MiCAR) 승인 획득": 1784737847.5888808,
"마이크로소프트, AI 채택 '믿을 수 없는 속도'로 가속화…주가는 반응 미흡": 1784736980.8855343,
"알파벳, 2분기 실적 발표…AI 데이터센터 투자 수익성 평가 초점": 1784736943.6717176,
"핀테크 플랫폼 레볼루트, 1150억달러 기업가치 평가": 1784736106.029238,
"미국 암호화폐 산업, 3.4만명 고용·550억달러 경제기여": 1784736056.9013422,
"네슬레, 페리에 지분 약 50억 유로에 매각 임박": 1784735629.8019018,
"암호화폐 '렌치 공격' 사건 52건으로 증가, 목표 피해액 10배 이상 뛰어": 1784735594.0057802,
"홍해 후티 위협으로 선박 항로 변경 증가": 1784735183.430193,
"영국 디지털 길트 파일럿, 온체인 스테이블코인 승인이 핵심": 1784735138.677517,
"일리노이주 디지털자산세 위헌 소송 제기": 1784734243.6693182,
"이란, 1월 시위 관련 남성 처형": 1784733652.8222477,
"트럼프, 호르무즈 해협 선박 공격 시 이란 대교·발전소 공격 위협": 1784733620.576887,
"미국 원유 재고, 예상 반대로 증가": 1784733560.423591,
"벤치마크, 코인베이스 실적 하향 조정…클래리티법이 변수": 1784733515.3276088,
"미국, 사기 관련 암호화폐 2,500만 달러 이상 몰수": 1784733455.333066,
"미국 증권 이전대행업계, 비인가 토큰화 증권 규제 촉구": 1784733403.289956,
"SEC 피어스 위원, 온체인 금고·대출 서비스에 증권규제 경고": 1784733347.9171486,
"폴리마켓, 프랑스 차단 결정에 법적 이의 제기": 1784732454.9956725,
"FATF, DeFi 중앙화 요소에 규제 필요 강조…미준수 플랫폼 폐지 경고": 1784731592.1784074,
"미국 성인 비트코인 보유자, 금 보유자 처음 초과": 1784731544.2811754,
"SEC, 겐슬러 문자 유실 관련 코인베이스와 15만달러 합의": 1784730649.747574,
"칼시, 미국 중간선거 앞두고 미드텀 허브 출시": 1784729731.6017094,
"디지털 유로, 감시 통화인가 현금의 대체재인가": 1784727943.9696336,
"프랭클린템플턴, 에이전트 AI를 블록체인의 차세대 킬러 유스케이스로 평가": 1784727048.3589113,
"Bragg Gaming Group, Drayton International 인수 완료 및 경영진 개편": 1784726142.182789,
"AI 데이터센터 기업 TECfusions, 나스닥 상장 회사와 SPAC 합병 추진": 1784725307.3737862,
"HTX 영국 제재 회피 위해 온체인 지갑 계속 교체": 1784725255.0497692,
"트럼프, 미국 항공사의 레바논 노선 운영 40년만에 재개 허가": 1784724401.126912,
"중동 분쟁 확대로 유가 상승, 홍해 해상 운송 차질": 1784724370.22819,
"코스피 조정에 위탁매매 반대매매 596억원 규모로 급증": 1784724335.7436452,
"중동 긴장 고조로 원/달러 환율 1,480원 돌파": 1784723446.417746,
"MN8 에너지, 그린백커 재생에너지 인수": 1784722537.4336658,
"미 검찰, 국제 사기·세탁 연루 암호화폐 2,500만 달러 몰수 추진": 1784721686.5752568,
"TE 커넥티비티, 아스트로다인 14억 달러 규모 인수 발표": 1784721654.4276485,
"미드나잇 토큰 완체인 브릿지 해킹 후 19% 반등, 호킨슨 ZK 개편 촉구": 1784721601.785825,
"질리카 레저 앱 보안 취약점 발견, 공격자가 개인키 복구 가능": 1784721558.7076278,
"중동 분쟁 격화, 글로벌 석유 정제 회복 위협": 1784720737.7000453,
"IBK기업은행, 변동금리 주택담보대출 판매 중단": 1784719843.1052065,
"Talos, Kalshi 예측시장에 기관 거래 도구 통합": 1784719039.5649467,
"비트코인, 규제 회피 펩타이드 시장의 주요 결제수단 부상": 1784718979.552524,
"Block, Nostr 기반 협업 플랫폼 Buzz 출시…AI 에이전트 지원": 1784718942.625139,
"렙라이젠, 바이오라이프솔루션 15억 달러에 인수": 1784718111.0431097,
"한국 암호화폐 거래량 급감, 투자자들 주식으로 쏠림": 1784718054.8925235,
"파운드리, 채굴자들에 BIP-110 지지 투표 요청": 1784717137.500977,
"크래켄 모회사, 토큰화 주식을 홍콩·영국·한국 종목으로 확대": 1784716242.4009783,
"루비오 미 국무장관, 이란 '많은 위기' 상황 언급": 1784715339.869534,
"바이낸스, 토큰화 증권 10개를 담보자산으로 추가": 1784714579.4567204,
"3M, AI 데이터센터 광통신 기술로 광섬유 시공 시간 85% 단축": 1784714491.7434576,
"SecondFi, 260만 달러 ADA 도난으로 운영 중단": 1784714452.5169976,
"인도 루피, 이란 분쟁 재격화로 유가 급등에 민감성 증가": 1784713594.1519876,
"갤럭시, 비트코인 양자내성 개발에 500만 달러 지원": 1784713538.3529413,
"밸런스 스테이블코인 99% 급락...100만 달러 규모 해킹": 1784711791.6257434,
"S&P·판테라, 디지털자산 지수 출범...비트코인 제외": 1784711740.3980126,
"호르무즈 해협 통과 선박 감소, 보안 우려 지속": 1784710057.3694112,
"미 상원 민주당, 클래리티 법안의 공직자 암호화폐 윤리규정 집행권 문제로 반발": 1784710023.661299,
"텔레그램, 모든 사용자에 비수탁형 암호화폐 지갑 탑재 예고": 1784709984.0621727,
"국제결제은행, USD 스테이블코인의 자본통제 회피 가능성 지적": 1784709940.9154532,
"BOJ, 엔화 급락에 12월보다 앞서 금리 인상 검토": 1784709047.970032,
"BIS, USD 스테이블코인이 자본통제 회피 가능하다고 경고": 1784707300.255836,
"금감원·핀산협, 전자금융업 협의회서 결제 리스크 관리 강화 논의": 1784707250.2216167,
"미국 검찰, 국제 사기·자금세탁 연루 암호화폐 2,500만 달러 몰수 추진": 1784706340.914564,
"정부·여당, 디지털자산기본법 연내 제정 목표로 입법 속도": 1784705448.542908,
"이란, 요르단·바레인 주둔 미군시설 타격": 1784704580.9504478
}