{
"스웨덴 상장사 H100, 주주승인으로 비트코인 보유 3배 확대 인수 추진": 1782318651.3034897,
"한국 관계자, 미국 SEC와 만나 통일된 암호화폐 규제 논의": 1782317777.6504,
"바이낸스, EU 라이선스 확보까지 1주일 남음…그리스 신청 철회": 1782317745.6090853,
"미국 신용조합, 스테이블코인 인프라 파일럿 프로그램 참여": 1782316855.517203,
"이스라엘, 남부 레바논 주둔 유지 고집…루비오 국무장관 이란 협상 옹호": 1782316049.271633,
"스포츠 베팅 앱 오닉스 오즈, 크라켄 모회사 페이워드 주도로 2000만달러 투자 유치": 1782315995.7025232,
"한국 채권시장 장기물 금리 상승, 30년물 국채 입찰 앞두고 경계": 1782315944.8458338,
"트럼프, CBDC 규제 포함 주택법안 서명 취소": 1782315049.017152,
"바이낸스, MiCA 규제 지연 속 유럽 사업 지속 강조": 1782314196.2912173,
"리플 에스크로 해제 방식 놓고 논쟁 가열": 1782314141.2289631,
"유엔 대피 계획 하 호르무즈 해협 해운 재개": 1782313359.5087922,
"이탈리아, NATO 사무총장 루테의 이란 전쟁 관련 발언에 항의": 1782313306.6307936,
"미국 원유 재고 610만배럴 감소": 1782313258.671468,
"미국 5월 신규주택 판매 7.3% 감소, 예상치 대폭 하회": 1782312417.5869966,
"스탠더드차터드, 에이브 2030년까지 50배 상승 가능성 제시": 1782312380.4260528,
"Kalshi, 예측시장 규제 법안에 대해 일리노이주 소송 제기": 1782312346.9912996,
"폴리마켓 지원 플랫폼, 예측시장 내부자거래 적발 기술 개발 투자금 150만 달러 유치": 1782311600.5971434,
"2026년 디파이 TVL 39% 급락, 시장 침체와 해킹 사태 영향": 1782311556.6180692,
"이차전지 기업 금양, 한국거래소 상장폐지 결정에 법원 제동 신청": 1782311515.2371216,
"미국 5월 신규주택 판매 7.3% 감소, 재고공급기간 10개월 초과": 1782311455.005606,
"스트래타, 심폐이식 국가회복 프로그램 인수로 장기이식 사업 확대": 1782310584.3484554,
"비트코인 ETP 순유출 심화, 1년 롤링 기준 사상 처음 마이너스 전환": 1782310542.972183,
"中 암시장서 엔비디아 AI 반도체 가격 2배 이상 급등": 1782309707.0992787,
"美 법집행기관, 클래리티법 반대…통과 가능성 41%로 급락": 1782309657.4696367,
"크렘린, 미국과 우크라이나 관련 협상 재개 가능성 시사": 1782308848.9070387,
"퀄컴, AI 스타트업 모듈러 인수…데이터센터 소프트웨어 스택 강화": 1782308788.230793,
"크라켄 인큐베이팅 'Ink', 옵티미즘 OP 엔터프라이즈로 인프라 전환": 1782308746.9585462,
"쿠코인, 완체인(WAN) 입출금 서비스 일시 중단": 1782307902.3650923,
"바이낸스, 그리스 규제 신청 실패 시 EU 내 다른 국가 라이선스 추진": 1782307853.2640684,
"미국 1분기 경상수지 적자 226.8억달러…예상치 상회": 1782307041.954866,
"스탠덱스, 매출 8% 성장·247분기 연속 배당": 1782307005.3174736,
"일본 신탁은행 첫 엔화 스테이블코인 출시…거래 한도 해제": 1782306948.597815,
"카르다노 지갑 세컨드파이, 주소 수준 결함으로 해킹 원인 특정": 1782306146.846061,
"허드베이, 애리조나 소노란 인수 완료…북미 3위 규모 구리광산 지구 조성": 1782306102.7920141,
"블랙레이크·누바랩스, 프로비넌스 블록체인에서 2500만 달러 모기지론 토큰화": 1782306061.1677356,
"미 재무장관 베센트, 올해 말까지 GDP 성장률 3% 달성 가능하다고 전망": 1782305142.015326,
"한화, 한화솔루션 증자 자금 마련 위해 분당 연구소 2878억원에 매각": 1782304249.0760012,
"쿠코인 선물거래소, NESUSDT 무기한선물 상장": 1782303549.309449,
"EU 항공국, 이란 협상 후에도 영공 회피 권고": 1782303504.2822723,
"트럼프, 이란에 자금 미지급 재확인…호르무즈 통행료 없다": 1782303457.2605991,
"CBOE, S&P 500 연계 예측시장 신규 출시": 1782303398.2605221,
"코스피200 변동성지수 사상 최고치 근접": 1782303350.9001896,
"CBOE, S&P 500 바이너리 옵션 재개…예측시장 경쟁 강화": 1782302707.5067654,
"카스피, 터키 라보은행 인수 규제승인 획득": 1782302654.8737655,
"ROC, 주커로 테크니컬 컨설팅 인수…디지털 포렌식 역량 강화": 1782302594.198084,
"크립토퀀트, 스트래티지의 배당 리스크 경고…현금 보유금 38% 급감": 1782302556.4249837,
"美 법무부, 암호화폐 세탁과 연루된 후이온 인프라 압수": 1782302502.8029594,
"코스피 10% 급락에 개인 투자자 400억 강제 처분": 1782302458.3541586,
"이란 은행 3곳, 카드 기반 뱅킹 시스템 사이버 공격으로 피해": 1782301638.9459448,
"IAEA 사무총장, 이란 핵 사찰 계속 진행…절차 논의 중": 1782301588.9669433,
"메타 전 CTO 슈로퍼, AI 전력난에 베팅…2억5천만 달러 펀드 조성": 1782301541.914089,
"스탠더드차터드, 토큰화자산 유입으로 에이브 성장 전망": 1782300644.5144792,
"쿠코인, 울티마(ULTIMA) 토큰 BSC→울티마 메인넷 마이그레이션 지원": 1782299886.8615036,
"카타르, 액화천연가스 정상 생산 '수주일 내' 재개": 1782299853.0240571,
"우드 맥킨지, 랜드게이트 인수…1억5천만 필지 토지 데이터 확보": 1782299796.4526613,
"암호화폐 시장, 규제 개입 단계 진입…산업화 전환 본격화": 1782299744.584866,
"YZi Labs, BNB 재정관리사 CEA Industries와 분쟁 종료": 1782298906.5666332,
"이더리움 재단 구조조정, 54명 감원 및 예산 40% 축소": 1782298858.189156,
"NATO 사무총장 루테, 트럼프와 면담으로 7월 정상회담 앞 긴장 완화 추진": 1782298115.237729,
"스트래티지 MSTR, 닷컴 버블 패턴 반복 시 80% 하락 가능성 제시": 1782298060.6558642,
"카르다노 생태계 DeFi 프로젝트 세컨드파이 해킹, 최대 2000만달러 피해 추정": 1782298006.861914,
"미 상원 민주당, 트럼프 암호화폐사업 UAE 5억달러 투자 관련 청문회 요구": 1782297947.9252732,
"SK하이닉스, 7월 10일 나스닥 상장 추진…최대 45조 규모 ADR 발행": 1782296984.7445252,
"오만, 호르무즈 해협 임시 해상로 개설…통행료 부과 안 함": 1782296232.659529,
"비트코인 룬 프로토콜 활동 급증, 거래 수량과 수수료 2년 최고치 경신": 1782296193.4536774,
"스트래티지, 연 15억 달러 우선주 배당으로 비트코인 매각 압박 심화": 1782296143.7757785,
"프롤로지스, 164억 달러 인수 제안 거절…세그로 주가 상승": 1782295255.933787,
"이스라엘, 해마스·이슬람지하드 자금조달 네트워크 연루 인물 2명 제거": 1782294379.6769035,
"SBI그룹, 일본 최초 신탁은행 기반 스테이블코인 JPYSC 출시": 1782294341.8857803,
"한국, 토큰증권을 자본시장 현대화 계획에 포함": 1782292587.378528,
"미 법집행 기관, 클래리티법이 암호화폐 범죄 수사 방해할 수 있다고 경고": 1782292539.5056503,
"독일 6월 경기심사지수 예상치 부합, 강세 지속": 1782290801.2510269,
"마크 큐반·댈러스 매버릭스, 보이저 소송 항소심 진행": 1782290745.1649787,
"슈퍼폼, 플레어 네트워크에서 'bizFXRP' 수익 상품 출시": 1782289848.2864316,
"블랙록, 포트폴리오 내 비트코인 적정 비중 1~2% 제시": 1782289022.5539987,
"RWA 시장 급성장, 실물자산 토큰화 추세 확산": 1782288978.360003,
"크립토퀀트, 스트래티지의 비트코인 매수 중단 촉구": 1782288944.237775,
"쿠코인 선물거래소, CRWDUSDT 주식지수 무기한선물 상장폐지 예정": 1782288090.534247,
"금융정보분석원, 미신고 가상자산 사업자 경고…소셜미디어 채널 통한 불법 영업 증가": 1782288058.1274385,
"쿠코인 선물거래소, 주식지수 무기한선물 여러 종목 신규 상장": 1782287196.3854458
}