{
"인도 550억 달러 규모 신재생에너지 프로젝트, 기후 재해 위험에 노출": 1782451951.795133,
"코인베이스 블록체인 베이스, 약 2시간 네트워크 중단 후 복구": 1782451899.8780773,
"솔메이트, 솔라나 재무 전략 전환 이후 주가 98% 폭락": 1782451845.9600146,
"이더리움 현물 ETF 순유출 8100만 달러, 블랙록 ETHA 주도": 1782450989.280884,
"제타체인, 스테이킹 시 이자와 AI 이용권 동시 제공": 1782450938.7659264,
"정부, 국제유가 하락에 석유 최고가격 인하 결정": 1782450055.7259648,
"소니픽처스, 거대 화면 스타트업 코즘에 1억 달러 투자": 1782449136.977201,
"아시아태평양 주식시장 큰 낙폭, 한국 코스피 8% 하락": 1782447377.964637,
"엑시온그룹, 코스닥 시가총액 미달로 관리종목 지정": 1782447336.1394093,
"스테이블코인X, 금요일 나스닥 상장 완료": 1782446485.060083,
"샤프링크, 8개월 만에 이더리움 5000개 매입": 1782446449.837898,
"미 정부, 오픈AI에 GPT-5.6 단계적 출시 제안…AI 모델 공개 과정 규제 강화": 1782445637.068359,
"a16z, 스테이블코인이 핵심 금융 인프라로 진화 중이라고 진단": 1782445588.682062,
"미 상원, 연준 CBDC 2030년까지 금지…민간 스테이블코인으로 무게중심 이동": 1782445549.0652592,
"쿠코인, 이더리움 네트워크 기반 네사(NES) 토큰 지원 개시": 1782444650.0952466,
"트럼프, 이란의 호르무즈 해협 통행료 부과 계획에 '받아들일 수 없다' 경고": 1782443741.365391,
"일본, 향후 14년간 2조3000억달러 규모 투자 계획 발표": 1782442854.6089265,
"코스피 1.65% 급락해 8,782까지 내려앉아": 1782441940.0219915,
"쿠코인, 이타카 프로토콜(ITHACA) 입금 서비스 일시 중단": 1782441089.9807389,
"스테이블코인 시총 3139억 달러, 온체인 전송액은 6조5400억달러 증가": 1782441048.8861182,
"쿠코인, 캡(CAP) 토큰 상장": 1782440174.0426574,
"아크 인베스트, 코인베이스·서클·로빈후드 등 암호화폐 관련주 추가 매수": 1782440139.560474,
"쿼럼소프트웨어, 에너지산업 AI 공급망 플랫폼 스트림바 인수": 1782439250.233009,
"올여름 전력수요 역대 최대 전망에 전력설비주 강세": 1782438336.2890975,
"폴리마켓, 외부 협력업체 해킹으로 300만달러 탈취…사용자 전액 보상": 1782437445.1292574,
"스페이스엑스 채권 발행, 글로벌 투자업계에서 시장 거품 신호 경고": 1782436541.3455615,
"하나증권, SK하이닉스 목표주가 275만원에서 360만원으로 상향": 1782434899.237937,
"스트래티지(MSTR) 주가 급락 속 \"2022년보다 재무 개선됐다\" 반박 제기": 1782434851.994818,
"암호화폐 인프라 기업 BitGo, 전체 직원의 15% 감원": 1782434793.5691156,
"중기부, 중기업 70곳에 2040억원 규모 회사채 발행 지원": 1782434746.6082847,
"삼기, 글로벌 휴머노이드 로봇 상체 프레임 개발사 선정": 1782433846.3292742,
"카메코, 26억달러 장기계약 체결…우라늄 공급망 확대": 1782432983.1847064,
"금·은 사상 최고가권 동반 상승…온스당 금 4013달러, 은 57.56달러": 1782432938.5213425,
"미국, 중국 기술 제재로 지리/폴스타 2027년부터 미국 시장 진입 차단": 1782431255.907849,
"머스크, X 슈퍼앱 구상 본격화…X머니 서비스 확대": 1782431201.0320868,
"정부, 2026년 하반기 전기·가스 요금 동결 결정": 1782431142.5648181,
"비트코인 L2, DeFi 채택 확대 과제 대두": 1782430247.351149,
"신원확인 기업 인코드, 신원보호 암호화 솔루션 기업 아이덴티크 인수 완료": 1782429339.9502609,
"한은, 비트코인과 주식시장 연결고리 강화 진단…현물 ETF 확대 시 전통시장 파급 경고": 1782428566.6357136,
"서클, 노무라와 손잡고 2027년 일본 외환 결제 플랫폼 출시": 1782428508.1228337,
"WSJ 보도, 폴리마켓이 제작자들에게 가짜 거래·승리 조작 비용 지급": 1782425835.5341823,
"미국 5월 PCE 지표 부진으로 달러 약세·금값 4000달러선 회복": 1782425785.9845748,
"바이낸스 CZ, 양자컴퓨터 시대 대비해 사토시 비트코인 동결 검토 제안": 1782425740.9376407,
"렌탄데스, 콜롬비아 현지 경쟁사 계약 인수로 차량 1000대 추가": 1782424936.2549932,
"캘리언, 갤럭시 브로드밴드 인수 최종 합의": 1782424891.964758,
"체인링크, 한·유럽 은행과 T+0 외환결제 시스템 구축": 1782424852.0537171,
"미 의원들, 사회보장세 기금 고갈 위기 대응…고소득층 세금 부과 추진": 1782423990.4165373,
"아에이브 설립자, 페이워드 인수 제안 거절…70% 할인 가격 받지 않겠다": 1782423937.8948882,
"마이크론, AI 메모리 220억달러 장기계약 확보…국내 메모리 업체 수혜 기대": 1782423047.838145,
"ECB 슈나벨 위원, 이란 휴전 이후에도 추가 긴축 가능성 시사": 1782422309.9876714,
"일본 도쿄 물가지수, 6월 8개월 만에 상승 가능성…중동 긴장으로 에너지 비용 상승": 1782422249.5067987,
"폴리마켓, 제3자 벤더 해킹으로 수백만 달러 암호화폐 도난…사용자 환금 예정": 1782422189.4687417,
"앤스로픽, 중국 업체의 클로드 모델 불법 복제 의혹 미 의회에 고발": 1782422146.59514,
"온세미, 시냅틱스 70억 달러에 인수…차세대 AI 시스템 겨냥": 1782421287.35294,
"스테이블코인X, 나스닥 상장 완료…Ethena 달러 생태계 전문": 1782421251.100328,
"애플 주가 1년 만에 최악…맥·아이패드 가격 인상 여파": 1782420388.7029583,
"미 상원, 7월 암호화폐 입법 추진…주택 법안 혼란으로 일정 불확실": 1782420341.4616148,
"이란, 화물선에 발포…지정학 긴장 고조": 1782418703.553518,
"호르무즈 해협 유가 통행량 최고치 기록": 1782418663.233486,
"유럽중앙은행, 물가 불안 속 추가 금리 인상 열어두다": 1782418611.209568,
"인베스코, 토큰화 스테이블코인 예비금 펀드 출시": 1782418579.5009165,
"JP모건, 차기 CEO 후보 공식화…페트노·로어보 사장 승진": 1782418548.2333138,
"뉴욕증시 반도체 강세와 경제지표 개선에 상승": 1782417652.281902,
"미국 신규 실업수당 청구 21만5천건, 예상치 하회": 1782416773.3071637,
"SBI홀딩스, 비트뱅크 2억8900만 달러 인수 계약": 1782416740.47538,
"영국 부의 자문가 50%, 고객 암호화폐 투자 '보이지 않음'": 1782415932.0553722,
"코인베이스 지원 이더리움 레이어2 베이스, 블록 생성 장애 후 복구": 1782415893.1465247,
"미국 1분기 GDP 확정치 2.1%…시장 예상 상회": 1782415848.8732398,
"크라켄 모회사, 파워트레이드 상대로 600만 달러 소송 제기": 1782415027.578851,
"스토리 프로토콜, AI 학습 데이터 사업으로 방향 전환": 1782414984.5975845,
"미국 5월 개인소비지출 물가지수 4.1% 상승": 1782414942.3331573,
"코인엑스, 제재 대상 이란 플랫폼과 38억 달러 거래 의혹…부인": 1782414160.4211297,
"영국 의회, XRPL을 기후금융 인프라로 제안": 1782414105.127547,
"JP모건, 코스피 전망 상향 조정…기본 12,500·강세장 15,000": 1782414057.9789474,
"호르무즈 해협 화물선 피격으로 유가 상승, 유엔 선박청 대피 계획 일시 중단": 1782413172.7074935,
"SK텔레콤, SK하이닉스 미국 AI 자회사에 738억원 투자": 1782413141.0214198,
"미국 연방법원, 트럼프 대학원생 연방대출 제한 정책 임시 중단 명령": 1782412248.8427873,
"한국거래소, 와이즈플래닛·기도산업·브릴스 코스닥 상장예비심사 승인": 1782410446.6054995,
"하나은행, 내달부터 모기지보험 신규 가입 중단…가계대출 조이기 확대": 1782409902.3065743,
"미국, 7년물 국채 44억 달러 경매…수익률 4.26%": 1782408926.1641781
}