{
"전후 해역 유가 경쟁에서 OPEC 약세 우려": 1783438299.1864467,
"호르무즈 해협 선박 피격으로 유가 반등, WTI 배럴당 70달러·브렌트유 73달러": 1783438253.163266,
"RWA 토큰화로 유럽 중소기업 금융 접근성 확대 가능": 1783437464.4958346,
"금융감독원·네이버페이, 모험자본 투자 플랫폼 서비스 시작": 1783437427.325151,
"삼성전자 실적 양호에도 주가 급락, 코스피 5% 하락": 1783437379.8253312,
"제미나이, 미국서 0% 수수료 주식거래 서비스 시작": 1783437341.9915535,
"미 상원, CLARITY Act 협상 단계 진입…주요 법집행 기관들 지지로 돌아서": 1783436467.2478745,
"정부, 단일종목 레버리지 ETF 규제 보완 추진": 1783435541.9928622,
"AI 투자 열풍 식으면서 기술주 강세 약화": 1783434702.0966575,
"뱅가드, 디지털자산 담당 임원 신규 채용 추진": 1783434650.259479,
"EDX마켓, SBI홀딩스 주도로 7600만 달러 펀딩 조달": 1783433738.3812456,
"트럼프, 터키 제재 해제 및 F-35 판매 검토 의사 표명": 1783432943.4691732,
"테더 전 최고정보책임자, 보유 지분 일부 매각 추진": 1783432905.7976406,
"코인베이스, 영국 투자서비스 인가 취득…주식·파생상품 추가": 1783432865.9706895,
"사우디아라비아, 홍해로 통하는 석유 파이프라인 확장 검토 중": 1783432204.4110975,
"약세 엔화로 일본 기업들 비트코인·XRP 수요 증가…SBI VC Trade 가입자 200만 돌파": 1783432157.7122486,
"K33 분석, 비트코인 순환공급 절반 이상이 손실 상태…사이클 바닥 임박 신호": 1783432101.7160988,
"온도 글로벌, 토큰화 주식 기반 무기한선물 플랫폼 '온도 퍼프스' 출시": 1783432042.3514287,
"헤지펀드 엔화 약세 베팅 13.8만 계약, 2007년 이후 최대 수준": 1783431983.4823017,
"XRP 레저 토큰화 자산 1년 만에 1.5억 달러→40억 달러 이상 급증": 1783431946.3303316,
"미국 5월 무역적자 776억 달러, 예상 778억 달러보다 개선": 1783430255.964992,
"삼성전자·에스케이하이닉스 주가 급락, 기대 실망과 셀온 현상 겹쳐": 1783430196.5335703,
"테라울프, 앤스로픽과 190억 달러 AI 데이터센터 20년 계약": 1783430140.6829715,
"악소스 파이낸셜, 핀테크 기업 아크 테크놀로지스 인수": 1783429296.997147,
"원/달러 환율 소폭 하락, 엔화 강세와 수출업체 매도 영향": 1783429255.100911,
"EU 의회, MiCA 전환 종료 후 디지털자산 정책 방향 채택": 1783428373.797319,
"SEC, 메타마스크 조사 종결…규제 리스크 해소": 1783428335.8124835,
"코인베이스, 영국 투자서비스 인가 취득…전통자산 상품 추가": 1783427450.58707,
"이퀴팩스, 멕시코 신용정보사 서클로 드 크레디토 7억5천만 달러에 인수": 1783425765.8598506,
"오토데스크, FTC로부터 MaintainX 인수 조기 종료 승인 획득": 1783425706.0014687,
"미국 지니어스법 스테이블코인 규제 규칙 18일 발표": 1783425654.8045497,
"폴리마켓 거래자 소송 제기…스트래티지 비트코인 매도 판정 분쟁": 1783424801.9796865,
"코인베이스, 영국 투자서비스 인가 획득…파생상품·주식 거래 추가": 1783424753.02613,
"CS, 15억원 유상증자 결정…R&D 투자 확대": 1783423846.0890324,
"사우디 유조선, 호르무즈 해협 인근에서 피격": 1783422940.004077,
"Ctrl 월렛, 보안 해킹 후 폐쇄…2026년 8월 3일 서비스 종료": 1783422098.8037257,
"미 재무부, AI 산업 버블 경고 내부 보고서 작성": 1783422053.864549,
"비탈릭 부테린, AI가 익명의 이더리움 제안 기여자 신원 파악했음을 확인": 1783420881.0759828,
"인도, 인도네시아에 브라모스·아스트라 미사일 공급 예정": 1783419443.8474917,
"프로스펙트 마켓, 크립토닷컴과 협력해 미국 예측시장 진출…97만 달러 자금 확보": 1783419401.9946725,
"리플 최고법률책임자 \"미국 성인 6700만명이 디지털자산 보유\"": 1783419349.104796,
"갤럭시, 텍사스 헬리오스 캠퍼스서 AI 허브 전환 진행…1단계 133MW 인프라 구축": 1783418456.1400895,
"쿠코인, 영구선물 펀딩 레이트 공식 개정…2026년 7월 14일 실행": 1783417674.31661,
"오만 인근 호르무즈 해협에서 사우디 유조선 피격…유가 변동성 우려": 1783417634.4039507,
"디지털 챔버, 뉴욕 휴면 비트코인 지갑 소송 기각 요청…자기관리 지갑 판례 우려": 1783417584.3530278,
"유에스디에이아이, 텍사스 AI 인프라 대출 실행…수익률 11.5%로 인상": 1783417542.3830955,
"MiCA 규정 준수 유로 스테이블코인, 전년 대비 128% 성장": 1783416705.008227,
"업비트·네이버 주식교환 거래 재차 연기, 암호화폐 법안 논의 영향": 1783415794.82457,
"미 정부 비트코인 비축 정책 1년 이상 교착, 재무부·상무부 권한 갈등": 1783415741.336759,
"사우디아라비아, 원유 가격 인하": 1783414078.1231842,
"폴리마켓 스트래티지 비트코인 매도 시장 분쟁으로 소송": 1783414042.5662007,
"아카시 네트워크, 메인넷 18 업그레이드 완료": 1783413999.8475847,
"케이뱅크, 디지털자산 오프램프 검증 착수": 1783413939.1762483,
"바이낸스, 비트코인 보유자 대상 커버드콜 수익 상품 'BTC Yield' 출시": 1783413051.8265007,
"아담 백, 거래소 장기 보관과 레버리지 투자 경고": 1783412136.3642724,
"비트코인 스위스, UAE 라이선스 취득…중동 기관시장 진출": 1783411292.2093835,
"일본 채권 수익률 상승으로 비트코인에 매크로 역풍": 1783411254.4497802,
"헤지펀드 엔화 약세 베팅 13.8만 계약, 2007년 이후 최대 규모": 1783410395.5146236,
"글로벌는 정형 자산 토큰화 확대, 한국은 조각투자 중심": 1783410339.473091,
"아시아 주가 약세…삼성 실적 부진에 AI 약세 영향, 유가는 안정": 1783408579.384392,
"한국거래소 코스피 8% 급락으로 서킷브레이커 발동…거래 20분 중단": 1783408536.7031898,
"봉크 거버넌스 악의적 공격으로 2천만 달러 손실 위기": 1783407653.0291414,
"미국 스테이블코인 규제 'GENIUS 법' 후속 규칙 제정 본격화": 1783406736.7096298,
"일드 길드, 게임 사업 중단하고 35명 감원…AI로 방향 전환": 1783404986.5352886,
"거래자, 블록 내 백런 익스플로잇으로 200만 달러 손실": 1783404936.1689947,
"이란 외교장관, 협상 계속 위협 시 최종 합의 협상 불개시": 1783403136.2602615,
"테라울프, 앤스로픽과 190억 달러 AI 데이터센터 계약 체결": 1783402307.2439737,
"미국 전략적 비트코인 준비금 제도란": 1783402248.050082,
"트럼프, 터키에 F-35 전투기 접근권 복원 의사 전달 예정": 1783401369.3440504,
"리비안, 7500만 주 증자 추진…연간 생산 목표 7만대로 상향": 1783401337.474711,
"코스피 8%대 급락으로 매도 사이드카 발동": 1783400453.2677262,
"인도 은행들, 저가 외환자금 조달로 단기채 발행 감소": 1783398754.5794985,
"트럼프 대통령, 암호화폐 참여가 정치적 배경 있다고 인정": 1783398702.0600603,
"코스피 급락으로 한국거래소 매도 사이드카 발동": 1783398652.484535,
"쿠코인, 봉크(BONK) 입출금 일시 중단": 1783397848.1627183,
"쿠코인, 그로브(GROVE) 상장": 1783397799.1913176,
"삼성전자 주가 급락으로 코스피 지수 약세": 1783397739.363145,
"이란, 호르무즈 해협에서 상선에 미사일 발사": 1783396000.7909408,
"인젝티브 CEO, L1 블록체인이 채택 증가에 따라 분산성과 속도 사이 트레이드오프 압박받을 것": 1783395940.6690857,
"유가, 공급 회복과 수요 전망에 따라 상승세": 1783394255.9174879
}