{
"카카오게임즈 최대주주 교체, 라인야후 계열사가 33.43% 지분 보유": 1781886977.7091136,
"한은 총재, 올해 경제성장률 2.6% 이상으로 상향 조정 가능성": 1781888728.4705744,
"트럼프, 이란과 임시 합의 체결…호르무즈 해협 재개통 및 60일 핵협상": 1781888785.6737683,
"비트코인 채굴자들, AI 사업 진출 가속화": 1781889286.251195,
"프랭클린 템플턴, 토큰화 전략 공개": 1781889318.3752215,
"뉴욕증권거래소, 24시간 토큰화 주식·ETF 거래 준비": 1781889377.6235068,
"상원, 27일 암호화폐 법안 투표 예정": 1781889435.935223,
"트럼프, 샘 뱅크만-프리드 사면 거부…플로리다, 비트코인 비축금 재추진": 1781889468.8993416,
"지캐시 개발팀 사임…보드와의 분쟁으로 19% 폭락": 1781889517.1415894,
"모건스탠리, 비트코인·이더리움·솔라나 ETF 신청": 1781889574.8044658,
"미국은행, 개인자산고객向 암호화폐 추천 공식 시작": 1781889619.8798778,
"러시아 중앙은행, 기준금리 0.25%포인트 인하": 1781890245.9161205,
"비트코인 채굴자들 AI 사업 진출, 토큰화 RWA 430억 달러 돌파": 1781890287.2280772,
"찰스 슈왑, S&P 500 이벤트 기반 옵션으로 예측시장 진출": 1781892053.273449,
"TD 코웬, CME의 CFTC 암호화폐 선물 소송에서 우위 평가": 1781892110.0369043,
"레바논 남부 휴전 후 드론 공격으로 2명 사망": 1781892936.8753426,
"미 공화당 의원, 예측시장 내부거래 금지법 제안…백악관 관계자는 제외": 1781894737.020108,
"미 CFTC 위원장, 탈중앙화 선물 플랫폼 규제 경로 논의": 1781899249.4413831,
"화이트빗, 오스트리아에서 MiCA 라이선스 확보": 1781900139.051961,
"이스라엘-헤즈볼라 휴전 합의": 1781901933.755047,
"일본 5월 인플레이션 헤드라인 1.5%, 코어 1.4% 발표": 1781903739.365039,
"찰스 슈왑, S&P 500 예측시장 진출": 1781904646.443924,
"신시내티 파이낸셜, 이사회 확대…전 해군작전사령관 독립이사 선임": 1781910940.9036195,
"캐나다 알버타 투자운용사, 서클(CRCL)에 2,503만 달러 투자": 1781910991.2298634,
"스트래티지·스트라이브 우선주 급락, CEO '레버리지 청산' 원인 밝혀": 1781914540.185655,
"이라크, 호르무즈 해협 우회해 시리아 경유 원유·나프타 수출": 1781918137.212343,
"미국 기술주 펀드, 11개월만에 최대 규모 자금 유입": 1781919935.3313901,
"소닉랩스 임원 3명 사임, 새 CEO 임명": 1781920850.038393,
"이란, 호르무즈 해협 통행 허가제 도입…향후 보험료 부과 계획": 1781921741.472778,
"이더리움 핵심 개발팀, 연 3천만달러 자금 공백 직면": 1781923537.286736,
"EU, 2027년 7월부터 암호화폐 1000유로 초과 거래에 강화된 고객확인 의무화": 1781925345.4543452,
"바이낸스, 삼성전자·SK하이닉스·현대차 주가 기초자산 무기한 선물 상품 출시": 1781925378.5776658,
"연준 매파 기조·유가 상승에 9월 금리인상 확률 급상승": 1781927137.6020038,
"암호화폐 강도 범죄로 텍사스 형제 유죄 인정": 1781932545.1821156,
"캐나다 광산업체 안티오키아 골드, 감사보고서 철회로 신뢰성 훼손": 1781932581.8770652,
"트럼프 특사, 이란 장관과 스위스서 회담": 1781936140.631895,
"인도 세제 개편 후 해외 채권펀드 자금 순입 가속": 1781938847.6239216,
"필리핀 증권거래위원회, RWA 토큰화 추진 준비 신호": 1781939737.2785006,
"글로벌 주식펀드, 이란 합의 낙관에 19개월 만에 최대 주간 순입 기록": 1781942591.6909974,
"벤처캐피털 자금, RWA·결제·디파이 보험 등 실사용 기반 사업으로 집중": 1781954143.8732495,
"퍼지 펭귄즈, 타겟에서 거래카드 판매 시작": 1781957739.9905736,
"애브비, 아포지 테라퓨틱스 109억 달러에 인수 임박": 1781960449.0232153,
"휴면 지갑 습득자, 사토시 비트코인 포함 3000억 달러 소유권 인정 소송 제기": 1781961341.0210302,
"이스라엘, 휴전 합의 직후 수 시간 내 레바논 공습으로 10명 사망": 1781961394.9796405,
"이란 군부, 호르무즈 해협 폐쇄 발표…휴전 협상 위반 이유": 1781964944.1864293,
"AI 기반 보안 도구, 암호화폐 산업의 코드 배포 기준 재편할 전망": 1781967649.7174165,
"미국 저가 항공사 비즈니스 모델 위기…스피릿 파산 사태": 1781968541.5710933,
"EU, MiCA 2.0 개정 추진…스테이블코인·디파이 개선안 모색": 1781968583.3430977,
"캐나다 MDA스페이스, RTX 소유 블루캐니언 테크놀로지스를 6억 2천만 달러에 인수": 1781978454.5761569,
"美 빅테크 AI 데이터센터에 1천150조원 투입, 금리 민감도 높아진다": 1781981141.2433083,
"찰스 슈왑, CBOE와 함께 S&P 500 예측 옵션 출시 추진": 1781982937.6411479,
"크립토퀀트 창업자 \"BTC 자금 순환 구조 붕괴\"…알트시즌 종료": 1781983847.188073,
"트럼프 미국 대통령, 쿠바 군사개입 가능성 시사": 1781984743.2023344,
"케빈 워시 연준 의장, 정책 가이던스 축소 추진…그린스펀 시대 회귀 검토": 1781985650.8010225,
"AI 기업 프리IPO 시장 급성장…앤트로픽·오픈AI 거래 급증": 1781987447.3906024,
"트럼프 호르무즈 해협 통행료 조건부 부과 방침 공개": 1781989252.437117,
"시크릿 네트워크 액슬러 브릿지 467만 달러 탈취…무한 민팅 취약점 7일간 미탐지": 1781992850.3031805,
"원/달러 환율 28년 만에 최고치…1,521원대": 1781993746.8812292,
"라이트코인 창시자 찰리 리, 실물자산 토큰화 시장 비판…'99%는 과대포장'": 1781993795.7360122,
"한국 불평등, 자산 격차로 축이 이동…자산 기여도 40% 초과": 1781993833.966002,
"국내 주식 강세로 국민연금 기금 소진 시점 7년 지연 가능성": 1781996455.53831,
"IREN, 비트코인 채굴에서 AI 인프라로 전환 가속화": 1781997340.484544,
"미 연준이 중시하는 PCE 물가지수 25일 발표...시장 물가 재가속 여부 주목": 1782000941.324347,
"이더리움 샌드위치 공격 봇 Jaredfromsubway.eth, 7500만 달러 규모 익스플로잇 당함": 1782000985.0082934,
"샤오아이, 애플 시리 특허소송 1심 패소…항소심 진행": 1782011745.8697615,
"한국 '가상자산 과세 폐지' 청원, 5만8천 명 동의로 국회 심의 앞둬": 1782011785.4262278,
"미국, 이란의 호르무즈 해협 폐쇄 주장 반박…스위스서 협상": 1782011821.57377,
"금융위, 핀테크 규제 샌드박스 제도 개선…제도권 진입 장벽 완화": 1782021647.5907567,
"금융감독원, 금융사 내부통제 강화 필요성 강조": 1782022540.297588,
"미국, 이란 밀수 기법 활용해 페르시안만 석유 수송": 1782024341.8455212,
"비트코인 ETF 최근 30일간 63억5000만달러 순유출…역대 최대 규모": 1782026138.149518,
"일본 기업연금기금, 자산의 약 1% 암호화폐 할당 계획": 1782033341.4443865,
"스트래티지 우선주 상품, 실제로는 비트코인 담보 없는 신용상품": 1782043251.5262043
}