{
"미국 SEC·CFTC, 통합 포트폴리오 마진 규칙 공시 의견 수렴": 1782495937.6855505,
"미국 상원의원들, 폴리마켓 가짜 베팅 조작 관련 CFTC 조사 요구": 1782495059.3492124,
"오픈AI IPO 연기 검토, 골드만삭스·모건스탠리 주가 4% 하락": 1782494141.8610349,
"오만, 호르무즈 해협 통행 수수료 부과 검토…미·유럽 우려": 1782493257.5195067,
"국내 ETF 시장 1143종목 달성, 커버드콜 전략 상품 상장": 1782492394.3991847,
"넥스트레이드, 거래 종목 32개 제외": 1782492348.3193512,
"미국 민주당 상원의원 17명, CFTC의 예측시장 소송 자금 지원 중단 촉구": 1782491555.2561507,
"KB증권, 1조원 규모 유상증자로 종합투자계좌 사업 진출 가속화": 1782491510.0825496,
"트럼프, 디지털서비스세 부과 국가에 100% 관세 부과하겠다고 경고": 1782491452.906852,
"정부, 제6차 과학기술기본계획 확정…2026~2030년 200조원 투자": 1782490579.8262935,
"드래프트킹스, 자체 예측시장 거래소 출시…연간 소비자 거래량 34억 달러": 1782490540.3917184,
"원/달러 환율 1,550원 근처까지 올랐다가 외환당국 개입으로 1,530원대로 급반전": 1782489759.8704264,
"해운 산업도 RWA 토큰화 시장에 편입, 에트라십이 선박 투자 플랫폼 구축": 1782489704.561989,
"미국 IPO 시장 회복 중이나 AI 붐에 가상자산 기업 상장 연기": 1782487908.2316377,
"코스피 5.81% 급락해 8411로 마감": 1782487848.2563012,
"중개인들, 미국 면제 조치 후 인도 정유소에 이란산 석유 공급 중": 1782487142.6267502,
"UAE, 미사일 경고 문자 '기술 오류'로 정정…유가 일시 급등": 1782487093.3388293,
"스페인, 바이낸스 등 암호화폐 기업에 MiCA 기한 '예외 없음' 선언": 1782487042.095769,
"블루아울캐피털, SILA 리얼티 인수 승인…AUM 3150억 달러로 확대": 1782486985.5462441,
"시큐리타이즈, 블랙록 백업으로 SPAC 합병 마무리…다음주 NYSE 상장 임박": 1782486944.549861,
"샤프링크, 8개월 만에 이더리움 매집 재개…5000ETH 추가 매입": 1782486061.8995037,
"메타플래닛, 주가 87% 폭락에도 비트코인 보유량 3배 증가…세계 3위": 1782485142.6973004,
"UAE, 미사일 위협 경고…두바이 폭발음 보고": 1782481637.4907677,
"한국리츠협회, 부동산 매물 정보 플랫폼 개설": 1782481589.4396732,
"X머니, 크로스리버은행 파트너십…XRP 연동 가능성 주목": 1782481540.4113595,
"엑시온그룹, 시가총액 미달로 관리종목 지정…주가 13% 급락": 1782480646.8381412,
"토스, AI 학습 데이터 제공 대가로 사용자 보상하는 '데이터 경제' 시작": 1782479855.298249,
"전 세계 최대 비트코인 보유사 스트래티지, 배당 재원 조달 딜레마에 직면": 1782479808.0264046,
"싱가포르 금융감독청, 하이퍼리퀴드를 투자자 경고 대상으로 지정": 1782479748.972032,
"광섬유 기술 기업 루나 이노베이션, TJC에 인수되기로 확정": 1782478935.8773923,
"코스피 5.81% 급락해 8411에 마감, 사이드카·서킷브레이커 연쇄 발동": 1782478901.259665,
"프레임워크 벤처스, 4차 펀드 4억 달러 모금…AI·로봇 분야까지 투자 확대": 1782478860.6261494,
"호주 금융감독청, 암호화폐 사업 라이선스 유예 기간 9월 30일까지 연장": 1782477086.9947102,
"크라켄, 에이브(Aave)에 3억 8500만 달러 투자…15% 지분 획득": 1782477051.634633,
"IMF, 이란 합의 후 에너지·원자재 가격 하락…정상화까지 시간 소요": 1782476240.8507621,
"미국이 지명한 이란 해킹범, 몬테네그로서 체포": 1782476191.5978484,
"이란, 호르무즈 해협 통행 통제권 주장…선박 피격 후": 1782476143.9831836,
"AscendEX 출금 지연 민원 증가, ZachXBT가 적립금 설명 촉구": 1782475250.8403418,
"스테이블코인, 보안 위협 확대…제재 회피 인프라로 악용 심화": 1782474338.9608533,
"미 중재기업, AI 거래용 '법적 체계' 도입": 1782473532.0251317,
"폴란드 암호화폐 거래소 칸가, 라트비아에서 MiCA 라이선스 획득": 1782473498.1038282,
"인도네시아, 암호화폐 추천 인플루언서 자격증 의무화": 1782473448.6728415,
"21Shares, 2026년 암호화폐 전망 하향 조정…인프라 발전은 가속": 1782472582.6502788,
"와이즈키, 양자내성 암호·위성·블록체인 통합 생태계 구축 추진": 1782472543.4298706,
"바이낸스, EU 서비스 중단 공식화…MiCA 인증 획득 실패": 1782471658.4567184,
"이란 제재 대상 기업들, 코인엑스를 통해 38억 달러 이동": 1782471108.6521661,
"서클과 노무라, 일본 기업 스테이블코인 기반 외환결제 사업 추진": 1782471052.0458603,
"스파크, 유니스왑에 1억 5천만 달러 스테이블코인 유동성 배치": 1782471001.1547701,
"폴리마켓 월드컵 베팅 참여자 약 60%, 암호화폐 신규 사용자": 1782470969.2922602,
"스토리 프로토콜, AI 전략 전환하며 DATA 재단으로 리브랜딩": 1782470911.9570086,
"월스트리트, 암호화폐 기업을 AI 인프라 가치로 평가하는 추세 확산": 1782470854.433215,
"빗썸, 해외 거래소와의 사용자 정보 공유로 13만 6천 달러 과징금 부과": 1782470802.168619,
"크라켄과 메이플, 온체인 암호화폐 담보 기관 대출 시설 출시": 1782470752.61063,
"영국 자산관리사 절반, 고객 암호화폐 투자 '인지하지 못함'": 1782470522.5923433,
"암호화폐 인프라 기업 BitGo, 직원 15% 감원": 1782470471.905113,
"스테이블코인X, 나스닥 상장 완료": 1782470424.0423472,
"코인베이스 베이스 네트워크, 약 2시간 중단 후 복구": 1782470363.1301742,
"폴리마켓, 해킹으로 290만달러 탈취…사용자 전액 보상": 1782470304.8928611,
"암호화폐 보관업체 BitGo, 전직원 15% 감원": 1782469942.9454195,
"바이낸스, EU 서비스 중단 결정…MiCA 인증 획득 실패": 1782469904.846913,
"NH투자증권, 일본·홍콩 주식 투자 진입장벽 완화": 1782469850.4613028,
"쇼일즈 테크놀로지스, 미 국제무역위원회 분쟁 승소·매출 74.9% 증가": 1782469035.9151955,
"USD.AI, 넥스젠 클라우드에 521억원 규모 GPU 담보 대출 제공": 1782468978.8879898,
"베이스 네트워크, 베릴 하드포크 6월 26일로 연기": 1782468944.290881,
"쿠코인, IPUSDT 무기한선물 상장폐지 예정": 1782466248.2683313,
"이란, 핵 검사관 접근 허용": 1782465444.7791672,
"FATF 총회, 디지털자산 규제 진화상 논의": 1782465400.7411933,
"코스피 8% 급락해 서킷브레이커 발동": 1782465344.6102133,
"ECB 5월 소비자기대 조사, 인플레이션 기대 하락·성장전망 개선": 1782463648.7862077,
"일본 SBI홀딩스, 암호화폐 거래소 비트뱅크 2억8900만달러에 인수": 1782463592.072336,
"국내 거주자 외화예금 5월 16억달러 증가, 달러화 중심": 1782463542.9985707,
"폴리마켓 해킹으로 290만달러 탈취, 사용자 전액 보상": 1782462647.7047572,
"5월 주택담보대출 금리 4.32%로 인상": 1782460853.4375384,
"인도, 지리 모그룹 산하 호스파워트레인 3억7000만 달러 투자 승인 추진": 1782459973.3176968,
"미 연준, 물가 지표 해석 두고 내부 논쟁…통화정책 불확실성 가중": 1782459942.5080533,
"미국 희토류 기업 리얼로이스, 미 육군과 공급망 협력 강화": 1782458141.4920282,
"중국 도피 환치기 주범 국내 송환 후 구속기소, 1100억원대 불법 환전": 1782457292.2075062,
"코스피 5.81% 급락해 8411에 마감, 서킷브레이커 연쇄 발동": 1782457251.6178467,
"미국, 달러 연동 스테이블코인 규제 프레임워크 'GENIUS Act' 발효": 1782455442.3300264,
"인도 중앙은행 통화정책위원, 올해 성장률 7% 이상 수정 가능성 언급": 1782454539.9333222
}