{
"OKX, 이리스(IRYS) 현물거래 상장": 1784098117.6689262,
"OKX, 거래서버를 홍콩에서 도쿄로 이전": 1784098072.7015934,
"인도 경쟁위원회, HP인디아에 입찰 담합 혐의로 1억2700만 달러 과징금": 1784098029.0289404,
"이란, 트럼프의 해협 봉쇄 재개에 맞대응 위협": 1784097997.9920533,
"코어위브, 메모리 칩 가격 하락에 대비해 헤지 검토": 1784097944.7709756,
"OKX, GRAM/USD 현물거래 지원 개시": 1784097256.7746706,
"OKX, TON 토큰 마이그레이션 완료": 1784097218.164362,
"코인베이스, 전사 코드의 95% 이상을 AI로 작성": 1784097178.989674,
"비자·마스터카드·리플, x402 표준으로 AI 에이전트 결제 인프라 구축": 1784097126.7836866,
"나스닥 상장사 AVAX One, 디파이 고정수익 상품에 AVAX 예치": 1784097071.1762438,
"원화 스테이블코인 제도화와 국경 간 결제 움직임 본격화": 1784097020.5733438,
"OKX, RE/USD 현물거래 지원 개시": 1784096381.6569088,
"미국, 이라크-시리아 유전 송유관 부활 지원": 1784096328.5509179,
"미국 러시아 제재법, 중국·인도 관세 위협 완화": 1784096292.959772,
"영국, 이란 외교관에 유럽 대리 공격 관련 소환": 1784096233.8496435,
"비자·마스터카드·리플, AI 에이전트 결제 프로토콜 x402 지원": 1784096196.5226967,
"금융위, 하반기 가계대출 증가율 1.5%로 유지": 1784096146.7252276,
"칼시, CFTC·미시간 규제 명령으로 '모순적 상황'에 처해": 1784094336.169622,
"솔라나, SBI 홀딩스와 제휴…일본 토큰화 시장 진출": 1784092649.5903769,
"뉴욕 데이터센터 1년 신규 허가 중단…테라울프 영향": 1784092588.851493,
"금융위 '연내 디지털자산 기본법 추진'…스테이블코인 제도화": 1784092540.6809196,
"스트라이프·어드벤트, 페이팔 530억 달러 인수 제안…로이터 보도": 1784091690.9950984,
"텍사스 ERCOT, 대규모 전력 사용자 계통 연결 새 규정 발표…비트코인 채굴업계 영향": 1784091658.938282,
"트럼프, 호르무즈 해협 20% 관세 계획 철회…중동국가와 투자협정 추진": 1784088855.1828153,
"리플, 참전용사 창업기업 지원 프로그램 시작…25만달러 규모": 1784088811.5529912,
"코인베이스, Base 메인넷 개발자 공개": 1784087140.091466,
"미국, 이란 연계 암호화폐 1억3100만 달러 동결": 1784086253.2107642,
"미국 SEC, 기후공시 규정 철회 검토…규제 권한 범위 재조정": 1784085508.182034,
"미국, 쿠바 연계 암호화폐 주소 제재 명단 추가": 1784085461.182186,
"KB금융, 실무형 AI 인재 양성 프로그램 'KB AI 랩' 시작": 1784085425.7266407,
"글로벌 M2 공급량 120조 달러 상회…단기 유동성 위축": 1784085376.8658338,
"한국 정부, 경제 회복세 공고화 평가…수출·내수 개선 신호": 1784085341.7940938,
"딥시크 창업자 량원펑, AI 기업가 중 순자산 최고기록": 1784084462.0564442,
"미국·이란 긴장 재고조, 에너지 시설 공격으로 유가 상승": 1784083683.8007078,
"중국 6월 소매판매 1.0% 증가, 산업생산 5.3% 증가로 예상 초과": 1784083640.735054,
"중국 2분기 GDP 4.3% 연성장, 예상치 하회": 1784083600.2300222,
"암호화폐 VC 투자, 초기 프로젝트 분산에서 소수 검증 기업 집중으로 전환": 1784083543.6850572,
"중국 신규 주택 가격 6월 전년비 3.3% 하락, 4년 연속 감소": 1784081771.4367685,
"크라켄, Tempo 네트워크에서 USDT0 입출금 지원 시작": 1784081737.4898062,
"Ark Invest, 서클에 1,400만 달러 투자하면서 로빈후드 주식 매각": 1784080861.4574146,
"Bitmine, 지난 분기 이더리움 스테이킹으로 4,600만 달러 수익": 1784080000.6259778,
"a16z 분석: 전통금융, 디파이보다 블록체인 기술 채택 선호": 1784079941.486189,
"이란 긴장으로 유가 공급 리스크 증가, 브렌트유 시장 구조 변화": 1784079049.7183363,
"솔라나 네트워크 업그레이드 소문 재부상, 혼잡 해소에 초점": 1784078223.9983828,
"베이커휴즈, 차트 인더스트리즈 인수로 수주잔고 331억 달러 기록": 1784078182.9416714,
"미국 물가 둔화에 국내 증시 반등": 1784078147.0068731,
"미국, 엔비디아 H200 중국 수출 제한적 허용 시작…미중 기술 통제 속 일부 공급": 1784077297.9748127,
"미국 4위 증권사 인터랙티브 브로커스, 스테이블코인 입출금 및 토큰 9종 거래 지원 시작": 1784077257.6914234,
"TxFlow, 예측시장 전용 채널 'Probly' 도입…L1 앱 전용 경로 실험": 1784076367.2824862,
"큐리오시스, 독일 머크와 5년 세포 이미징 제품 공급계약 체결": 1784076336.132402,
"미국 6월 CPI 3.5%로 예상 하회, 금리 인상 우려 완화": 1784075456.2846801,
"코인베이스, 전체 코드의 95% 이상을 AI로 작성 중": 1784074688.948698,
"미국 은행권, 상원에 스테이블코인 수익률 규정 수정 촉구": 1784074649.3489847,
"한국 상장사에 해외 기관투자자 지분 집중, 1년간 투자 건수 29.5% 증가": 1784074591.8409097,
"미국 6월 CPI 3.5%로 예상 하회, 트럼프 호르무즈 해협 관세 대신 투자협정 추진": 1784074543.640425,
"미 상원 민주당, 이란 전쟁 우려로 1조1500억 달러 국방법안 저지": 1784073688.6487722,
"펀투얼스, AI파이낸셜과의 인수 계약 종료": 1784073656.7639155,
"일본 로이터 탄칸 조사, 반도체·AI 수요에 제조업 심리 견조…중동 리스크는 상존": 1784072220.0994787,
"뉴질랜드 6월 소매판매 전년비 1.3% 증가, 전월 3.3%에서 둔화": 1784072186.3065064,
"체인알리시스, 미 연방법원 증거 기준 통과…온체인 분석 법적 신뢰도 높아": 1784071850.0352063,
"스트레티지, 비트코인 1만 5,400개를 약 15억달러에 추가 매입": 1784071160.6166968,
"비트마인, 이더리움 보유량 577만 개 돌파…전체 공급량의 4.8%": 1784071110.905723,
"트럼프 여론조사 지지율 42%, 이민·범죄 대응 강세·물가 대응 약세": 1784071054.9142373,
"트럼프, 무역조사 받는 한국 기업 투자사로부터 200만달러 수령…이해충돌 논란": 1784071004.3622773,
"국제 유가 급락으로 6월 수입물가 3년 반 만에 최대 낙폭": 1784070945.0192766,
"국내 현물 ETF 도입, 자본시장법 개정 필수": 1784069142.8848488,
"중국, 2030년까지 소매판매 60조 위안 목표 신규 소비 계획 발표": 1784068924.2711086,
"워런 버핏, 20년 간 지속한 게이츠재단 기부 올해 중단": 1784068884.962104,
"기준금리 0.25%포인트 인상 시 주택담보대출 차주 연간 이자 부담 1조8천억원 증가": 1784068258.727975,
"터키 할크은행 미국 조사 핵심 증인, 수감 면제": 1784067446.401842,
"2018년부터 잠든 비트코인 고래 지갑, 3,000BTC 이동…약 1억8800만달러": 1784067412.494937,
"비즐라 로열티스, 엘레멘탈 로열티에 3억2700만 캐나다달러에 인수…주주총회 승인": 1784067379.7786293,
"뉴욕증시 반도체주 랠리…인플레이션 완화 기대로 나스닥 0.9% 상승": 1784067346.2769964,
"영국, 디파이 과세 방식 개선…건조세 폐지하고 실현 이익 기준 도입": 1784066462.884024,
"미 상원, 클래리티법 표결 8월 10일 전 추진…윤리 문제로 상원의원 3명 반대": 1784065275.8693,
"IBM, 2분기 실적 전망 하향 발표…주가 25% 급락": 1784064660.0438793,
"비트코인 담보대출 기업들 추가 예치 속출…유동성 리스크 증가": 1784062949.9414718,
"이더리움 재단 프라이버시팀, 이쓰시스템즈로 독립…기관투자자 향 컨설팅": 1784062900.7567842,
"CFTC, 미시간 법원의 칼시 거래 취소 명령 저지": 1784062865.1432257,
"트럼프, 이란·헤즈볼라를 러시아 제재법안에 추가될 것으로 전망": 1784061930.1770442
}