{
"카카오게임즈 최대주주 교체, 라인야후 계열사가 33.43% 지분 보유": 1781886977.7091136,
"한은 총재, 올해 경제성장률 2.6% 이상으로 상향 조정 가능성": 1781888728.4705744,
"트럼프, 이란과 임시 합의 체결…호르무즈 해협 재개통 및 60일 핵협상": 1781888785.6737683,
"비트코인 채굴자들, AI 사업 진출 가속화": 1781889286.251195,
"프랭클린 템플턴, 토큰화 전략 공개": 1781889318.3752215,
"뉴욕증권거래소, 24시간 토큰화 주식·ETF 거래 준비": 1781889377.6235068,
"상원, 27일 암호화폐 법안 투표 예정": 1781889435.935223,
"트럼프, 샘 뱅크만-프리드 사면 거부…플로리다, 비트코인 비축금 재추진": 1781889468.8993416,
"지캐시 개발팀 사임…보드와의 분쟁으로 19% 폭락": 1781889517.1415894,
"모건스탠리, 비트코인·이더리움·솔라나 ETF 신청": 1781889574.8044658,
"미국은행, 개인자산고객向 암호화폐 추천 공식 시작": 1781889619.8798778,
"러시아 중앙은행, 기준금리 0.25%포인트 인하": 1781890245.9161205,
"비트코인 채굴자들 AI 사업 진출, 토큰화 RWA 430억 달러 돌파": 1781890287.2280772,
"찰스 슈왑, S&P 500 이벤트 기반 옵션으로 예측시장 진출": 1781892053.273449,
"TD 코웬, CME의 CFTC 암호화폐 선물 소송에서 우위 평가": 1781892110.0369043,
"레바논 남부 휴전 후 드론 공격으로 2명 사망": 1781892936.8753426,
"미 공화당 의원, 예측시장 내부거래 금지법 제안…백악관 관계자는 제외": 1781894737.020108,
"미 CFTC 위원장, 탈중앙화 선물 플랫폼 규제 경로 논의": 1781899249.4413831,
"화이트빗, 오스트리아에서 MiCA 라이선스 확보": 1781900139.051961,
"이스라엘-헤즈볼라 휴전 합의": 1781901933.755047,
"일본 5월 인플레이션 헤드라인 1.5%, 코어 1.4% 발표": 1781903739.365039,
"찰스 슈왑, S&P 500 예측시장 진출": 1781904646.443924,
"신시내티 파이낸셜, 이사회 확대…전 해군작전사령관 독립이사 선임": 1781910940.9036195,
"캐나다 알버타 투자운용사, 서클(CRCL)에 2,503만 달러 투자": 1781910991.2298634
}