{
"호르무즈 해협 긴장 재고조, 미·이란 군사 갈등 지속": 1783923386.8459256,
"일본 거대 연기금 자산 재편 추진, 글로벌 유동성 경색 우려": 1783923336.2021694,
"미국 암호화폐 시장법 'CLARITY Act' 상원 표결 표류": 1783922456.95169,
"USDT는 결제·USDC는 디파이…스테이블코인 판도 구분화": 1783921639.8839908,
"폴리마켓, 미국 마진 거래 추진…NFA에 선물중개업자 라이선스 신청": 1783921583.7473829,
"스타테일, 온체인 금융 인프라 'OFK'와 결제 카드 공개": 1783921540.8066971,
"리플, 매달 10억 XRP 에스크로 해제…시장 신호 아닌 표준 운영": 1783920729.3230197,
"메타플래닛, 비트코인 담보 신용상품 연구…일본에서 토큰화 금융 시장 개척": 1783920695.2191648,
"AI 마이크로비즈니스, 스테이블코인으로 2033년까지 2,620억 달러 거래량 창출 예상": 1783920662.4724932,
"중국 전기차 평균 도로 운행 기간 1.8년, 휴대폰보다 짧아": 1783919830.9295962,
"미·이란 갈등 주말 중 계속…이번 주도 시장 변동성 요인 유지": 1783919793.1729186,
"리플 스테이블코인, XRP 레저에서 이더리움 유통량 첫 추월": 1783919742.4302375,
"태국 중앙은행, 테더 등 스테이블코인과 불법자금 추적 강화": 1783919017.0814083,
"메타 경영진, 6개월간 1억3000만달러 규모 자사주 매각": 1783918957.6047485,
"SK하이닉스, 나스닥 미국주식예탁증서 상장 첫날 두 자릿수 상승": 1783918917.9280717,
"서클, 미국 국가 신탁은행 인가 획득": 1783918863.5887933,
"코스피 급락에 매도 사이드카 발동": 1783917934.9067266,
"일본 로손 편의점, JPYC 스테이블코인 결제 시범 운영": 1783915257.107162,
"쿠코인, 헤데라 해시그래프(HBAR) 입금 서비스 임시 중단": 1783914692.4334388,
"일본 3대 메가뱅크, 블록체인으로 금융 결제·정산 구조 개편 추진": 1783913449.9684067,
"미 연준 일부 인사, 7월 회의에서 금리 인상 논의 가능성 제기": 1783912569.542312,
"호반그룹, 호주 전력망·데이터센터 투자 협력 확대": 1783912538.5817366,
"닛폰페인트, 악조노벨 장식용 페인트 사업부 인수 제안": 1783911660.305048,
"카카오페이증권, 투자매매업 인가 확보…종합 증권사로 도약": 1783910734.2334793,
"일본 정부·여당, Web3 산업 육성 강조…규제 정비와 스타트업 지원 확대": 1783909851.071469,
"미·이란 갈등 속 유가 상승에도 월가는 AI 투자 사이클 주목": 1783908938.1068223,
"방글라데시, 첫 원전 건설로 전력 15% 공급 목표": 1783908058.046502,
"코스피 77% 급등했으나 PER 2008년 금융위기 수준으로 급락": 1783907253.3933282,
"캐리 트레이드 부활…골드만삭스 '20년 만의 최적 환경' 평가": 1783907201.4163878,
"미·이란 호르무즈 해협 긴장 고조, 주간 미국 CPI 발표 임박": 1783907141.6013422,
"유가, 미국-이란 군사 갈등 심화로 3% 상승": 1783903625.751435,
"삼성증권, 카카오 목표주가 6만원에서 4만4천원으로 하향": 1783903576.935222,
"LG전자, 엔비디아 AI 플랫폼 '베라 루빈' 맞춤 서버 랙 개발 완료": 1783903541.0815148,
"SK하이닉스, 나스닥 ADR 상장 성공도 국내 장 초반 3.81% 하락": 1783902653.3383572,
"패러데이 퓨처, 워런트 계약 종료로 자본구조 개편 추진": 1783901787.1939404,
"금, 온스당 4087달러·은, 온스당 59달러로 고점 유지": 1783901740.9490197,
"SK하이닉스 미국 상장 성공, 코스피 13일 종목별 차별화 전망": 1783899937.6445563,
"미국 상원 민주당, 트럼프 암호화폐 이해관계 비판": 1783899051.597197,
"뉴질랜드 서비스업 부문, 6월 지수 50.6으로 장기 부진에서 회복": 1783898196.6170316,
"서클, 연방 신탁은행 인가 받아 주가 5% 상승": 1783898137.1175072,
"비트코인 50만달러 전망 나오지만 과거 데이터는 상승폭 둔화 신호": 1783894617.264743,
"코스피 사상 최고치 경신했으나 PER 역대 최저…한국 증시 저평가 심화": 1783894583.899593,
"미국·이란 군사 충돌 중동으로 확산, 이란이 호르무즈 해협 재봉쇄 선언": 1783894541.1037683,
"금융정보분석원, 에그몽 그룹 총회서 한국의 불법자금 추적 경험 공유": 1783893649.2617078,
"아메리칸비트코인, 나스닥 상장 유지 위해 15대1 액면병합 단행": 1783892738.5964515,
"XRP 투자심리 위축…현물 ETF 9주 만에 순유출, 선물 미결제약정 7억달러 감소": 1783890986.3187795,
"한국은행, AI 투자 확대로 반도체 경기 확장세 지속 진단": 1783890938.7851043,
"바이낸스, 신규 현물거래 쌍과 트레이딩봇 서비스 추가": 1783882855.8887148,
"미국 Clarity Act 신안 이번 주 공개 예정": 1783881052.1566432,
"인도 국적자 1명, 오만 인근 해역 선박 공격으로 실종": 1783880134.7402606,
"이라크 총리, 월요일 워싱턴 방문…석유·가스 거래 예상": 1783878342.5977032,
"이란, 케슈 섬 방향으로 미사일 발사 시작": 1783878285.4338374,
"미국 CPI와 Fed 의장 인준 청문회, 이번주 주목": 1783872936.1123962,
"트럼프, 호르무즈 해협 상업 선박 통행 개방 확인": 1783867537.2425487,
"미국 경기침체 우려 완화…향후 12개월 내 침체 확률 25%로 하락": 1783866686.9679112,
"미국 상원 공화당, 7월 20일 CLARITY Act 본회의 심의 추진": 1783866652.5004325,
"스테이블코인 시장규모 5월 이후 100억 달러 축소": 1783861359.0114393,
"파키스탄 암호화폐 규제당국, 이슬람 학자와 대화 재개 추진": 1783860440.904174,
"이더리움, 주요 PoS 네트워크 중 에너지 효율성 두 번째로 낮음…케임브리지 연구": 1783848734.0575252,
"홍콩, 중국계 자금 유입으로 세계 최대 자산관리 시장 부상": 1783845933.8233562,
"미국, 이란 군사 목표 140개 타격": 1783844134.5259638,
"유럽 주식시장, 4주 연속 상승세 끝내다…기술주 매도와 미·이란 긴장으로": 1783842335.3423429,
"이란 혁명수비대, 호르무즈 해협 즉시 봉쇄 선언…모든 선박 통행 금지": 1783840647.8940792,
"정부, 하반기 원·달러 환율 안정 전망…경상수지 흑자 확대로 원화 강세 기대": 1783840588.8474832,
"국내 거래소, 규제 피해 자체 토큰 발행 어려워…레이어2 등 인프라 구축으로 수익 다변화": 1783840544.5548072,
"비트코인 BIP 110 포크 제안, 채굴자 지지 없이 마감 임박": 1783836147.268067,
"현대경제연구원, 미국 적정금리 4% 이상 도달 전망…한국 긴축 대비 필요": 1783833412.6815035,
"인도·뉴질랜드, 2030년까지 교역액 2배 목표 전략적 동반자 관계 출범": 1783830651.9205558,
"거래소 토큰, 수수료·인센티브·거버넌스로 생태계 고도화": 1783829794.1193442,
"코스피 연 80% 급등했으나 밸류에이션 사상 최저 수준": 1783829737.712606,
"미국, 이란 공격에 대응해 보복 공격 단행": 1783827935.1922588,
"비트코인 반등했으나 온체인 신호는 약세…고래의 본격 매집 미흡": 1783826252.3134453,
"그린파워 모터, 캐나다 거래정지 해제…보고서 제출 지연 리스크 남음": 1783826214.447288,
"엠퍼리 디지털, 비트코인 보유량 절반 매각해 AI 데이터센터 사업 추진": 1783819846.8208888,
"미·이란 긴장 속 다음주 뉴욕증시, CPI와 기업 실적이 주요 변수": 1783818152.7529151,
"한국은행, 7월 기준금리 0.25%포인트 인상 확률 높음": 1783816358.0307627,
"LNG에너지그룹, 콜롬비아 가스 생산량 59% 감소…베네수엘라 JV로 돌파구 모색": 1783815335.4280949,
"스페이스X 상장 후 국내 우주 ETF서 투자자금 4933억원 이탈": 1783814559.19037,
"이란 해군, 호르무즈 해협 폐쇄 선언": 1783812749.662589,
"서클, 미국 연방 신탁은행 설립 승인 획득…USDC 발행사 최초": 1783811735.4135087
}