{
"이란·오만, 호르무즈 해협 통항 조율 논의": 1782566178.3554988,
"S&P글로벌, 다우지수 편입 변화·배당 정책 시행": 1782566136.1551218,
"퀴델오르토, 검사 사업부 15억 달러에 매각 추진": 1782565250.29677,
"FedEx 실적 발표에서 경제 활동 신호 포착": 1782564382.9207623,
"ETF 거래량으로 본 인플레이션 우려 완화 신호": 1782564336.5580943,
"SecondFi, 카르다노 지갑 해킹 후 2주 내 자산 반환 준비 중": 1782562573.7380462,
"마이클 세일러 회사, 시가총액이 비트코인 보유량 이하로 하락": 1782562542.0412364,
"암호화폐 VC, AI·디파이·온체인 데이터 투자 지속": 1782558940.0003846,
"바이낸스, CAPUSDT 무기한 선물 계약 출시": 1782558047.45958,
"EU 의회, 디파이·스테이킹·NFT 규제 평가 촉구": 1782549042.2496858,
"트럼프, 농업 지원금 추가 110억 달러 요청": 1782547936.026065,
"리플 CEO, 마이클 세일러의 시장 영향 비판": 1782547247.4877074,
"미국 비트코인·이더리움 ETF에서 자금 순유출 지속": 1782544538.4658756,
"시큐리타이즈, 공개 상장 앞두고 4억 달러 자금 조달 예상": 1782539135.2643423,
"인도 중앙은행, 인도 통화시장 진입 기준 완화 제안": 1782538245.472433,
"국제제지, 북미 포장 공장 폐쇄 계획 발표": 1782537337.8406444,
"BIS, 2026년 보고서서 스테이블코인 비판…'화폐 아니다' 진단": 1782536455.7623787,
"메타, 폴리마켓·칼시와 협력 검토…예측시장 진출": 1782531049.1664953,
"미군, 이란 미사일·드론 저장시설 공습": 1782530136.3191373,
"연준 총재 \"물가 압력 확산, 올해 금리 인상 필요할 수도\"": 1782529248.943895,
"미국 상원의원들, 폴리마켓 허위광고 관련 CFTC 조사 촉구": 1782527444.980785,
"S&P, 미국 국가신용등급 AA+ 유지…재정적자 위험 지적": 1782526539.4535677,
"AI 반도체주 조정으로 레버리지 ETF 급락, 2700억달러 시장 위험 노출": 1782524760.9443092,
"쿠코인, MARS4 입금 서비스 일시 중단": 1782522070.006975,
"오픈AI, GPT-5.6 선별 배포…미국 정부 AI 통제 강화": 1782519392.9008489,
"한국 6월 30일 5월 산업활동동향 발표, 경기 회복세 확인 여부 주목": 1782519358.0262337,
"IMF, 미·이란 휴전 재악화 시 유가급등 경고": 1782518453.7408996
}