{
"미국 상무부, PCE 물가지수 산출방식 변경…근원 물가 낮아질 전망": 1784523653.4124749,
"카르다노, 반 로섬 하드포크 활성화…리오스 확장 기반 마련": 1784522733.9232526,
"일본 대형 물류업체, 엔화 스테이블코인 JPYC로 계약자 결제 고속화": 1784520045.7695582,
"브렌트유 배럴당 90달러 돌파…미국·이란 중동 군사 충돌 심화": 1784517339.9262314,
"올브릿지 코어, 165만 달러 규모 익스플로잇 후 브릿지 일시 중단": 1784514642.6136622,
"키움증권, 테스 목표주가 25만원으로 상향 조정…반도체 장비업체 수혜 기대": 1784513737.1376648,
"브렌트유 배럴당 90달러 돌파…미국·이란 중동 군사 충돌 격화": 1784511940.0659978,
"아브락사스 캐피털, 비트코인·이더리움 숏 1억 달러 규모 진입": 1784511190.291238,
"하와이안 일렉트릭, 1,650GWh 재생에너지 확충…5억 달러 채권 조달": 1784511134.1831267,
"중동 긴장에 유가 급등…재생에너지주 HD현대에너지솔루션 강세": 1784511101.0695941,
"비자, 기업용 스테이블코인 플랫폼 출시…오픈 USD 첫 지원": 1784511050.4996707,
"미국 CLARITY법 통과 가능성 악화, 트럼프 윤리 문제 영향…비트코인 8만 달러 목표 제시": 1784508480.313226,
"커뮤니티 촉각 높아져…중동 리스크 심화, 비트코인 6.5만 달러 테스트·AI칩 조정 주목": 1784508435.225743,
"한국, 지난 2년간 가상자산 시세조종 사건 40건 조사": 1784508393.2082345,
"미국 대이란 공격 8일 지속, 이란 최고지도자 전면공격 경고…브렌트유 15.91% 상승": 1784508347.5607886,
"비트마인, 이더리움 5% 보유 목표 임박…현재 577만 ETH 보유": 1784502197.4482367,
"미국 PCE 물가지수 산출방식 9월 변경…근원 물가 0.2%포인트 하락 전망": 1784500243.3382332,
"이란, 호르무즈 해협 통과 선박 공격…중동 긴장 고조": 1784497588.6863465,
"한국은행, 프로젝트 한강 2단계 추진…9월부터 예금토큰 실거래 시작": 1784497539.9049401,
"디지털자산기본법, 국회 통과 지연…스테이블코인·거래소 규제 쟁점": 1784496640.3241727,
"중국 자율주행업체 위라이드, 중동·유럽 로보택시 확대": 1784495736.738537,
"코인베이스 CEO, 비트코인은 가치저장·스테이블코인은 결제 수단": 1784494891.9322112,
"미국 핵융합 기업 아메리칸 퓨전, 텍사스 방사선 장비 인증 획득": 1784492136.360832,
"미국 GENIUS법 시행 1년…스테이블코인 규제 체계 정비 진행 중": 1784486467.1643343,
"카르다노, 커뮤니티 투표만으로 승인된 첫 하드포크 가동": 1784484097.9644487,
"프랑스, 월드컵 결승전 앞두고 폴리마켓 차단 명령": 1784484047.9999685,
"바이낸스, 미국 주식 현물 거래 서비스 출시": 1784478641.2491782,
"메타, 앤스로픽과 100억 달러 규모 AI 인프라 거래 협상 중": 1784477735.00274,
"마이클 세일러, 비트코인 BIP-110 제안 반대 의견 표현": 1784475042.0028315,
"미국-이란 긴장 고조로 걸프 증시 후퇴": 1784474139.3904574,
"미국 상원, 암호화폐 명확성법 60표 확보 어려워져": 1784471442.3626652,
"누부루, 3,800만 달러 조달 완료…상장유지 리스크는 여전": 1784470537.9933367,
"트럼프, 공화당에 러시아 제재법에 이란 추가 포함 제안": 1784468737.8307283,
"모건스탠리 E*Trade, 솔라나 상장…기관 투자 본격화": 1784466937.458341,
"크라켄, 단순한 옵션 상품으로 암호자산 파생상품 시장 확대 추진": 1784466102.9847207,
"GENIUS Act 시행 2년 남음…테더 USDT 미국 거래소 입지 위협": 1784466048.8096306,
"일본 대형 물류업체, 엔화 스테이블코인 JPYC 본격 채택": 1784463336.352922,
"레바논 대통령, 트럼프와 백악관 회담 추진…이스라엘 압박 기대": 1784459736.2728744,
"금감원, 업비트 445억원 해킹 관련 두나무에 제재 절차 진입": 1784457935.6395736,
"한국 금융감독당국, 업비트 해킹 사건 관련 두나무에 제재 절차 개시": 1784457043.5560772,
"양자컴퓨터 위협 대비 비트코인 지갑 복구 기술 개발, 사토시 코인은 제외": 1784455245.543641,
"트럼프 추진 CLARITY Act, 상원 통과 가능성 급락": 1784454400.1631866,
"비자·마스터카드 대표 결제업계 단체, 첫 가상자산 기업 비트페이 회원 수용": 1784454339.7087743,
"듀크 에너지, 노스캐롤라이나 전력 요금 인상 3.7%로 합의": 1784452536.5003126,
"도마 프로토콜, 블록체인 도메인 감정 서비스 출시": 1784446238.584207,
"본크 재무부 탈취 주소, 코인베이스에 4000억 BONK 추가 입금": 1784445333.5488727,
"쿠코인, 질리카(ZIL) 입출금 서비스 일시 중단": 1784444444.446697,
"제타체인 아누마, 기기 내 개인정보 비식별화 기술 공식 도입": 1784441737.6426039,
"한국은행, 반도체 가격 상승이 교역조건 개선 주도": 1784440843.9849727,
"정부, 원화 국제화 추진…역외원화결제망 2027년 1월 가동": 1784439979.9818578,
"Zcash 새 노드 'Zakura' 출시, 초당 5만 거래 처리 목표": 1784439938.4532106,
"금융당국, 가상자산 시세조종·부정거래 30건 적발·고발": 1784438140.5057044,
"쿠코인, 영구선물 펀딩레이트 공식 전체 계약으로 확대": 1784435441.4137607,
"블룸버그, 한국 증시가 글로벌 AI 투자 심리 주도": 1784430941.113315,
"미국, 이란 군 요원 피살 후 재차 공습 단행": 1784429174.9819086,
"청와대 정책실장, 단일종목 레버리지 ETF 상장폐지는 현실적으로 어렵다 밝혀": 1784429136.8815758,
"한국 1인 가구 자산운용 패턴 급변, 예금서 주식·펀드로 이동": 1784425535.3761408,
"AI 거품론 제기, 빅테크 CEO들 \"닷컴·암호자산 버블과 유사\"": 1784420142.333937,
"한국 AI 기본법 개정안 시행 임박, 산업계 신뢰-규제 균형점 모색": 1784414735.8182497,
"미 규제당국, 스테이블코인 규칙 완성 1년 기한 놓침…2027년 1월 시행까지 촉박": 1784412988.2584033,
"미 재무장관 베선트, 포트녹스 금 보유 안전 확인…달러는 신용 기반 법정화폐 강조": 1784412941.299775,
"금융당국, 업비트 445억원 해킹 사건 관련 두나무에 검사의견서 송부": 1784412141.4913833,
"프랑스 금융당국, 폴리마켓 불법 도박 규정 후 ISP 차단 명령": 1784412105.1057646,
"한국 인공지능 도입률, 10년 내 G7 최고 수준으로 상승 전망": 1784411138.534965,
"원/달러 환율 1,470원대까지 회복, 원화 강세 지속": 1784410119.202701,
"한국 1인당 GDP 올해 3만9164달러, 4만달러 진입 임박": 1784408478.2164004,
"미국-이란 무력 충돌 심화, 호르무즈 해협 긴장 고조": 1784408447.484668,
"미국 대마초 기업 플루엔트, 비레오와 M&A 본격화": 1784405791.4991,
"워런 상원의원, 트럼프에 가상자산 수익 공개 요구": 1784405734.984989,
"비트코인 BIP 110 업그레이드 취약점 발견…체인 분리 가능성 제기": 1784404901.8288927,
"기관투자자들, 연준 회의 앞두고 비트코인 7만2000달러 강세 베팅": 1784404852.2068255,
"이란, 미국과의 이슬라마바드 양해각서 의무이행 즉시 중단": 1784403934.4414506,
"바이낸스, 36번째 분기 BNB 소각 완료": 1784403042.4442923,
"심바이오시스, 트론 네트워크에서 USDT 프라이빗 스왑 기능 출시": 1784402139.0937564,
"카르다노, 8월부터 핵심 인프라 독립 팀으로 이관": 1784401245.9471045,
"미 재무부, 이란 연계 트론 지갑 제재…USDT 1억3100만달러 동결": 1784400339.302924,
"마이클 세일러, 비트코인 BIP 110 제안에 강력 반발": 1784398293.7862628,
"비트코인 DOG 모드 클라이언트, 거버넌스 논쟁 촉발": 1784394045.8152945,
"미국, 브라질 결제시스템 '픽스' 견제…관세 조치 통한 디지털 금융 패권 경쟁 본격화": 1784392243.4525588,
"트럼프 행정부, 브라질의 비달러 결제 시스템 견제…달러 스테이블코인은 브라질 암호자산 거래의 90% 점유": 1784391335.6462874
}