{
"인도 국적자 1명, 오만 인근 해역 선박 공격으로 실종": 1783880134.7402606,
"이라크 총리, 월요일 워싱턴 방문…석유·가스 거래 예상": 1783878342.5977032,
"이란, 케슈 섬 방향으로 미사일 발사 시작": 1783878285.4338374,
"미국 CPI와 Fed 의장 인준 청문회, 이번주 주목": 1783872936.1123962,
"트럼프, 호르무즈 해협 상업 선박 통행 개방 확인": 1783867537.2425487,
"미국 경기침체 우려 완화…향후 12개월 내 침체 확률 25%로 하락": 1783866686.9679112,
"미국 상원 공화당, 7월 20일 CLARITY Act 본회의 심의 추진": 1783866652.5004325,
"스테이블코인 시장규모 5월 이후 100억 달러 축소": 1783861359.0114393,
"파키스탄 암호화폐 규제당국, 이슬람 학자와 대화 재개 추진": 1783860440.904174,
"이더리움, 주요 PoS 네트워크 중 에너지 효율성 두 번째로 낮음…케임브리지 연구": 1783848734.0575252,
"홍콩, 중국계 자금 유입으로 세계 최대 자산관리 시장 부상": 1783845933.8233562,
"미국, 이란 군사 목표 140개 타격": 1783844134.5259638,
"유럽 주식시장, 4주 연속 상승세 끝내다…기술주 매도와 미·이란 긴장으로": 1783842335.3423429,
"이란 혁명수비대, 호르무즈 해협 즉시 봉쇄 선언…모든 선박 통행 금지": 1783840647.8940792,
"정부, 하반기 원·달러 환율 안정 전망…경상수지 흑자 확대로 원화 강세 기대": 1783840588.8474832,
"국내 거래소, 규제 피해 자체 토큰 발행 어려워…레이어2 등 인프라 구축으로 수익 다변화": 1783840544.5548072,
"비트코인 BIP 110 포크 제안, 채굴자 지지 없이 마감 임박": 1783836147.268067,
"현대경제연구원, 미국 적정금리 4% 이상 도달 전망…한국 긴축 대비 필요": 1783833412.6815035,
"인도·뉴질랜드, 2030년까지 교역액 2배 목표 전략적 동반자 관계 출범": 1783830651.9205558,
"거래소 토큰, 수수료·인센티브·거버넌스로 생태계 고도화": 1783829794.1193442,
"코스피 연 80% 급등했으나 밸류에이션 사상 최저 수준": 1783829737.712606,
"미국, 이란 공격에 대응해 보복 공격 단행": 1783827935.1922588,
"비트코인 반등했으나 온체인 신호는 약세…고래의 본격 매집 미흡": 1783826252.3134453,
"그린파워 모터, 캐나다 거래정지 해제…보고서 제출 지연 리스크 남음": 1783826214.447288,
"엠퍼리 디지털, 비트코인 보유량 절반 매각해 AI 데이터센터 사업 추진": 1783819846.8208888,
"미·이란 긴장 속 다음주 뉴욕증시, CPI와 기업 실적이 주요 변수": 1783818152.7529151,
"한국은행, 7월 기준금리 0.25%포인트 인상 확률 높음": 1783816358.0307627,
"LNG에너지그룹, 콜롬비아 가스 생산량 59% 감소…베네수엘라 JV로 돌파구 모색": 1783815335.4280949,
"스페이스X 상장 후 국내 우주 ETF서 투자자금 4933억원 이탈": 1783814559.19037,
"이란 해군, 호르무즈 해협 폐쇄 선언": 1783812749.662589,
"서클, 미국 연방 신탁은행 설립 승인 획득…USDC 발행사 최초": 1783811735.4135087,
"미국 CBDC 발행 2030년까지 금지…트럼프 서명 없이 법률 발효": 1783810857.5155227,
"홈플러스 파산 위기 속 금융당국 제재 및 분쟁조정 착수": 1783809990.2833905,
"원/달러 환율 하락 속 달러예금 9조원 급증": 1783809940.1804018,
"금융위, 청년층 주거 부담 완화 대책 준비 중…전월세 안정에 무게": 1783808178.2401602,
"주요 은행, 가계대출 목표 도달로 하반기 신규 대출 기준 대폭 강화": 1783808139.3571029,
"리플 CEO, 2020년 SEC 소송 후 폐업 검토했다고 밝혀": 1783807305.9115558,
"코인베이스 vs 워런 의원, 디지털자산 규제법안 국가안보 영향 놓고 충돌": 1783807259.745208,
"국제유가 하락 속 정제연료 가격은 상승": 1783801727.983,
"이란, 트럼프의 핵협상 재개 제안 거절…미국 먼저 기존 합의 이행 요구": 1783800937.5766187,
"디지털자산 기업 IPO 시장 냉각, 투자금이 AI·대형 기술주로 이동": 1783800110.373977,
"비트코인 2026년 두 차례 분기 가능성 직면": 1783800053.2588744,
"알루미늄 공급 부족으로 휴지 상태 서방 제련소 가동 재개": 1783799135.6393425,
"비트코인정책연구소, 사토시 소송에 피고로 참여하며 기각 청구": 1783798249.3668966,
"헤데라 대출 프로토콜 보니조, 오라클 해킹으로 가치 77% 폭락": 1783796451.9866748,
"영국, 암호화폐 규제에 본격 나서다": 1783782052.178228,
"퍼블릭 스토리지, 15조 규모 NSA 인수 7월 완료 예정": 1783779336.163638,
"이더리움 재단, AI가 발견한 검증자 오프라인 취약점 확인": 1783773935.3477721,
"비트코인 자산 회사 엠퍼리 디지털, BTC 보유량의 절반 매각": 1783773048.1399145,
"헤데라 대출 프로토콜 보니조렌드, 오라클 취약점으로 900만 달러 손실": 1783772168.8874528,
"암호화폐 VC 자금, 인프라·기관금융으로 쏠림…이번 주 펀딩 7건": 1783772138.180076,
"미 상원, 디지털자산 시장 명확성 법안 다음 주 공개 예정…민주당 지지 부족으로 통과 불확실": 1783768537.4000525,
"IMF, 달러 스테이블코인의 양면성 경고…외환 접근성 개선 반면 환율 위기 시 자본도피 심화 우려": 1783762253.202889,
"서클, 미국 연방 규제 신탁은행 운영 승인 획득": 1783754138.4010286,
"트럼프, 미국·이란 대화 지속 확인하되 휴전 종료": 1783751561.653748,
"트럼프 전 대통령, 이란이 자신을 겨냥하면 미사일로 대응하겠다고 경고": 1783746984.3486664,
"트래버 테라퓨틱스, 희귀 신장질환 치료제 개발 가속…주식 보상 4만 1600주 승인": 1783746938.2448194,
"인도 국영석유공사, 망갈로르 전략유 비축 175만톤 확대 승인": 1783746055.4795032,
"로빈후드, 암호화폐 거래자용 AI 에이전트 기능 곧 출시": 1783744248.0033126,
"핵연료 기업 FNUC, 나스닥 상장 규정 미준수 통보 받아": 1783743338.1790478,
"일본, 디지털자산 ETF 합법화 추진…세제 혜택 포함": 1783742454.550962,
"메타 CDO, AI 에이전트 상거래를 차세대 핵심 사업으로 제시": 1783737938.7231696,
"비트코인 애널리스트 2029년 30만~50만 달러 전망…수학적 근거는 부족": 1783737051.18252,
"현대차, 스테이블코인 송금 시스템 도입 추진": 1783735254.097118,
"BIS, 블록체인 확장 시 탈중앙성 상실 문제 지적": 1783734380.4705534,
"SK하이닉스, 인디애나 시설 외 미국 추가 투자 검토": 1783734341.2525702,
"미국, 이란 관련 추가 제재 발표": 1783733446.512083,
"한국 올해 성장률 전망 상향 조정 예상, 기준금리 결정 임박": 1783730734.721556,
"IMF 보고서, 토큰화가 금융시장 기반시설을 완전 대체하지 않는다고 결론": 1783729848.1679199,
"암호화폐 결제카드 누적 결제액 106억 달러 돌파…월 충전액 10개월 만에 2배": 1783728982.7756767,
"이더리움 네트워크 핵심 통신층 치명적 결함 발견…단일 메시지로 노드 마비 가능": 1783728938.515275,
"미국 전략비축유 구매, 2028년까지 원유 수요 지탱": 1783727134.0258472,
"애플, 오픈AI 상대로 영업비밀 침해 소송 제기": 1783726294.445879,
"코스피 급락으로 투자자 예탁금 110조원 아래로 하락": 1783726255.1751797,
"미·이란 긴장 고조 속 유가 상승, 국채금리·달러 강세…금값은 하락": 1783720857.3737648,
"중국 소규모 정유사, 이란산 원유 외면하고 중동 다른 산유국으로 전환": 1783719945.1250823,
"캐나다 6월 고용 데이터 예상 상회, 베이커휴스 석유 시추 수 증가": 1783718283.678572,
"OKX, USDT-USD 거래 수수료 인상 (7월 13일 시행)": 1783718247.4470928,
"민주당 상원의원 5명, 트럼프 암호화폐 자금 관계 청문회 촉구": 1783718188.2039285,
"크라켄, AI 투자 어시스턴트 탑재 앱 대폭 개편": 1783718141.828546
}