{
"웰스파고, SEC 공시 공개…비트코인 ETF 비중 축소하고 이더리움·솔라나 투자 확대": 1783610141.1895185,
"트럼프 행정부 권한 강화 대법원 판결, SEC·CFTC 암호화폐 규제 영향 미칠 수 있어": 1783609253.872846,
"호르무즈 해협 유조선 통행 사실상 중단, 이란 분쟁으로 긴장 고조": 1783608423.8559473,
"이란, 요르단 아즈라크 미군 기지에 탄도미사일 10발 발사": 1783608380.575529,
"마라톤 디지털, 텍사스 2GW 규모 AI·비트코인 채굴 캠퍼스 계획 공개": 1783608341.3286357,
"미국 6월 주택 매매 부진, 주택가격은 사상 최고": 1783606544.563432,
"에이브, 수익 추구 핀테크 투자자 위한 볼츠 상품 출시": 1783605753.9896214,
"미국 신규 실업수당 21.5만 건, 시장 예상 하회로 고용 안정성 확인": 1783605719.4743805,
"페이팔, PYUSD 스테이블코인을 폴리곤에 네이티브 발행": 1783605661.6054354,
"비트코인의 양자컴퓨팅 난제: 블록 크기 확대 vs STARK 영지식증명": 1783604791.548499,
"가운틀릿, 일본 SBI홀딩스로부터 1억2500만 달러 시리즈 C 투자 유치": 1783604741.0946,
"트럼프 이란 핵합의 '종료' 발언 후 라틴아메리카 자산 급락": 1783604096.5031598,
"EU, 2027년 MiCA 개정해 역외 스테이블코인 발행자 규제 확대": 1783604037.881844,
"아센덱스 거래소 전면 운영 중단, 출금 보장 불가": 1783603978.6467354,
"암호화폐 VC 패러다임, 12억 달러 펀드 조성해 AI 투자 확대": 1783603917.991473,
"Stripe 자회사 Privy·Jito, 솔라나 거래 포함 도구 FullSend 공동 개발": 1783603859.5022316,
"홍콩 금융감독당국, 암호화폐 플랫폼에 피싱 방지 로그인 의무화": 1783603705.5842772,
"2026년 상반기 암호화폐 해킹 손실 9억7200만 달러, 공격 건수는 최다": 1783603658.9126816,
"문페이, AI 암호화폐 에이전트를 텔레그램에 출시": 1783603606.124192,
"에이브, 스테이블코인 수익 제품 '스테이블 볼츠' 출시": 1783603545.7319539,
"미국 주택가격, 달러 기준 상승하나 비트코인 기준 90% 하락": 1783603489.3143415,
"삼성전자·SK하이닉스, 국내 증시 거래대금의 51% 차지": 1783603434.8605464,
"이란, 걸프만 미군 목표 타격했다고 발표…지도자 장례식 준비": 1783598790.3911548,
"레이어제로에서 체인링크 CCIP로 72억달러 이상 마이그레이션, 맨틀 합류": 1783598757.654885,
"한국씨티은행, 한국은행 연말 기준금리 3.5% 인상 전망": 1783597600.818008,
"CFTC 위원장, 클래리티법 미통과 시 규제당국이 암호화폐 규칙 전부 작성할 것 경고": 1783597541.735932,
"인터폴, 연애사기 연루 암호화폐 지갑 1억2250만달러 적발": 1783596765.2421446,
"소니뱅크, 미국 통화감시청으로부터 스테이블코인 발행 사업 조건부 승인": 1783596707.4133775,
"중동 긴장으로 국제유가 급등, 국내 항공주 일제히 하락": 1783596652.2413816,
"소니뱅크 자회사, 미국 통화감시청 규제 통과해 달러 스테이블코인 발행 준비": 1783595883.6266057,
"BitGo, 기관투자자 비트코인 지갑에 양자 컴퓨팅 보안 기술 도입": 1783595824.5051003,
"SWIFT, 블록체인 결제 플랫폼 17개 글로벌 은행과 파일럿 시작": 1783595791.7998981,
"원/달러 환율 1,506원대로 상승": 1783595740.5811841,
"남미 최대 증권거래소 B3, 비트코인·이더·솔라나 선물옵션 상장": 1783594858.678953,
"바이낸스 선물, 여러 종류의 전통자산 영구선물 계약 출시": 1783593448.2277124,
"싱가포르 테마섹 펀드, 암호화폐 투자 중단하고 AI로 전환": 1783593407.504651,
"레볼루트, USDT 상장폐지를 유럽경제지역·스위스로 한정": 1783593359.0959947,
"하이퍼리퀴드, 온체인 영구선물로 월스트리트 전통자산 시장 잠식 가능성": 1783592189.0878854,
"브로드리지, 토큰증권·분산원장 기반 인프라 확대": 1783592140.964174,
"잘츠기터, HKM 100% 인수": 1783591315.7144518,
"북한 전자결제 거점 700곳 돌파, 평양 중심 급속 확대": 1783591257.688389,
"국제경찰기구 주도 대규모 사기 적발에서 1225만 달러 암호화폐 세탁망 적발": 1783590641.8242614,
"일본은행, 이란 분쟁으로 인한 물가 압력 우려 제기": 1783589869.771257,
"한국은행, 은행권 주도 원화 스테이블코인 발행 입장 재확인": 1783589810.9891055,
"국제경찰기구, 연애사기 97개국 단속에서 암호화폐 지갑 관여 적발": 1783589755.6553278,
"달러 강세·유가 급등…걸프만 새 공격으로 에너지 리스크 확대": 1783588545.7141552,
"러시아 최대 민간은행 알파뱅크, 암호화폐 거래 시험 시작": 1783587772.7780182,
"바이낸스, MiCA 난제 극복 위해 유럽 신규 인가 경로 모색": 1783587721.025576,
"SWIFT, 블록체인 대장부 공개…17개 은행 토큰화 예금 파일럿 시작": 1783587663.8627622,
"인도 수력발전량, 엘니뇨 가뭄으로 전년 대비 21% 급락": 1783584721.759287,
"숏 포지션 3772만 달러 청산…이더 ETF 7047만 달러 유입": 1783584677.8377912,
"소니뱅크, 미국 신탁은행 자회사로 달러 스테이블코인 발행 조건부 승인": 1783584620.8981264,
"한국은행 총재, 기준금리 인상 발언 톤다운": 1783584560.459719,
"신한은행, 주택담보대출 한도 사실상 축소": 1783584499.8884962,
"금 ETF에서 6월 89억달러 순유출, 4개월 연속 하락": 1783583136.7467024,
"쿠코인 선물 거래소, 선물 계약 최대레버리지·위험한도 조정": 1783582294.9425237,
"금융위, 기업 사내대출 규제 대신 자율 관리 강화 요청": 1783582251.544337,
"일본중앙은행, 금리인상 속도 높일 수 있다는 전망…차용금리 2% 이상 상승 경고": 1783581392.538518,
"코인베이스, 영국 FCA로부터 투자 서비스 인가 획득": 1783581340.2304413,
"현대카드, 아발란체·테더와 실물 스테이블코인 실증사업 완료": 1783580545.9662273,
"일본중앙은행, 금리인상 속도 높일 가능성…차용금리 2% 이상으로 상승 경고": 1783579535.6699975,
"비트코인·이더 안정, 미국-이란 긴장 심화 속 금값 하락": 1783576977.5093412,
"AI 기술로 암호화폐 보안감사 유효기간 단축 우려": 1783576917.5402365,
"트레이더, 피싱 토큰 승인으로 100만 달러 손실": 1783576861.088127,
"한국, 17억유로 외국환채 발행 성공…대외 신인도 확인": 1783576237.74186,
"리플(XRP), 일본 기업 재무에 편입되며 제도권 자산 부상": 1783574482.6591752,
"한은 총재, 원화 스테이블코인 제도화 촉구": 1783574441.9761295,
"예측시장 월 거래량 140억달러 넘어, 정보금융 인프라로 부상": 1783572686.7123592,
"아센덱스 거래소 폐지, 사용자 환급 보장 없음": 1783572641.149723,
"AI 인프라 수요로 인플레이션 압력…미 연준의 금리 정책 복잡해진다": 1783571455.6965573,
"퓨처핀테크그룹, 내년 7월 1대4 주식병합 단행": 1783570537.0177474,
"미국 CFTC 위원장, 암호화폐 규제법 클래리티법 통과 '매우 가까워졌다'": 1783567045.1384144,
"공정위, 미래에셋컨설팅의 코빗 인수 승인": 1783566997.243335,
"한국투자공사, 올해 5월까지 5.22% 수익률 달성": 1783566942.6309085,
"현대카드, 스테이블코인 활용한 해외 법인송금 기술 검증 완료": 1783565199.3324056,
"암호화폐 VC 패러다임, 12억 달러 규모 펀드 조성해 AI 등 신산업 투자 확대": 1783565141.6241558,
"미 연준이 주식시장 하락 방어 나서면 암호화폐 이득…전문가 분석": 1783561567.7551606,
"중국, 앤트로픽 AI 코딩 도구에 보안 결함 지적…민감 정보 유출 우려": 1783561534.2323654,
"미국 재무장관, 디지털자산을 100년 경제 전략의 핵심으로 공식 천명": 1783560646.1176708,
"중국 딥시크, 자체 AI 칩 개발 추진": 1783559734.8684592
}