{
"일본 SBI 암호 자산 사업부, 세계 12대 비트코인 채굴풀 폐쇄…러시아는 제재 속 디지털 루블 출시 추진": 1783296054.7766948,
"인도 6월 서비스업 성장률 17개월 최저, 수요·채용 둔화": 1783295213.784322,
"앤스로픽, 호주 데이터센터 1.4GW 규모 150억 달러 투자 추진": 1783295175.7498596,
"부산, 11월 초 아세안+3 채권시장 3대 국제포럼 통합 개최": 1783295138.4019353,
"써클 주가 17% 급락, Open USD 출시로 USDC 독점 모델 흔들려": 1783293337.9013717,
"슈퍼마이크로, 대만 직원 2명 AI 서버 관련 조사로 구금": 1783291568.5630898,
"스트래티지, 84만 비트코인 보유 유지…시장은 보유량보다 기업가치 평가 전환": 1783291536.7531915,
"씨티그룹, 비트코인 12개월 목표가 8만2000달러로 하향 조정": 1783287938.8589294,
"금감원, 국채 만기 전 매도 시 손실 가능 경고": 1783287044.932034,
"금융권 정보보호 예산 증가에도 집행률 감소": 1783286179.0506227,
"금융정보분석원, 자금세탁방지 교육 품질 관리 강화": 1783286137.2203708,
"골드그룹 마이닝, 주식 4대1 병합…NYSE 상장 추진": 1783282533.4270444,
"이지젯, 캐슬레이크에 69억 달러 규모 인수 합의": 1783271733.8163886,
"쿠마이닝, ZEC 클라우드 마이닝 출시": 1783269042.9220586,
"미국 사용자, 폴리마켓 정치 베팅서 연간 5억7100만 달러 거래": 1783263651.499039,
"트럼프, 푸틴과 젤렌스키에 우크라이나 평화 중재 제안": 1783260933.1268342,
"금융기관, 스테이블코인 수용 경쟁 심화…'어떻게'로 전략 전환": 1783260051.1595674,
"사우디 아람코, 라스 타누라 터미널에서 수출 확대하며 현물 판매로 전환": 1783259132.4732282,
"스테이블코인 경쟁 결정요소는 수익률 아닌 담보다": 1783257336.9476025,
"칼시 등 예측시장 업체, 미국 전역서 규제 당국과 법적 분쟁 중": 1783256449.0624714,
"인도, 텔레그램·시그널에 사용자명 관련 공식 통지 발행": 1783255534.8995962,
"남아공 세무당국, 기존 세법 틀 내 암호자산 과세 지침 발표": 1783252846.5101247,
"카타르, 모든 해상 활동 즉시 재개 선언": 1783251934.4784687,
"JP모건, 비트코인 기관 매수자 스트레티지의 구조적 리스크 경고": 1783250137.3953636,
"바이낸스 주간 순유출 12억3천만 달러로 3배 급증, 이더리움 출금 3년 최고": 1783241132.0532155,
"이란·러시아·북한, 미국 제재 회피 수단으로 암호자산 활용 확대": 1783240245.1378784,
"한국은행, 공적 자산운용에 인공지능 도입 가속화": 1783239336.9433439,
"인도, 중동 LNG 공급 재개에 따라 가스 구매 제한 조치 해제": 1783235796.5943773,
"트럼프 밈코인 투자자 98만8천개 지갑이 손실 중, 총 38억 달러 규모": 1783235739.1823926,
"뉴질랜드 에너지, 연간 공시 제출 후에도 거래정지 조치 유지": 1783232135.874273,
"미국 클래리티 법안, 8월 하계 휴회 전 상원 처리 여부가 연내 입법 관건": 1783227648.1958702,
"비탈릭 부테린, '린 이더리움' 로드맵서 새 가상머신 도입 추진": 1783225843.8999836,
"비탈릭 부테린, 3~4년간 '린 이더리움' 로드맵 공개": 1783221335.0742893,
"정부, 2035년까지 1천조원 규모 AI 데이터센터 투자 유치 계획 발표": 1783219534.7228174,
"이란·러시아·북한, 디지털자산으로 미국 제재 회피": 1783218648.3575926,
"벨기에, 방공 미사일 시스템·SKYRANGER에 31억 유로 투자": 1783217734.0619085,
"바이낸스 선물, 2026년 6월 현물 연동 트래디파이 무기한선물 계약 다중 출시": 1783215933.8989244,
"문빔, 폴카닷에서 베이스로 전환…AI 에이전트 플랫폼 공개": 1783215041.4372191,
"금값 2% 이상 상승, 미국 약한 고용지표 영향": 1783214140.6082885,
"상반기 코스피 변동성 사상 최고, 변동성완화장치 2만9천건 발동": 1783212382.4777453,
"국내 증시 신용거래융자 사상 최대, 2분기 일평균 35조9천억원": 1783212334.297605,
"코스피 강세에도 시가총액 1조원 이상 종목 수 급감": 1783210532.2267072,
"미국 고용지표 부진에 달러 약세, 반도체주 하락": 1783208609.66119,
"독일 은행권, 디지털자산 거래 서비스 도입 시작": 1783207844.563909,
"트럼프 밈코인 투자자 3분의 2가 손실 중, 초기 진입자만 수익": 1783206934.3106325,
"글로벌 주식 5월 이후 최고 주간 수익률 기록, 미국 고용 부진이 금리인하 전망 촉발": 1783205135.991095,
"한국은행, 6일부터 원·달러 24시간 거래 시작": 1783204242.9380777,
"미국 FOMC 회의록·신규 실업수당청구건수 등 주간 주요 경제일정 공지": 1783203336.3454783,
"해외 거래소, 코스피 150배 레버리지 선물 상품 출시…금융당국 규제 한계": 1783201532.733439,
"윤리적 해커, 700억 달러 암호자산 위험할 수 있는 결함 발견": 1783199893.5922441,
"한국 주식시장 '영끌 투자' 급증, 한국은행 금융 불안 경계": 1783199849.5731294,
"미국 M2 통화량 사상 처음 23조 달러 돌파": 1783199793.1237311,
"한국은행, 삼성·하이닉스 레버리지 ETF 투자 확산 경고": 1783199741.2088141,
"미국 클래리티 법안, 독립기념일 처리 불발…상원 표결은 7월 말 이상 예상": 1783197933.2786903,
"아프토스 블록체인, 치명적 결함 발견…700억 달러 규모 자산 위험": 1783197043.470327,
"크래켄, 토큰화 주식·ETF를 마진거래 담보로 허용": 1783194386.0962596,
"비트코인 대세 상승장 위해 수조 달러 규모 자금 필요": 1783194334.5101366,
"비트코인 양자컴퓨터 위협 증가…사토시 나카모토 보유분 동결 필요성 놓고 전문가 의견 엇갈려": 1783188053.655894,
"트럼프 암호자산 보유자 38억 달러 손실": 1783182644.1780536,
"일본, 엔화 개입 위협 지속…미국과 긴밀 협력 강조": 1783181879.7274237,
"인도 루피, 상인거래와 선물환 자금 흐름으로 약세 지속": 1783181827.9342315,
"우크라이나, 러시아의 철도 기관차 200대 이상 피해 주장": 1783181776.5883996,
"콘티넨탈, 콘티테크 부문 46억 달러에 매각 합의": 1783181741.8900187,
"러시아군, 우크라이나 동부 코스탠틴니우카 점령": 1783174534.0018718,
"EU 규제당국, 소매투자자의 예측시장 거래 제한 추진": 1783173651.415518,
"2026 월드컵, 예측시장 거래량 사상 최고기록 경신": 1783170995.2794538,
"파에스 테라퓨틱스, 신규 인력 채용 위해 18만주 스톡옵션 부여": 1783170936.9458315,
"영국, 새 암호자산 규제 체계 공개…글로벌 거래 활성화 추구하나 규정 준수 장벽 높아": 1783168245.7590826,
"영국 FCA, 새 암호자산 규제 체계 공개…글로벌 거래 활성화 추구하나 높은 진입장벽": 1783166452.63209,
"레볼루트, 8월 말 테더 상장폐지…기존 보유분은 자동 환전": 1783165537.8523872,
"솔라나, 파이어댄서·알펜글로우 업그레이드로 2026년 150~200달러 전망": 1783161943.1820424,
"ICICI 은행, 2017년 이후 첫 해외채권 발행 검토": 1783149333.4114285,
"비트코인 다음 사이클, 1조 달러 규모 신규 자금 필요할 수 있어": 1783148452.8808124,
"CMA CGM 선박, 호르무즈 해협 미사일 피격 후 폐선 가능성": 1783146713.1766574,
"미국 법집행기관, CLARITY 법안 반대 철회…지역 수사권 강화 조건부 지지": 1783142134.9214542,
"중국 독립 정유업체, 공급 증가 속 중동유 대량 매입": 1783138537.642484,
"마이크로소프트, AI 도입 지원 전담 6,000명 규모 신규 부서 출범": 1783135040.545754,
"크립토퀀트, 거래소 입금 급증으로 시장 변동성 확대 가능성 경고": 1783134997.7922416,
"EU 규제당국, 폴리마켓 등 예측시장에 금융규제 적용 가능": 1783134939.5929894,
"페르미(FRMI), 주주총회 개최 70% 찬성…경영권 분쟁 본격화": 1783131333.6958854
}