{
"메타, AI 데이터센터 임대 사업 검토…1400억 달러 투자 부담 경감": 1784222830.8722322,
"블록체인협회 CEO, 암호화폐 시장구조 규제에 윤리 문제 배제 촉구": 1784221312.0175405,
"이란, 전력망 공격 시 후티에 홍해 봉쇄 지시": 1784221260.90023,
"모건스탠리 E트레이드, 영세 투자자에 암호화폐 현물 거래 개시": 1784220422.7975829,
"스페이스X 주가 공모가 아래로, 스타십 13차 시험비행 앞두고 변동성": 1784220385.4789054,
"스트라이프, 페이팔 530억달러 인수 추진…디지털결제 미래 장악 경쟁": 1784220348.3445597,
"트레이더블, 스텔라 블록체인에 10억 달러 규모 민간 신용자산 도입": 1784219490.6316743,
"헤데라, 유틸라와 기관용 자산 보관 인프라 연동…HBAR 기업 채택 강화": 1784219450.032839,
"파키스탄, 후티의 사우디 공격 이후 미국·이란 분쟁에 말려들 우려": 1784218736.251221,
"미국 달러화 강세, 장기금리 상승에 힘입어": 1784218683.4179294,
"리플 CEO, 현행 결제앱의 '네트워크 폐쇄성' 지적…XRP 필요성 강조": 1784218639.4934897,
"T. Rowe Price, 19조 자산 규모 펀드사로서 첫 능동형 멀티토큰 암호화폐 ETF 출시": 1784218597.7754877,
"미국·이란 군사 충돌 격화, 브렌트유 배럴당 85달러로 주간 11% 급등": 1784218547.1008098,
"멀티코인 캐피탈, 하이퍼리퀴드 생태계 첫 투자로 트라시아 지원": 1784217651.0535092,
"AI 투자 경계감 확산, 나스닥 0.5% 하락·반도체주 약세": 1784217569.383693,
"비자, OUSD 접근 제공하는 내부 스테이블코인 플랫폼 출시": 1784215951.7496068,
"미국 의회 '클래리티 법안', FTX 이후 투자자 보호 공백 메우기": 1784215911.686617,
"미국 신규 실업수당 청구 20.8만건, 시장 예상 하회": 1784215859.9083154,
"미국 6월 주택판매지수 5.4% 하락, 고금리·고가격이 매수심리 위축": 1784215011.2428946,
"AI 기술 악용 암호화폐 사기 정교화, 금융 통제 강화 필요": 1784214973.153253,
"미 검찰, 사우스다코타 암호화폐 투자자 29개 혐의로 기소": 1784214942.1762555,
"한국은행 기준금리 인상에도 국고채 금리 전 구간 하락": 1784214093.76195,
"SBI홀딩스, 온도와 제휴해 일본 주식 토큰화 추진": 1784214058.0044198,
"러셀 2000 소형주 지수 올해 상반기 20% 상승, 1991년 이후 최고": 1784213197.1167326,
"키록, 블록필스 기관 거래 및 중개 자산 인수 완료": 1784213137.1760871,
"코스피 미국 반도체주 급락에 6% 하락, 6,820.60으로 마감": 1784211961.1445742,
"트럼프 행정부, 브라질산 수입품에 25% 추가 관세 부과": 1784211443.2723646,
"2분기 암호화폐 시장 약세, 예측시장은 사상 최대 거래량 기록": 1784211384.1398613,
"정부, 단일종목 레버리지 ETF 투자 기본예탁금 3배 상향": 1784211342.4508717,
"폴리곤 랩스, 2026년 두 번째 감원 단행…코인미 인수 완료 추진": 1784210461.804969,
"알파카, 토큰화 및 AI 금융서비스 확대에 1억3500만달러 조달": 1784209625.0604308,
"미 하원, CLARITY Act 현장 청문회 개최": 1784209578.540899,
"비트유닉스, 비자 기반 결제 카드 출시": 1784209538.3010676,
"미국 7월 필라델피아 연방준비은행 경기지수 41.4, 예상치 크게 상회": 1784208706.6652317,
"미국 신규 실업수당 청구 208K, 예상치 하회": 1784208663.3326254,
"이란, 미국 전력망 공격 시 후티에 홍해 게이트웨이 폐쇄 지시": 1784208552.4881039,
"문페이, 암호화폐 예치금 인프라 강화 위해 글라이드 인수": 1784208509.7541778,
"코스피 반도체주 급락에 7,000선 붕괴, 6,820.60으로 마감": 1784208458.8736484,
"블룸에너지, AI 전력 수요 급증에 250억달러 투자 확대·매출 130% 급증": 1784208417.3244817,
"예측시장 2분기 거래량 1138억달러 기록, 암호화폐 부진 속 역성장": 1784208383.6735785,
"골드만삭스, 페르시아만 공급 차질 지속시 브렌트유 110달러 돌파 경고": 1784208352.4083405,
"토큰화 주식 시가총액 23억달러 기록, 이더리움 34% 점유": 1784208296.3678718,
"넥스트에라·도미니언, 거대 합병 규제 신청": 1784207113.1637464,
"토큰화 주식 시가총액 사상 최고 23억 달러 돌파": 1784207067.5457885,
"크라우드스트라이크·슈바르츠 디지츠, 유럽 사이버보안 파트너십 확대": 1784207033.9029083,
"베이커 휴즈, 차트 인더스트리즈 인수 완료": 1784206973.9704156,
"집중된 디파이 유동성 85% 미활용...연 1억5천만 달러 수수료 손실": 1784206914.3260422,
"레저, AI 에이전트로 암호화폐 관리...개인키는 보유 안 함": 1784206872.7696135,
"캐나다 6월 주택착공 239.0K, 예상치 미달": 1784206039.5625937,
"온도 파이낸스, DTC 연계 토큰화 주식 상품 공개…하루 16% 급등": 1784205989.4241815,
"정부, 단일종목 레버리지 ETF 투자 요건 강화": 1784205941.0946815,
"KB증권, 레버리지·인버스 ETF 투자 예탁금 기준 강화…7월 20일부터 1천만원 일괄 적용": 1784205061.8622406,
"FATF, 스테이블코인 범죄 증가에 암호화폐 자금세탁방지 단속 강화 촉구": 1784204139.8011057,
"트윈 비 채굴회사, 그린란드 광산사 USFM과 합병": 1784203860.677042,
"ARK 인베스트, a16z의 '전통금융은 DeFi 아닌 블록체인만 원한다' 주장에 반박": 1784203349.8191082,
"비트코인 투자자, 카르다노·폴카닷·아비트럼 등 과대평가 지적": 1784203312.7775319,
"갤럭시, 모르포 기반 DeFi 수익 플랫폼 갤럭시 큐레이터 출시": 1784203263.644201,
"바이낸스, 전통금융 연동 USDT 마진 무기한 선물계약 다수 상장 예정": 1784202383.2778785,
"아시아 스타트업 투자 2분기 428억달러로 3년 만에 최고, 거래는 최저": 1784202334.5557961,
"메리츠금융, 홈플러스에 2천억원 긴급자금 대출 승인": 1784201532.9526944,
"x402 재단 출범, AI 에이전트 간 결제 오픈 표준 추진": 1784201490.7339375,
"오렌지주스, 제프 부스·린 올든 백업으로 4천만달러 조성...비트코인 재무전략 추진": 1784201457.260845,
"리지몬트·쿠지베이, 시니어 이사 서비스업체 케어링 트랜지션 인수": 1784199768.4961908,
"ABB, 로토크를 55억달러에 인수…사상 최대 규모 딜": 1784199712.8460135,
"미국, 게임 악성코드로 암호화폐 22만달러 절도한 플로리다 주민 체포": 1784199665.0535479,
"비자·아르테미스, AI 에이전트 경제 인프라 병목 지적": 1784198737.492435,
"테더, 아르헨티나 네오뱅크 우알라에 2000만달러 투자": 1784197852.4985256,
"유나이티드헬스, 2분기 실적 컨센서스 상회…AI에 15억달러 투자 진행": 1784196977.1054544,
"미국, 이란 중앙은행 암호화폐 지갑 4개에 제재 추가 지정…테더 1억3100만달러 동결": 1784196937.2074819,
"미 상원, 뱅크먼-프리드 사면 반대 결의안 만장일치 채택": 1784196059.5649574,
"유로존 5월 무역수지 -78억 유로, 2023년 1월 이후 최악": 1784195141.1134498,
"블랙록, 인도 이커머스 기업 우다안에 4500만달러 투자 협상": 1784194253.2980504,
"이란, 호르무즈 해협을 '절대 불가침' 선으로 규정…끝까지 저항 경고": 1784193335.4225423,
"KKR·에너지캐피탈파트너스, DCC 인수 입찰가 £58억1000만으로 상향": 1784192456.6415675,
"한국은행 기준금리 2.75%로 인상, 10월 추가 인상 가능성": 1784191540.748263,
"이탈리아 6월 물가상승률 3%, 근원인플레이션 완화": 1784191079.1809103,
"에이피알, 936억원 중간배당 결정": 1784190967.8138509,
"비자, AI 에이전트 상거래에서 스테이블코인 활용 확대 예상": 1784190651.437902,
"인도, 디젤·항공유 수출 세금 인상": 1784189831.8208537,
"미군, 이란 공습 완료…반다르압바스 등을 목표로": 1784189800.2242188
}