{
"골드만삭스 주식 트레이딩 부문 2분기 50억달러 이상 실적 예상": 1782239454.160404,
"지캐시 채굴 업체 포르티튜드, 나스닥 상장 추진": 1782238587.3090055,
"뉴욕증시 AI 기술주 매도로 전반 조정": 1782238540.4414403,
"뉴욕 남성, 텔레그램 위장 인플루언서로 140만 달러 암호화폐 사기": 1782237654.2685392,
"미국 재무부, 2년물 채권 690억 달러 발행…수익률 4.189%": 1782236738.9200366,
"이더리움 재단, 직원 20% 감원 및 대규모 조직개편 단행": 1782235980.1910172,
"BNY, 자산운용사들의 토큰화 펀드 진출을 'FOMO' 현상으로 분석": 1782235939.0548859,
"메타 저커버그, 폴리마켓·칼시 유형 예측시장 앱 개발 추진": 1782235888.093804,
"스페이스X 첫 회사채 발행에 890억달러 수요 몰려": 1782235846.4427965,
"금투협장, 단일종목 레버리지 상품 비판에 반박…증권사 일방적 이익 아니라 주장": 1782234996.1399739,
"트럼프 미국 대통령, 이란 동결자산으로 미국산 농산물 구매 제안…이란 정부 반박": 1782234952.0828047,
"CFTC 의장, 영구선물이 모든 규제대상 자산에 부적합할 수 있다고 지적": 1782234118.8229384,
"미국 법무부, 자금세탁 혐의 휴이온 그룹 클라우드 계정 압수": 1782234065.433222,
"BNY, 자산운용사들의 토큰화 펀드 진출 'FOMO'로 분석": 1782233196.4406884,
"골드핀치, 커뮤니티 투표로 프라임 종료 결정": 1782233145.5972714,
"CBOE, 비트코인·이더리움 선물을 무기한 선물로 전환 검토": 1782232253.485276,
"SBI, 일본 규제 준수 엔화 스테이블코인 'JPYSC' 이번 주 출시 예정": 1782231390.5604098,
"이란·오만, 호르무즈 해협 통항료 체계 논의 합의": 1782231351.253556,
"체인링크, 유럽·한국 은행 컨소시엄과 국제송금 네트워크 개발": 1782230503.4491751,
"카카오페이, 카카오페이증권 완전 자회사 전환": 1782230463.3982315,
"체인링크, 한국·유럽 47개 은행과 국제송금 프로젝트 추진": 1782229554.358295,
"테더(USDT), 브라질 PIX 결제망 1억7천만 명에게 개방": 1782228657.7170262,
"SEC, 토큰화 주식 규제 지연…규제 불확실성 완화": 1782227892.078005,
"한국 정부, 스테이블코인·RWA·STO 등 디지털자산 '산업 설계' 단계 추진": 1782227844.0115838,
"이더리움 재단 예산 40% 삭감, 직원 20% 감원 추진": 1782227804.6235313,
"미 하원, 7월 중순 CLARITY Act 청문회 예고…암호화폐 규제법안의 분수령": 1782227755.1287024,
"토큰화 스페이스X 주식 10억 달러 수요 받았으나 투자자 환불 대량 발생": 1782225944.6162007,
"인도 유조선 호르무즈 해협 항해 재개": 1782225051.5985672,
"클래리티 법안 최종 주 통과 경로 불투명": 1782224276.2452576,
"금감원, 단일종목 레버리지 ETF 재검토…변동성 우려": 1782224244.0918105,
"트럼프, AI 기업 정부 지분 보유 방안 검토…공공환원 논의": 1782224194.5709696,
"미국 6월 PMI 5개월래 최고…고용은 위축": 1782224150.8916113,
"월마트, 바이브코 인수해 커넥티드TV 광고사업 확장": 1782223401.902963,
"발라드파워, 영국 수전해 기업 지오푸라 4억 달러에 인수": 1782223341.108715,
"트럼프, 양자컴퓨터·포스트양자암호 전환 행정명령 동시 서명": 1782223309.6141522,
"나스닥 2% 하락 출발, 마이크론 폭락에 반도체주 연쇄 타격": 1782223267.6656911,
"OKX 유럽 대표, MiCA 규제 마감 앞두고 암호화폐 거래소 80% 생존 불가능 경고": 1782222482.8958797,
"글로벌 증시 AI 낙관론 균열…나스닥 선물 3%대 폭락, 코스피 사상 최고가 대비 10% 하락": 1782222424.824578,
"태국, 중국 불법 암호화폐 채굴 자금세탁 네트워크 적발…연 3억 달러 규모": 1782222388.968331,
"이더리움 재단, 지도부 대량 이탈 속 직원 20% 감원": 1782222356.648664,
"DeFi Education Fund, 블록체인 보안 강화 연합 출범": 1782221449.0291326,
"Boundless Bio, Serapha Bio와 역합병 추진…주가 급등": 1782220691.4148428,
"양자컴퓨팅, NHanced Semiconductors 인수 완료": 1782220655.9062288,
"미다스 mGLOBAL 토큰, Aave Horizon 출시": 1782220608.9679792,
"수이, 비트코인 온체인 금융 진출…기관 참여 확대": 1782220548.5241907,
"EU 위원회 디지털 유로 법안 승인, 오프라인·온라인 거래 지원": 1782219841.1945033,
"예측거래소 칼시, 인도를 제한 지역에 추가…55개 관할권 포함": 1782219799.6461337,
"미국 상원, 클래리티 법안 통과 경로 불투명…7월 투표 추진 중": 1782219742.8254716,
"로빈후드 암호화폐 전 COO 아고라 합류, 스테이블코인 사업 확대": 1782219688.7222908,
"대만 증시 1년간 세계 5위 규모로 성장…개인 차입투자 급증에 과열 우려": 1782218787.6480722,
"프랭클린템플턴, 250 디지털 인수 완료…암호화폐 전담 신규 부서 설립": 1782218743.5450869,
"스트래티지 STRC, 테라 비교는 부정확…테라와 구조 다르다": 1782218000.09802,
"한국 국민연금기금 소진 시점 최대 7년 연기": 1782217945.63739,
"폼오(Fomo), 7천500만 달러 펀딩…대형 VC들 소비자 암호화폐 베팅 지속": 1782217890.264711,
"블록체인 데이터 스타트업 알리움, 시리즈B에서 4천만 달러 조달": 1782217850.3106642,
"미국 이란 제재 유예 후 아시아 정유사들 이란유 거래 제한, 중국이 주요 구매자": 1782217041.5723953,
"트럼프, 호르무즈 해협 개방 및 이란 해상 봉쇄 중단 합의 선언": 1782216985.7140985,
"전 국제결제은행 총재, 스테이블코인 입장 완화…법정화폐와 공존 지지": 1782216944.7108932,
"에너지퓨얼스, 반도체자석 제조사 VAC를 19억 달러에 인수": 1782216096.127576,
"지캐시 채굴 플랫폼 포르티튜드, 심스(Nasdaq: HSCS)와 합병": 1782216056.809562,
"이스라엘, 이란으로 스타링크 시스템 반입했다": 1782215144.2822397,
"SK하이닉스 레버리지 ETF, 홍콩 최대 규모 ETF로 등극": 1782212457.4790688,
"바이낸스 공동창립자 이허, 사기범 사칭 경고…CoinUp은 연관 부인": 1782211581.5386786,
"상장회사 자사주 공시 의무 확대, 내년 3월부터 처분·소각 계획 공개": 1782211542.1377995,
"코스피 8% 이상 급락해 서킷브레이커 발동": 1782210682.0154116,
"미 상원, 연방준비제도의 디지털달러 발행 2030년까지 금지": 1782210649.1930432,
"THORChain, 1000만 달러 규모 해킹 1개월 후 거래 재개": 1782209881.295562,
"바이낸스 선물, 2026년부터 USDT마진 전통금융 영구선물 계약 상장": 1782209825.2495117,
"나카모토, 의료클리닉 폐쇄 완료…비트코인 사업 전환": 1782209794.3450627,
"에트라십, 해운 자산 연결한 RWA 프로토콜 출시": 1782209746.4842818,
"쿠코인, Xion(XION)의 Verona(VERONA)로의 리브랜딩 완료": 1782208966.0726004,
"리플, 룩셈부르크 금융당국으로부터 MiCA 임시 승인 획득": 1782208910.9438782,
"Hut 8, 2023년 미국비트코인 합병 관련 투자자 소송 235만 달러로 합의": 1782208857.2987258,
"이란 제재 해제, 복잡한 국제 합의 구조 속 난제 산적": 1782207940.1292942,
"영국 6월 플래시 서비스 PMI 48.7, 예상치 50.1 하회": 1782206198.8203647,
"스페이스X 200억달러 회사채 발행, 신용등급 둘러싼 논란": 1782206151.443191,
"리플, 유럽 암호화폐 규제 MiCA 임시 승인 획득": 1782205262.1434603,
"유로존 6월 경기활동 약세 지속, 가격압력은 완화": 1782204378.3207052,
"더불어민주당, 하반기 디지털자산기본법 국회 통과 추진": 1782204342.9846466,
"바이낸스, 일본엔화 현물 거래쌍 신규 상장 및 메이커 수수료 무료 프로모션 개시": 1782203451.6803443
}