{
"예멘 후티군, 사우디아라비아에 해상 봉쇄 선포": 1784553415.9211648,
"캐나다 6월 CPI 2.8%로 예상치 하회": 1784553384.7177656,
"비트마인, ETH 매입 속도 둔화…자사주 매입으로 자금 배분": 1784553340.1882985,
"갤럭시 게이밍, 합병 기한 만료로 옵션 평가 중": 1784552701.33843,
"보카나 리소스, 25백만 달러에 신생 합병 예정 기업에 인수": 1784552641.5476592,
"빅 디지털 에너지와 10NetZero, 텍사스 부동산 인수 완료": 1784552591.962048,
"템푸스 AI, 퍼소날리스 인수 합의": 1784552555.1015782,
"메타마스크 핵심 코드에 북한 개발자로 추정되는 인물이 관여": 1784552507.176633,
"코스피 4.46% 하락으로 6,516포인트 마감": 1784552465.5082653,
"스트레티지, 보통주 매각으로 2억6350만 달러 조달…현금 준비금 32억 달러로 확대": 1784551616.2529967,
"홈플러스 1천억원 채권 발행 의혹, 검찰이 MBK파트너스 경영진 소환 조사": 1784551583.8054092,
"번슈타인, 로빈후드 목표주가 160달러로 상향…예측시장이 암호화폐 수익 추월할 것으로 전망": 1784551537.7112303,
"하마스, 칼릴 알하야를 신임 지도자로 선임": 1784550926.7566772,
"한국은행 기준금리 방향성 불확실성 고조": 1784550892.7526078,
"하이퍼리퀴드, 무허가 예측시장 배포자에게 500만 HYPE 스테이킹 의무화": 1784550685.084935,
"스트레티지, 비트코인 매수 중단하고 달러 준비금 32억 달러로 확대": 1784550644.0975683,
"쿠코인, JANCTION(JCT) 입금 서비스 일시 중단": 1784549950.3927007,
"미·이란 중재자, 10일 휴전으로 핵협상 협상 제안": 1784549904.0017555,
"질리카, 거래소 콜드월렛 해킹으로 ZIL 입출금 중단 요청": 1784549857.5791664,
"베트남, 무허가 암호화폐 거래에 최대 1900달러 벌금 부과": 1784549801.9002452,
"브라질 증권거래위원회, 토큰화 증권 규제 틀 마련 착수": 1784549747.0321827,
"즌 엘케이 워터솔루션스, 인텔리핫 인수": 1784548991.5997658,
"매그놀리아 오일앤가스, 와일드파이어 에너지 40억 달러에 인수·배당금 인상": 1784548947.8906648,
"스탠다드 바이오툴스, 트리라인 바이오사이언스 인수 등록신청서 제출": 1784548913.5666084,
"스트레티지, 비트코인 일부 매도 후에도 매집 기조 재확인": 1784548858.0545654,
"기관투자자, 크립토 프로젝트 평가 기준 '스마트 계약 감사'에서 '운영 보안'으로 전환": 1784547939.1611483,
"미·이란 군사 충돌 격화로 국제유가 급등, 신재생에너지주 강세": 1784547049.1982558,
"유럽 2위 비트코인 기업 캐피탈B, 9월 10대1 역분할 시행": 1784546244.3685312,
"암호화폐 기관투자자, 감시 강화·서명권 관리로 보안 전환": 1784546187.8078673,
"한국은행, 9월 CBDC 실거래 시험 본격화…9개 은행 참여": 1784546141.8199475,
"쿠코인 어닝, 3개 프로젝트 토큰 상장 폐지": 1784545453.0394843,
"그레이스케일, 이더리움·솔라나 스테이킹 수익 정기 배분 추진": 1784545398.606949,
"브룩필드·CPP 인베스트먼츠, LXP 인더스트리얼 트러스트 52억 달러 인수": 1784545351.4273646,
"러시아 의회, 가상자산 규제법 최종 심의 착수": 1784545298.4655085,
"펏지펭귄, 미국 타겟 마트 전점에 인형 제품 입점": 1784545259.3370378,
"스페이스X 스타십, 23일 13차 시험비행 재시도…기업가치 1조달러 감소 이후": 1784544451.3228464,
"에잇퍼센트, 토큰증권 사업자 에이판다파트너스 최대주주 확보": 1784544397.4613342,
"금융위, 초장기기술펀드 공공 자금 비중 확대…운용 기간 최장 15년": 1784544338.9490542,
"쿠코인, GLMR·MOVR·WELL 토큰 스왑 지원": 1784543304.6040337,
"하이퍼리퀴드, 무허가 예측시장 기능 추가 예정": 1784543268.2630336,
"미국 휘발유 가격 배럴당 4달러 돌파, 중동 전투 재개로": 1784542684.497585,
"호주 클리누벨 파마슈티컬스, 나스닥 상장 임박": 1784542633.0412312,
"한국예탁결제원, 외화증권 차세대 시스템 1단계 구축 완료": 1784542592.2103503,
"하이퍼리퀴드, 분산형 예측시장 추가 예정": 1784542541.6133924,
"미국 아이스크림 가게, 날씨 예측시장으로 월세 43% 충당": 1784541691.8735015,
"갤럭시디지털 CEO 노보그라츠 \"암호화폐 부진, 기술 문제 아닌 투기자금 이탈\"": 1784541656.8827748,
"라이언에어 당기순이익 33% 급락…유가 급등과 저운임료 영향": 1784540813.0260422,
"미국 10년물 국채 수익률 4.558%로 상승…중동 긴장 모니터링": 1784540780.3548138,
"올브리지 코어, 솔라나 풀에서 165만 달러 탈취…플래시론 공격": 1784540740.3545976,
"다이나콤 선박, 오만 인근에서 미사일 피격 후 화재 발생": 1784539146.6559846,
"이란 외교 신호에 유가 하락…호르무즈 해협 주권은 양보 불가 입장": 1784539092.0347705,
"이란, 외교적 노력 활발…조정자들로부터 협상 제안 수렴 중": 1784539035.3379464,
"미국, 고배율 무기한 선물 온쇼어 개방…암호화폐 파생상품 시장 구조 변화": 1784538981.763927,
"미국, 이번 주 주요 규제 일정 집중…스테이블코인·비트코인 파생상품 규제 논의": 1784538945.1862044,
"트리하우스, 이더리움 수익률 자동최적화 '그로스 볼트 V2' 출시": 1784536241.50702,
"쿠코인 선물, 여러 영구선물계약 최대 레버리지 및 리스크한도 조정": 1784535386.741149,
"아마존 일본 협력업체 AZ-COM 마루와, JPYC로 2300개 파트너 결제": 1784535339.2275143,
"생텀, 2분기 보고서 공개…SOL 기준 TVL 성장": 1784534448.773209,
"올해 3분기 은행 가계대출 심사 강화, 주담대·신용대출 기준 상향": 1784533582.3718708,
"당정, 스테이블코인 포함 디지털자산기본법 추진에 공감": 1784533536.3659208,
"한국은행, 9월 CBDC 파일럿 2단계 추진…지역은행·정부보조금 결제 추가": 1784532701.6409342,
"국고채 금리 전 구간 상승, 채권시장 약세 심화": 1784532644.6010273,
"미국 유전자치료 기업 리젠엑스바이오, 망막질환 치료제 5년 효과 입증 및 1억달러 조달": 1784531779.511791,
"코스피 4.46% 하락 마감, 6,516포인트로 글로벌 반도체주 약세 반영": 1784531742.134602,
"바이낸스·바이비트에서 지난 30일간 스테이블코인 23억달러 순유출": 1784530848.8450465,
"인도 루피, 유가 급등으로 9주만에 최대 낙폭 기록": 1784529970.198355,
"독일 6월 생산자물가 0.3% 하락": 1784529933.5734124,
"쿠코인, ROAM 선물 거래봇 상장 폐지": 1784529040.9742572,
"뉴프론티어파트너스, 달러 스테이블코인 FYUSD로 '아시아형 모델' 추진": 1784528137.2325044,
"비트코인 현물 ETF 2주 연속 순유입 2.73억 달러": 1784527251.780393,
"올브리지 165만달러 해킹 후 브리지 운영 중단…세일러 비트코인 비금전거래 제한 반대": 1784526339.6617339,
"데이터볼트 AI, 스테이블코인 MUSD 출범 및 10억 달러 인프라 토큰화 추진": 1784524534.886138,
"미국 상무부, PCE 물가지수 산출방식 변경…근원 물가 낮아질 전망": 1784523653.4124749,
"카르다노, 반 로섬 하드포크 활성화…리오스 확장 기반 마련": 1784522733.9232526,
"일본 대형 물류업체, 엔화 스테이블코인 JPYC로 계약자 결제 고속화": 1784520045.7695582,
"브렌트유 배럴당 90달러 돌파…미국·이란 중동 군사 충돌 심화": 1784517339.9262314,
"올브릿지 코어, 165만 달러 규모 익스플로잇 후 브릿지 일시 중단": 1784514642.6136622,
"키움증권, 테스 목표주가 25만원으로 상향 조정…반도체 장비업체 수혜 기대": 1784513737.1376648,
"브렌트유 배럴당 90달러 돌파…미국·이란 중동 군사 충돌 격화": 1784511940.0659978,
"아브락사스 캐피털, 비트코인·이더리움 숏 1억 달러 규모 진입": 1784511190.291238
}