{
"인도 수력발전량, 엘니뇨 가뭄으로 전년 대비 21% 급락": 1783584721.759287,
"숏 포지션 3772만 달러 청산…이더 ETF 7047만 달러 유입": 1783584677.8377912,
"소니뱅크, 미국 신탁은행 자회사로 달러 스테이블코인 발행 조건부 승인": 1783584620.8981264,
"한국은행 총재, 기준금리 인상 발언 톤다운": 1783584560.459719,
"신한은행, 주택담보대출 한도 사실상 축소": 1783584499.8884962,
"금 ETF에서 6월 89억달러 순유출, 4개월 연속 하락": 1783583136.7467024,
"쿠코인 선물 거래소, 선물 계약 최대레버리지·위험한도 조정": 1783582294.9425237,
"금융위, 기업 사내대출 규제 대신 자율 관리 강화 요청": 1783582251.544337,
"일본중앙은행, 금리인상 속도 높일 수 있다는 전망…차용금리 2% 이상 상승 경고": 1783581392.538518,
"코인베이스, 영국 FCA로부터 투자 서비스 인가 획득": 1783581340.2304413,
"현대카드, 아발란체·테더와 실물 스테이블코인 실증사업 완료": 1783580545.9662273,
"일본중앙은행, 금리인상 속도 높일 가능성…차용금리 2% 이상으로 상승 경고": 1783579535.6699975,
"비트코인·이더 안정, 미국-이란 긴장 심화 속 금값 하락": 1783576977.5093412,
"AI 기술로 암호화폐 보안감사 유효기간 단축 우려": 1783576917.5402365,
"트레이더, 피싱 토큰 승인으로 100만 달러 손실": 1783576861.088127,
"한국, 17억유로 외국환채 발행 성공…대외 신인도 확인": 1783576237.74186,
"리플(XRP), 일본 기업 재무에 편입되며 제도권 자산 부상": 1783574482.6591752,
"한은 총재, 원화 스테이블코인 제도화 촉구": 1783574441.9761295,
"예측시장 월 거래량 140억달러 넘어, 정보금융 인프라로 부상": 1783572686.7123592,
"아센덱스 거래소 폐지, 사용자 환급 보장 없음": 1783572641.149723,
"AI 인프라 수요로 인플레이션 압력…미 연준의 금리 정책 복잡해진다": 1783571455.6965573,
"퓨처핀테크그룹, 내년 7월 1대4 주식병합 단행": 1783570537.0177474,
"미국 CFTC 위원장, 암호화폐 규제법 클래리티법 통과 '매우 가까워졌다'": 1783567045.1384144,
"공정위, 미래에셋컨설팅의 코빗 인수 승인": 1783566997.243335,
"한국투자공사, 올해 5월까지 5.22% 수익률 달성": 1783566942.6309085,
"현대카드, 스테이블코인 활용한 해외 법인송금 기술 검증 완료": 1783565199.3324056,
"암호화폐 VC 패러다임, 12억 달러 규모 펀드 조성해 AI 등 신산업 투자 확대": 1783565141.6241558,
"미 연준이 주식시장 하락 방어 나서면 암호화폐 이득…전문가 분석": 1783561567.7551606,
"중국, 앤트로픽 AI 코딩 도구에 보안 결함 지적…민감 정보 유출 우려": 1783561534.2323654,
"미국 재무장관, 디지털자산을 100년 경제 전략의 핵심으로 공식 천명": 1783560646.1176708,
"중국 딥시크, 자체 AI 칩 개발 추진": 1783559734.8684592,
"구글, 8월부터 크롬에서 실제 자금 거래하는 예측시장 확장프로그램 차단": 1783558854.6654253,
"호르무즈 해협 운항 중단 속보에 커뮤니티 경계…에너지·지정학 리스크 주목": 1783557932.8122149,
"미래에셋증권, OCI홀딩스 목표주가 40만원에서 32만원으로 인하": 1783557053.6006966,
"트럼프, 이란 분쟁에서 물러나려 하지만 단기 해결 어려울 것으로 전망": 1783556138.9176993,
"SK하이닉스 미국 ADR 공모에 7배 초과청약 기록": 1783555296.2684402,
"한국투자증권, 카카오 목표주가를 7만원에서 6만원으로 인하": 1783555258.5959322,
"트럼프 평화위원회, 가자지구 인도지원 지역 파일럿 계획": 1783552632.618619,
"Circle, GENIUS Act 규제 마감 앞두고 주가 압박": 1783552574.2812703,
"고프로, 2000만달러 자금 수혈로 사업 재편 추진": 1783552541.3257194,
"뱅크오브아메리카, 오픈AI에 5억2000만달러 신용공여 제공": 1783550735.9218853,
"6월 토큰화 주식 거래량 34억달러로 사상 최대 기록": 1783549851.4490726,
"론 와이든 상원의원, 암호화폐 법안에서 블록체인 개발자 보호 조항 유지 촉구": 1783548938.1513262,
"셰브론 용선이 러우전 전쟁에 휘말려…키예프 공격 강화": 1783547171.1130877,
"트럼프 유가 상승으로 투자자들에 인플레이션 경고음": 1783547138.5393724,
"미군, 이란에 신규 공습 실시": 1783545432.6233826,
"코헨앤드스티어스, 뮤추얼펀드 'Future of Energy'를 나스닥 상장 ETF로 전환": 1783545383.8099816,
"5월 금융서비스수지 5억5천만달러 흑자로 사상 최대 기록": 1783545337.9847076,
"버나 테크놀로지스, HERO 디펜스 시스템 인수 확정": 1783544641.321355,
"타르수스, 아이레닉스 메디컬 인수…후기 임상단계 안구질환 치료제 확보": 1783544600.7642791,
"MDA 스페이스, 인공지능 지구관측 기업 CLS 인수 제의": 1783544559.8027616,
"디파이 대시보드 자퍼, 7년 운영 후 종료 결정": 1783544513.9203286,
"바이낸스 월렛, 플룸 수익 볼트 추가…인벡스코·비트와이즈 펀드 접근성 제공": 1783544462.4423845,
"토큰화된 주식 거래량 1개월 105% 급증": 1783543582.777834,
"미국-이란 긴장 속 뉴욕 증시 혼조": 1783543540.7009768,
"리바이 슈트라우스, 2분기 실적 상회하고 가이던스 상향": 1783542648.3458912,
"폴란드 중앙은행, 기준금리 동결…즐로티화 19개월 저점에서 반등": 1783541737.171233,
"EU, MiCA 규제 개정 검토…비EU 스테이블코인 발행자까지 포함": 1783539052.210106,
"에어버스, 이란 분쟁과 관세로 항공기 수요 전망 하향": 1783538179.492464,
"전쟁보험사, 호르무즈 해협 항행 일시 중단 권고": 1783538138.8998184,
"트럼프, 호르무즈 해협 봉쇄·하르그섬 점거 가능성 언급…중동 긴장 고조": 1783537315.3004873,
"블록 현금앱, 미국 각 주 규제당국과 4,500만달러 합의": 1783537260.336089,
"비트코인 커뮤니티, 소프트포크 제안 BIP-110을 둘러싸고 진영 분열": 1783536429.2685332,
"이란 외무장관, 미국의 양해각서 종료 선언에 강경 대응 경고": 1783536377.0967863,
"아시아개발은행, 한국 2026년 성장률 전망 2.6%로 상향 조정": 1783536341.0399644,
"미 연준 FOMC 의사록, 인플레이션 위험 여전히 높다고 판단": 1783535450.4250824,
"미국, 이란 남부 지역 공습으로 8명 사망": 1783534220.1899803,
"KB국민은행, 주택담보대출 한도를 3억원으로 축소": 1783533662.0533671,
"아담 백 비트코인 표준 재무회사, 캔터와 SPAC 합병 조건 재협상": 1783532787.6647966,
"시타델, 포르토피노 상대 미국 소송 철회…영국 강제집행에 집중": 1783532741.1123528,
"뉴질랜드 중앙은행, 3년 만에 기준금리 0.25%p 인상": 1783531955.6038136,
"JP모건, 1억~5억달러 규모 소형 M&A 전담 조직 신설": 1783531910.387524,
"스테이블코인 기반 트래디셔널 파이낸스 선물거래 1.1조 달러 돌파": 1783531856.4630675,
"도이치뱅크, 사우디아라비아에서 새 금융 인허가 획득": 1783531187.8635488,
"트럼프-이란 대치 장기화, 페르시아만 유가 불안정성 심화 우려": 1783531137.401952,
"트럼프, 이스라엘의 레바논 남부 철군 가능성 시사": 1783531096.1954906,
"IMF, 2026년 세계 경제성장률 전망을 3%로 하향 조정": 1783531062.5482922,
"트럼프 발언으로 유가 배럴당 80달러 돌파, 국채금리 급등": 1783531010.5905476,
"암호화폐 VC 패러다임, 12억 달러 규모 4번째 펀드 조성": 1783530973.152884,
"영란중앙은행 총재, 파라주 로비가 CBDC 정책에 영향 미쳤다는 주장 부인": 1783530940.5615125
}