{
"람다256, 카드업계와 스테이블코인 결제 시스템 테스트 완료": 1784860242.704098,
"현대차 2분기 최대 매출에도 영업이익 20% 급감…관세·생산차질 여파": 1784858592.3645163,
"미국 한국산 제품에 12.5% 관세 부과…한미 합의선 15% 유지 협의": 1784858551.2415664,
"트럼프 대이란 강경 발언에 한화에어로스페이스 5.3% 상승": 1784858497.193165,
"코스피 7,000선 붕괴…장 초반 1.92% 하락": 1784858451.414611,
"미 SEC, 9월 24시간 주식 거래 관련 회담 개최": 1784856700.221656,
"시타델 증권, 크립토닷컴에 4억달러 투자": 1784856644.163832,
"폴리마켓 거액 베팅 계정, 금융사기 전과자 소유 적발": 1784855765.3432953,
"그레이스케일, 연준이 금리 인상하지 않으면 비트코인 약세 끝났을 수 있다": 1784854939.3746579,
"리플, 노타베네에 투자하며 RLUSD 기관 결제 확대": 1784854892.4436805,
"골드만삭스 CEO, 美 암호화폐 규제법안 '클래리티법' 지지": 1784854853.7614114,
"미국 암호화폐 산업, 2024년 경제 기여 550억달러 추정": 1784854023.359039,
"로빈후드 CEO X 계정 해킹…가짜 밈코인 사기에 악용": 1784853990.9191418,
"엠퍼리 디지털, 카드널 데이터 파워에 2000만달러 투자": 1784853938.44528,
"LS일렉트릭, 2분기 신규 수주 243% 급증으로 목표주가 상향": 1784853094.223402,
"크립토퀀트, 이더리움 비트코인 대비 17% 저평가 진단": 1784853043.9390268,
"일본 6월 인플레이션 지표 예상 부합, 헤드라인 1.7%": 1784852337.9704762,
"두산밥캣, 2분기 실적 예상치 상회하며 목표주가 상향": 1784852294.832477,
"금융위, 단일종목 레버리지 상품 투자 규제 7월 31일 시행": 1784852256.4121368,
"바이낸스, 인신매매·아동 착취 추적 협력": 1784850336.141167,
"호주 7월 복합 PMI 52.6으로 상승, 서비스 부문 주도": 1784849545.1135252,
"스트레티지, 비트코인 양자 보안 연합 출범…1500만달러 3년 투입": 1784849445.0465012,
"브리지 24시간에 3500만달러 이상 해킹…베루스·AFX·BSquared 피해": 1784848535.564518,
"EU, 러시아 21차 제재 승인…암호자산 거래소 11곳 포함 금융망 차단": 1784847651.548784,
"번스타인, 비트코인 채굴업체 AI 전력 공급 계약 급증에 주목": 1784846733.6763628,
"월드코인(WLD) 토큰 언락 물량 43% 축소, 미국 경제지표 발표 예정": 1784844937.6695526,
"스트라이프, AI 스타트업 오픈라우터 약 100억 달러에 인수 협상": 1784844087.8454862,
"제미니, CFTC와의 합의 관련 트럼프 PAC에 비트코인 1000만 달러 기부": 1784844051.8104873,
"트럼프, 법적 소송에 견딜 새로운 관세 공개": 1784843197.3867984,
"코인베이스, 싱가포르 인력 200명으로 확대": 1784843141.78512,
"금융위, 중견 회계법인의 대형 상장사 감사 참여 허용": 1784842243.7373104,
"코인베이스, AI 에이전트의 USDC 결제 기능 출시": 1784840538.4819622,
"미 재무부, 한국을 환율 관찰대상국 재지정": 1784840490.5884778,
"비트멕스, 9월 23일 거래 종료": 1784840458.7316344,
"골드만삭스 CEO, 암호화폐 규제법안 클래리티법 지지 표명": 1784839590.7623303,
"2026년 상반기 암호화폐 강도 52건, 자택 침입 동반 사건 급증": 1784839541.6918843,
"브렌트유, 중동 긴장으로 배럴당 100달러 돌파": 1784838692.5717304,
"미 상원, 암호화폐 규제법안 '클래리티법' 여름 휴회 전 처리 실패 예상": 1784837886.2124662,
"오픈AI 모델 허깅페이스 해킹, 미 의회 'AI 킬스위치' 법안 촉발": 1784837850.7346692,
"뉴욕증시 급락, 유가 100달러 돌파·빅테크 부진 동시 압박": 1784837793.5924058,
"나스닥 상장 지바오, 2억2000만달러 규모 증자로 비트코인 트레저 구축": 1784837739.112737,
"미국 암호화폐 산업, 2026년 경제에 550억달러 기여 전망": 1784836970.9529886,
"카자흐스탄, 전략적 디지털 채굈 규칙 승인…국가 암호화폐 준비금 활용": 1784836912.852109,
"미래에셋컨설팅, 코빗 최대주주 인수 완료": 1784836857.6931815,
"비트멕스 폐지로 암호화폐 시장 집중화 가속": 1784835974.7335162,
"카카오, 서클과 원화 스테이블코인 결제 인프라 검토": 1784835934.1315126,
"스위스 바칸스토, 은행 앱에서 규제형 암호화폐 거래 시작": 1784835083.081696,
"헤데라, 3분기 40억7000만 HBAR 해제 예정": 1784835052.033605,
"RWA 디파이 예치금 37.7억 달러로 회복…켈프DAO 해킹 충격 극복": 1784834135.3795366,
"비트코인 채굴 수익, 단순 생산에서 자산 운용 능력으로 전환": 1784833309.7926762,
"뉴욕증시 큰 폭 하락, 빅테크 실적 부진과 유가 급등이 동시 압박": 1784833250.223312,
"피터 시프, 유가 폭등이 7월 CPI 상승 견인할 것으로 예측": 1784832859.960246,
"미-이란 무력 충돌로 중동 긴장 고조, 유가·미국채 금리 급등": 1784832811.454291,
"백악관, 중국 문샷AI의 앤트로픽 모델 무단 증류 의혹 제기": 1784832339.2581108,
"타셋, 스테이블코인 준비금 플랫폼 공개…중소 은행 참여 확대": 1784831443.800625,
"암호화폐 이용자, 중앙화 거래소 이탈해 셀프 커스터디·직접 거래 확산": 1784830700.2209578,
"스테이블코인 기업 Tassat, 소규모 은행 참여 지원 마켓플레이스 내년 초 출시": 1784830663.0282543,
"이란, 혁명수비대 지휘관과 미사일 장비 예멘 후티 반군에 전송": 1784830605.6333091,
"미 상원, 클라리티법 본회의 표결 임박": 1784830547.079442,
"알파벳, AI 인프라에 2050억달러 투자 계획 발표하며 주가 6% 급락": 1784829688.6518052,
"로빈후드 CEO X 계정 해킹되어 사기성 밈코인 블라드후드 홍보": 1784829653.6629484,
"EU의 구글 과징금, 미국-EU 무역 갈등 심화": 1784828852.3345566,
"브라질 농부들, 암호자산 기반 토큰화 소 거래로 농장 대출 확보": 1784828799.1441905,
"아비트럼·베루스 크로스체인 브리지 연쇄 해킹, 3,160만달러 탈취": 1784828752.0239065,
"인젝티브, SEC에 전송대리인 등록 신청": 1784827848.3918178,
"미 상원, 트럼프 이란 전쟁권한 제약 결의안 부결…중동 긴장 고조": 1784827064.3803077,
"문페이, 미국에서 디스커버 카드 암호화폐 거래 지원": 1784827021.3738105,
"테슬라 주가 1년여 만에 최대 폭 급락…AI·로봇택시 투자 확대로 이익 감소": 1784826981.0536048,
"한국은행, 내달 통화안정증권 6조8천억원 규모 발행": 1784826943.6222768,
"코인베이스, AI 에이전트로부터의 결제 수용 기능 출시": 1784826133.6302478,
"KB증권 2분기 영업이익 666억원, 전년 동기 대비 175% 증가": 1784826085.242765,
"피스 네트워크, USDY/USD 가격 피드 출시…앱토스·수이에서 RWA 인프라 강화": 1784826053.1237192,
"미국 30년물 고정금리 모기지 6.58%로 상승...2025년 8월 이후 최고": 1784825421.2555592,
"이더리움, 비트코인 대비 시장 바닥 근처...온체인 신호는 불확실": 1784825378.2451198,
"유니스왑, 옵티미즘 수수료로 UNI 소각 검토...토크노믹스 시험": 1784825333.550133,
"스완 CEO, 테더의 미국 정치 로비 회사로 트웬티원 캐피탈 지적": 1784825280.9837646,
"국제유가 배럴당 100달러 돌파...홍해·호르무즈 동시 봉쇄 우려": 1784825246.9030683,
"비트코인 트레저 기업 엠페리, AI 데이터센터에 2000만달러 투자": 1784825206.6611507,
"CLARITY법 윤리규칙 합의 난항...누가 규제권한 갖을지가 최대 쟁점": 1784825150.5873234,
"2분기 암호화폐 해킹 피해 7억6400만달러, 접근 권한 관리 실패가 주요 원인": 1784824247.7080925
}