{
"S&P, 미국 국가신용등급 AA+ 유지…재정적자 위험 지적": 1782526539.4535677,
"AI 반도체주 조정으로 레버리지 ETF 급락, 2700억달러 시장 위험 노출": 1782524760.9443092,
"쿠코인, MARS4 입금 서비스 일시 중단": 1782522070.006975,
"오픈AI, GPT-5.6 선별 배포…미국 정부 AI 통제 강화": 1782519392.9008489,
"한국 6월 30일 5월 산업활동동향 발표, 경기 회복세 확인 여부 주목": 1782519358.0262337,
"IMF, 미·이란 휴전 재악화 시 유가급등 경고": 1782518453.7408996,
"러시아 강경파, 푸틴에 우크라이나 전쟁 확대·미국 협상 중단 촉구": 1782517601.4172685,
"UAE, 호르무즈 해협 안보 문제로 이란과 드문 통화 진행": 1782517558.3581598,
"서클, 노무라와 스테이블코인 협력 체결…주가 6.92% 상승": 1782515739.121025,
"미국 5월 상품 무역적자 14개월 최대치…1058억달러 기록": 1782514873.2608335,
"미국 6월 소비자심리지수 49.5로 반등, 여전히 역대 2번째 저수준": 1782513063.7128565,
"나스닥, 6월 러셀 지수 재편서 3,340억 달러 규모 거래 1.63초 만에 체결": 1782512139.7373366,
"이스라엘-레바논, 미국 중재로 초기 합의 체결": 1782510394.1195555,
"미국군, 이란 공격 감행": 1782510358.0158005,
"호르무즈 해협 선박 피격 후 통항 감소…지정학 리스크 재부상": 1782506895.865222,
"오라클 주가 2001년 닷컴 버블 이후 최악의 주간 낙폭…AI 자금조달 우려": 1782506837.1188397,
"미국 스타트업 투자, AI 추론 기업에 집중…베이스텐 15억달러 조달": 1782506799.0187745,
"리플 CEO, 마이클 세일러의 시장 영향력 비판…스트래티지 배당주 25% 할인 거래": 1782506743.0190423,
"로렌션 은행 인수합병, 캐나다 재무부 승인 획득": 1782504108.54848,
"SpaceX, FTC로부터 메시 옵티컬 인수합병 조기 종료 승인 획득": 1782504051.322068,
"美 하원 민주당 고위 의원, 401(k) 암호화폐 편입안 반발": 1782503136.4356947,
"스페인 규제당국, MiCA 비준수 암호화폐 기업에 기한 연장 없음 선언": 1782502324.5995715,
"미 상원의원들, 폴리마켓 허위광고 연방조사 촉구": 1782502288.7981465,
"리눅스 재단, AI 기업·금융사 연합으로 오픈소스 보안 연합체 설립": 1782502253.3876057,
"사우디아람코, 라스타누라 유가 로딩 재개…공급 강화": 1782501464.019777,
"증권화 플랫폼 시큐리타이즈, 상장 임박 가운데 4억 달러 자금 조달 예상": 1782501430.4416194,
"버추얼스 대표, AI 에이전트가 자율적 경제 행위자로 진화 중": 1782501396.6066437,
"반인신매매 단체, 미국 Clarity Act 604조항의 책임성 약화 우려": 1782501345.2869856,
"UAE, 미사일 경고 문자 기술 오류로 정정": 1782499669.6180778,
"미국·이스라엘·레바논 3국 협력 기본합의서 체결": 1782499635.621202,
"전 이더리움 재단 리더, 재단 축소에 따른 자금 공백 경고": 1782499592.623414,
"호르무즈 해협 선박 운항 회복으로 국제유가 급락": 1782499542.349841,
"Base, 이틀 새 두 번째 메인넷 정지 후 복구": 1782496908.394641,
"오픈AI IPO 연기설에 뉴욕증시 기술주 급락": 1782496852.9243748,
"미국 SEC·CFTC, 통합 포트폴리오 마진 규칙 공시 의견 수렴": 1782495937.6855505,
"미국 상원의원들, 폴리마켓 가짜 베팅 조작 관련 CFTC 조사 요구": 1782495059.3492124,
"오픈AI IPO 연기 검토, 골드만삭스·모건스탠리 주가 4% 하락": 1782494141.8610349,
"오만, 호르무즈 해협 통행 수수료 부과 검토…미·유럽 우려": 1782493257.5195067,
"국내 ETF 시장 1143종목 달성, 커버드콜 전략 상품 상장": 1782492394.3991847,
"넥스트레이드, 거래 종목 32개 제외": 1782492348.3193512,
"미국 민주당 상원의원 17명, CFTC의 예측시장 소송 자금 지원 중단 촉구": 1782491555.2561507,
"KB증권, 1조원 규모 유상증자로 종합투자계좌 사업 진출 가속화": 1782491510.0825496,
"트럼프, 디지털서비스세 부과 국가에 100% 관세 부과하겠다고 경고": 1782491452.906852,
"정부, 제6차 과학기술기본계획 확정…2026~2030년 200조원 투자": 1782490579.8262935,
"드래프트킹스, 자체 예측시장 거래소 출시…연간 소비자 거래량 34억 달러": 1782490540.3917184,
"원/달러 환율 1,550원 근처까지 올랐다가 외환당국 개입으로 1,530원대로 급반전": 1782489759.8704264,
"해운 산업도 RWA 토큰화 시장에 편입, 에트라십이 선박 투자 플랫폼 구축": 1782489704.561989,
"미국 IPO 시장 회복 중이나 AI 붐에 가상자산 기업 상장 연기": 1782487908.2316377,
"코스피 5.81% 급락해 8411로 마감": 1782487848.2563012,
"중개인들, 미국 면제 조치 후 인도 정유소에 이란산 석유 공급 중": 1782487142.6267502,
"UAE, 미사일 경고 문자 '기술 오류'로 정정…유가 일시 급등": 1782487093.3388293,
"스페인, 바이낸스 등 암호화폐 기업에 MiCA 기한 '예외 없음' 선언": 1782487042.095769,
"블루아울캐피털, SILA 리얼티 인수 승인…AUM 3150억 달러로 확대": 1782486985.5462441,
"시큐리타이즈, 블랙록 백업으로 SPAC 합병 마무리…다음주 NYSE 상장 임박": 1782486944.549861,
"샤프링크, 8개월 만에 이더리움 매집 재개…5000ETH 추가 매입": 1782486061.8995037,
"메타플래닛, 주가 87% 폭락에도 비트코인 보유량 3배 증가…세계 3위": 1782485142.6973004,
"UAE, 미사일 위협 경고…두바이 폭발음 보고": 1782481637.4907677,
"한국리츠협회, 부동산 매물 정보 플랫폼 개설": 1782481589.4396732,
"X머니, 크로스리버은행 파트너십…XRP 연동 가능성 주목": 1782481540.4113595,
"엑시온그룹, 시가총액 미달로 관리종목 지정…주가 13% 급락": 1782480646.8381412,
"토스, AI 학습 데이터 제공 대가로 사용자 보상하는 '데이터 경제' 시작": 1782479855.298249,
"전 세계 최대 비트코인 보유사 스트래티지, 배당 재원 조달 딜레마에 직면": 1782479808.0264046,
"싱가포르 금융감독청, 하이퍼리퀴드를 투자자 경고 대상으로 지정": 1782479748.972032,
"광섬유 기술 기업 루나 이노베이션, TJC에 인수되기로 확정": 1782478935.8773923,
"코스피 5.81% 급락해 8411에 마감, 사이드카·서킷브레이커 연쇄 발동": 1782478901.259665,
"프레임워크 벤처스, 4차 펀드 4억 달러 모금…AI·로봇 분야까지 투자 확대": 1782478860.6261494,
"호주 금융감독청, 암호화폐 사업 라이선스 유예 기간 9월 30일까지 연장": 1782477086.9947102,
"크라켄, 에이브(Aave)에 3억 8500만 달러 투자…15% 지분 획득": 1782477051.634633,
"IMF, 이란 합의 후 에너지·원자재 가격 하락…정상화까지 시간 소요": 1782476240.8507621,
"미국이 지명한 이란 해킹범, 몬테네그로서 체포": 1782476191.5978484,
"이란, 호르무즈 해협 통행 통제권 주장…선박 피격 후": 1782476143.9831836,
"AscendEX 출금 지연 민원 증가, ZachXBT가 적립금 설명 촉구": 1782475250.8403418,
"스테이블코인, 보안 위협 확대…제재 회피 인프라로 악용 심화": 1782474338.9608533,
"미 중재기업, AI 거래용 '법적 체계' 도입": 1782473532.0251317,
"폴란드 암호화폐 거래소 칸가, 라트비아에서 MiCA 라이선스 획득": 1782473498.1038282,
"인도네시아, 암호화폐 추천 인플루언서 자격증 의무화": 1782473448.6728415,
"21Shares, 2026년 암호화폐 전망 하향 조정…인프라 발전은 가속": 1782472582.6502788,
"와이즈키, 양자내성 암호·위성·블록체인 통합 생태계 구축 추진": 1782472543.4298706,
"바이낸스, EU 서비스 중단 공식화…MiCA 인증 획득 실패": 1782471658.4567184,
"이란 제재 대상 기업들, 코인엑스를 통해 38억 달러 이동": 1782471108.6521661
}