{
"미국 신규 실업수당 청구 21만5천건, 예상치 하회": 1782416773.3071637,
"SBI홀딩스, 비트뱅크 2억8900만 달러 인수 계약": 1782416740.47538,
"영국 부의 자문가 50%, 고객 암호화폐 투자 '보이지 않음'": 1782415932.0553722,
"코인베이스 지원 이더리움 레이어2 베이스, 블록 생성 장애 후 복구": 1782415893.1465247,
"미국 1분기 GDP 확정치 2.1%…시장 예상 상회": 1782415848.8732398,
"크라켄 모회사, 파워트레이드 상대로 600만 달러 소송 제기": 1782415027.578851,
"스토리 프로토콜, AI 학습 데이터 사업으로 방향 전환": 1782414984.5975845,
"미국 5월 개인소비지출 물가지수 4.1% 상승": 1782414942.3331573,
"코인엑스, 제재 대상 이란 플랫폼과 38억 달러 거래 의혹…부인": 1782414160.4211297,
"영국 의회, XRPL을 기후금융 인프라로 제안": 1782414105.127547,
"JP모건, 코스피 전망 상향 조정…기본 12,500·강세장 15,000": 1782414057.9789474,
"호르무즈 해협 화물선 피격으로 유가 상승, 유엔 선박청 대피 계획 일시 중단": 1782413172.7074935,
"SK텔레콤, SK하이닉스 미국 AI 자회사에 738억원 투자": 1782413141.0214198,
"미국 연방법원, 트럼프 대학원생 연방대출 제한 정책 임시 중단 명령": 1782412248.8427873,
"한국거래소, 와이즈플래닛·기도산업·브릴스 코스닥 상장예비심사 승인": 1782410446.6054995,
"하나은행, 내달부터 모기지보험 신규 가입 중단…가계대출 조이기 확대": 1782409902.3065743,
"미국, 7년물 국채 44억 달러 경매…수익률 4.26%": 1782408926.1641781,
"미래에셋 형사 무죄에도 공정위 과징금 44억 유지": 1782408886.9672542,
"크래켄, 디파이 대출 플랫폼 에이브 15% 지분 인수 협상 중": 1782408671.3289618,
"21셰어즈, 2026년 암호화폐 전망 하향 조정…기관 채택 증가에도 가격 목표 내림": 1782408015.162096,
"텐서X·솔스티스, 유럽 주권형 AI 인프라 겨냥 10억 달러 금융 추진": 1782407957.4006407,
"한국 재정경제부, 7월 국고채 16조원 규모 발행 계획 발표": 1782407910.917292,
"소폰, 레이어2 블록체인 종료하고 베이스로 이전…소비자 앱 개발 추진": 1782407877.2629569,
"a16z 지원 암호 기업, 스토리 프로토콜에서 신규 브랜드로 리브랜딩…AI 데이터 라이선싱 추진": 1782407843.5522513,
"JP모건, 제이미 다이먼 CEO 후계 구도 최종 국면…2인 공동사장 체제 돌입": 1782407784.1215525,
"베이스 블록체인 '안전하지 않은 헤드 정지' 장애…블록 생성 중단": 1782407749.5094647,
"크래켄, 메이플과 온체인 창고시설 출시…기관 대출 사업 확대": 1782406951.1368883,
"미국, 호르무즈 해협 통행료 부과 협상 불가 입장 재확인": 1782406899.0475333,
"도쿄증권거래소, 11월까지 주문 처리 능력 두 배 확대": 1782406852.8913949,
"한국은행, 통화안정증권 7조원 규모 발행 계획 발표": 1782405939.55599,
"한국 당국, 빗썸에 13만6000달러 과태료 부과…해외 거래소와 개인정보 공유 위반": 1782405094.2553337,
"국제유가 급락에 국내 국고채 금리 전 구간 하락": 1782405050.5797396,
"미 달라스 연방은행, 핵심 PCE 지수 2.8% 기록…인플레 가속 신호": 1782404138.9889884,
"美 로펌, 스트래티지 증권법 위반 조사 착수…집단소송 추진 검토": 1782402339.518334,
"미국·폴란드·태국, 디지털자산 범죄 국제 공조 수사 강화": 1782401450.2670863,
"이스라엘-레바논 협상 교착, 점령지 완충지대 유지 고집": 1782400676.942564,
"스토리 프로토콜, 데이터 파운데이션으로 리브랜딩…AI 데이터 공급 전환": 1782400621.3553877,
"월스트릿, 암호화폐 기업을 AI 인프라 가치로 평가": 1782400577.9109514,
"코스피, 마이크론 강세에 반도체 심리 회복…5% 급등": 1782400545.3024592,
"서울행정법원, BRV 계열 해외법인 법인세 90억원 취소 판결": 1782399652.0954611,
"스테이블코인 검색 수요 54% 급락, 공급 증가세 멈췄다": 1782398744.7969518,
"찰스 슈왑, 비트코인 거래 서비스 공식 출시": 1782397850.095685,
"이라크, 유가 쿼터 인상 없으면 오펙 탈퇴 경고": 1782397001.118963,
"유니스왑·스팍, 스테이블코인 외환 거래소 구축 추진": 1782396943.944275,
"ASP 아이소토프, 노블 아프리카-ENDRA 라이프사이언스 합병 추진…약 5000만 달러 유상증자 병행": 1782396201.6884818,
"어도비, AI 기업 토파즈 랩스 인수 합의": 1782396165.8790753,
"중국 감사 당국, 국유은행들 탈세·부실 대출 적발…금융 통제 강화 신호": 1782396106.1075034,
"크래켄, 암호화폐 파생상품 회사 파워트레이드 상대 소송 제기": 1782396061.3385682,
"미국 PCE 인플레이션 예상 하회, 채권 수익률 하락·달러 약세": 1782395210.4479482,
"메타, 생성형 AI로 콘텐츠 검토 업무 자동화 확대…인력 재편 가속": 1782395149.333383,
"폴리마켓 월드컵 베팅 이용자의 60%, 처음 암호화폐 사용": 1782394359.5476692,
"미국 가상자산 규제법 '클래리티 법안' 통과 일정 불투명": 1782394320.92648,
"폴란드 암호화폐 SIM 스왑 공격 용의자 4명 체포": 1782394265.4678524,
"미국 1분기 GDP 2.1%로 상향 조정…예상치 0.5%p 상회": 1782393412.889629,
"코스피 반등 속 신용투자자 1천억원대 강제 반대매매…신용거래 리스크 부각": 1782393378.354615,
"SBI홀딩스, 비트뱅크 2억8860만 달러에 인수…일본 최대 암호화폐 거래소 탄생": 1782393347.5529003,
"유럽경찰청, 정보 탈취 악성코드 단속…암호화폐 4700만 달러 동결": 1782392499.9927986,
"유니스왑·스팍, 스테이블코인 외환 거래소 구축…1억5000만 달러 유동성 이관": 1782392460.2553153,
"미국 5월 근원 PCE 전년비 3.4%…예상치 부합": 1782391582.7395105,
"인도네시아·EU, 동시 암호화폐 규제 강화…무허가 시장 정리": 1782391542.8179991,
"바이낸스, 7월 1일부터 EU 신규가입·서비스 제한": 1782390708.9704273,
"Circle과 노무라, 일본 외환결제 사업 추진": 1782390650.432243,
"쿠날 샤, 메타 왓츠앱 글로벌 최고경영진으로 임명": 1782389743.512602,
"Circle·노무라, 일본 기업 스테이블코인 기반 외환결제 서비스 추진": 1782388853.6692262,
"중국 정유사, 이란산 석유 수입 재개 검토 중": 1782388051.655457,
"오만, 호르무즈 해협 통행료 부과 없음 재확인": 1782387998.1944275,
"정부, 새출발기금 채무조정에 가상자산·비상장주식 포함": 1782387946.6499023,
"머크 KGAA, 바이오테크 113억 달러에 인수…바이오테크 주가 급등": 1782385355.0663757,
"SBI홀딩스, 일본 암호화폐 거래소 비트뱅크 2억8860만 달러에 인수": 1782385302.8879576,
"코인엑스, 이란 제재 대상 암호화폐 기업과 38억 달러 거래 의혹 부인": 1782385260.7227304,
"SK하이닉스, 나스닥 ADR 7월 10일 상장 결정…신주 2.5% 발행": 1782384338.776933,
"칼시, 10억 달러 조성 후 수주 만에 400억 달러 밸류에이션 추진": 1782383450.1532953,
"미국 신용협동조합 3곳 스테이블코인 시장 진출": 1782382542.548365,
"와이즈키-씰스큐, 5억7500만 달러 규모 합병 특수목적회사 설립": 1782381773.0896964,
"Iran-linked entities moved $3.8B through CoinEx, TRM says": 1782381719.1601274,
"크래켄, 메이플과 온체인 창고시설로 장외 대출 확대": 1782381658.327833,
"마이크론, 강한 실적으로 시전 16% 이상 급등": 1782380796.5284243,
"태국, 불법 암호화폐 채굴 혐의 중국인 사업가에 체포영장 발부": 1782380748.589301,
"유가, 중동 공급 증가로 하락 지속": 1782379053.1504068,
"이스라엘, 레바논 남부 완충지대에서 부분 철수": 1782378996.2602267
}