{
"SBI펀드 IPO 앵커북 20배 청약, 캐피탈그룹·블랙록·골드만삭스·아부다비펀드 등 참여": 1784003492.8809648,
"원/달러 환율 1489.8원으로 두 달 만에 최저치 경신": 1784003453.6169658,
"FDA, 바이오젠 알츠하이머 치료제 피하주사 제형 승인": 1784002541.7729607,
"중국 6월 무역데이터 예상 크게 상회, AI 수요 급증이 주효": 1784000781.3490322,
"미 정부, 압수 비트코인·이더 2억9700만달러를 코인베이스 프라임으로 이전": 1784000736.1937842,
"크라켄, 아비트럼 네트워크에서 USDT·USDC 지원 개시": 1783999853.444298,
"중국 6월 수출 27% 증가, 예상치 초과": 1783998983.7377582,
"리드 스미스, MiCA 규제 준수 자동화 플랫폼 아쿠아리우스 출시": 1783998945.2620773,
"쿠코인, BIO 프로젝트 토큰 언리스팅 예정": 1783998116.4018893,
"미국 상장기업 96%가 순부 창출 실패…극소수 기업에 부의 창출 집중": 1783998062.4662964,
"쿠코인, 모네로(XMR) 네트워크 업그레이드 지원": 1783997277.0010202,
"유가 1개월 고점까지 상승, 호르무즈 해협 미·이란 충돌 격화": 1783997232.8806949,
"SEC, 암호화폐 규칙 제정 본격화…브로커·수탁 기준 명확화 추진": 1783997173.333958,
"상반기 단기사채 발행액 990조원 돌파, 기업어음 대체 가속": 1783997139.92011,
"미 상원 일정 재개, 암호화폐 CLARITY법안 입법 시기는 여전히 불투명": 1783996251.5461676,
"호주 6월 비즈니스 신뢰도 -5로 상승, 기업 경기 개선 신호": 1783995421.0472403,
"로빈후드, 체인링크 CCIP 채택해 토큰화 자산 인프라 강화": 1783995373.9401064,
"리페이 홀딩스, 포레거 캐피탈의 주당 5.25달러 인수 제안 거부": 1783995338.9188256,
"피델리티 펀드, 체인링크로 NAV 온체인 공개": 1783994462.3305812,
"카르다노 창립자 호스킨슨, 이탈설 공식 부인": 1783993646.5486264,
"BNB체인, AWS 연동 AI 에이전트 개발 스튜디오 로드맵 공개": 1783993586.891926,
"미 법집행 단체, 암호화폐 규제 클래리티법 지지…수정 촉구": 1783993539.3492444,
"미국, 이란 선박 해상봉쇄 재개…호르무즈 해협 통행료 20% 부과": 1783991733.9822388,
"오리온 목표주가 상향…해외 법인 실적 호조로 주목": 1783990855.2695086,
"볼리비아, USDT를 법정통화 수준으로 인정 검토 중": 1783989938.3819604,
"트럼프 '호르무즈 통행료' 발표에 유가 배럴당 80달러 상승…뉴욕증시 약세": 1783985509.2732484,
"바이낸스, 고팍스 고파이 피해 보상 방안 검토 중…한국 진출 추진": 1783985454.6661327,
"SUI 기반 DEX 블루무브에서 70만개 토큰 유출…해킹 vs 내부자 논쟁": 1783984642.5512419,
"美 스팩 TAVI, 비타 기업과 디스팩 합병…나스닥 상장 추진": 1783984586.6493514,
"바이낸스, 주식·실물자산 거래로 확장…금융 슈퍼 앱 전환": 1783984541.8412206,
"뉴질랜드 기업신뢰도 반등도 비용 압력 높아져 중앙은행 정책 경로 불확실": 1783982446.8027058,
"미국 대형은행 투자은행 수수료, 2026년 2분기 111억달러로 4년 반 만에 최고 전망": 1783982410.4223597,
"프랭클린 암호자산 CIO, 암호화폐 가격이 펀더멘털과 괴리 지적": 1783981853.9597528,
"호르무즈 해협 선박 공격으로 승무원 실종, 수색 진행 중": 1783980986.70278,
"후티 반군, 사우디아라비아 향해 미사일 발사…4년 휴전 깨져": 1783980938.7332075,
"리드 스미스, MiCA 규정 준수 자동화 도구 '아쿠아리우스' 출시": 1783980102.9316242,
"중동 긴장으로 유가 급등, 미 국채금리·달러 강세…금은 4000달러선 아래로": 1783980062.4013824,
"리플 CEO, XRP는 SEC 증권론과 무관…오픈소스라 통제 불가": 1783978665.3873718,
"SK하이닉스 ADR 급락에 토큰화 증권도 동반 하락": 1783978255.0659852,
"뉴질랜드 중앙은행, 3년 만에 기준금리 인상": 1783977507.0676234,
"미군, 이란 잠수함·함정정비시설 공습": 1783977454.983755,
"금감원, 전산장애 빈번한 금융사 맞춤 점검 착수": 1783977399.519191,
"코인베이스 벤처스, 상반기 암호자산 VC 투자 1위 기록": 1783977343.3635404,
"유가 배럴당 71.91달러로 급락, 중동 지정학 우려에도 약세": 1783976656.4416647,
"캐나다 6월 고용 예상 초과…USDCAD 하락": 1783976595.8813393,
"트럼프 '휴전 종료' 발언에 달러 강세, 위험회피 심화": 1783976537.9517148,
"마이크로스트래티지, 주식 4억6670만달러 조달…비트코인 보유량 유지": 1783976498.8373928,
"뉴햄프셔주, 비트코인 준비금에 이어 '블록체인 기본법' 서명": 1783976467.479355,
"DP 월드, UAE 동부 항구 개발 추진…호르무즈 해협 우회": 1783975568.6154892,
"이란-미국 휴전합의 왜 틀어졌나…외교 분석": 1783975516.1049616,
"SK하이닉스 ADR, 나스닥 상장 나흘 만에 12.7% 데뷔 프리미엄 소멸": 1783975465.7986944,
"하이퍼리퀴드 HIP-3 시장, 연초 2%에서 현재 50%까지 선물 거래량 확대": 1783975420.4718106,
"미 민주당, 암호화폐 클래리티법 반대 강화…트럼프 암호자산 규제 미비 지적": 1783974759.9109046,
"한국 연금저축 해지 62.7% 급증, 주식시장으로 자금 이동": 1783974706.0948544,
"바이낸스US, 저수수료·신상품으로 시장점유율 20% 회복 목표": 1783974660.096788,
"테라울프, 앤스로픽과 190억 달러 AI 호스팅 계약 체결": 1783971936.3756497,
"이란 동부 반더압바스서 폭발 보도": 1783971841.1610289,
"SBI, 일본 첫 엔화 스테이블코인 대출 서비스 출시": 1783971808.9225304,
"리플, 룩셈부르크서 MiCA CASP 인가 획득": 1783971750.604271,
"미국 클래리티 법안 상원 복귀…연내 통과 가능성 50대50": 1783969369.1594496,
"미·이란 갈등으로 뉴욕증시 엇갈려…에너지주 강세, 기술주 약세": 1783969315.1006725,
"연준 이사 \"근원물가 재상승 시 추가 긴축 검토\"": 1783969268.9773166,
"미국 6월 연방 예산 적자 1200억 달러…예상치 하회": 1783968438.0096002,
"UN 해사기구, 호르무즈 해협 통항료 반대…트럼프 보호비 요구에 대응": 1783968387.381308,
"미 연준 금융감독 부의장, 금융 규제 개편 추진…AI 등 신기술 지원": 1783968340.651297,
"미국 6월 CPI·연준 발언·고용지표 이번 주 발표…암호화폐 시장 방향성 결정": 1783967456.0092468,
"트럼프 암호화폐 수익 논란, 미 클래리티 법안 표결에 영향": 1783965664.2265337,
"사우디아라비아 아바 국제공항 미사일 공격 보도, 유가 4.30달러 상승": 1783964738.714856,
"볼리비아, USDT를 국가 결제통화로 인정 검토": 1783963854.8183072,
"태국 중앙은행, USDT 포함 스테이블코인 거래 감시 강화": 1783962938.3772616,
"현대차, 테더 USDT로 미국-멕시코 간 국제결제 완료": 1783962166.525515,
"에릭 트럼프 \"비트코인 100만달러 달성할 것\"…기관 채택 가속화 강조": 1783962114.2967129,
"솔라나 기반 DEX 주피터, 온체인 포켓몬 카드 거래 지원": 1783962063.9418578,
"미즈호, 서클 OCC 승인에도 중립 유지…USDC 성장 둔화·경쟁 심화 우려": 1783961192.7001667,
"영국, 토큰화 금융 로드맵 공개…연 330억 파운드 경제효과 예상": 1783961142.1861212,
"미국-이란 긴장으로 국내 채권시장 금리 전 구간 상승": 1783960254.3406272,
"파키스탄, 암호화폐 제도권 편입 진행 중 종교적 합법성 논쟁 심화": 1783958479.9219263,
"트럼프 행정부, 상원에 암호화폐 명확성법(Clarity Act) 추진 재촉": 1783958434.6440969,
"캠브리지대, 이더리움 연간 전력소비 7.87기가와트시로 재추정": 1783957536.315243,
"바이낸스, SKHYB 토큰화 증권을 담보자산으로 추가": 1783956718.4550755
}