{
"트럼프 대통령, 이란에 대한 대규모 군사 공격 검토 중": 1784823098.3791368,
"베이스·옵티미즘, OP 스택에 네이티브 계정 추상화 추가…2026년 9월 메인넷 적용": 1784823039.9685416,
"미 민주당, 클래리티법 수정안에 트럼프 이해충돌 5대 허점 지적": 1784822990.5302465,
"SEC, 이더리움 조사 정보공개 소송 합의…변호사 비용 15만 달러 지급": 1784822514.6552866,
"코인베이스, AI 봇 결제 기능 출시…사업체의 에이전트 결제 수용 가능": 1784822459.4493494,
"클래리티법 진전, 비트코인보다 거래소·스테이블코인 수혜 집중": 1784821615.0372272,
"SEC, 코인베이스와의 게리 겐슬러 이메일 소송 합의…15만 달러 지급": 1784821572.715925,
"체인링크, BUILD 프로그램 종료 후 상업적 수수료 계약으로 전환": 1784821541.0128267,
"폴리마켓, 프랑스 웹사이트 차단에 맞서 법적 이의 제기": 1784820884.8170717,
"골드만삭스 CEO, 클래리티법 지지…스테이블코인 규칙 승인": 1784820849.354568,
"유니스왑, 토큰화 자산 규정 준수 거래 풀 출시": 1784820797.3534586,
"블랙록·코인베이스·스트래티지, 비트코인 양자 위협 대비에 1500만달러 투자": 1784820756.2545023,
"스마트웹, 비트코인 178개 매각해 전환사채 1170만달러 조기 상환": 1784820718.9904494,
"리플, 브라질에서 XRPL 생태계 확장 프로그램 시작": 1784820666.5702918,
"미 국채 수익률 상승으로 달러 강세, 유가·주가와 역행": 1784820066.2147248,
"캐나다 총리 카니, 미국과의 무역전쟁 방어 의지 표명": 1784820033.5604298,
"이란, 지정학적 긴장 고조로 적대행위 강경화": 1784819988.9172764,
"미국 30년물 물가채 실질금리 17년 최고 수준 근접": 1784819941.4013233,
"카자흐스탄, 채굴 전력 쿼터를 국가 준비금 기여와 연계": 1784819883.8977334,
"트럼프, 후티 재공격 시 이란에 군사 응징 경고": 1784819831.9545887,
"일본, 2028년까지 비트코인 ETF 승인 가능성": 1784819786.7440927,
"S&P·팬테라, 프로토콜 수익 기준 디지털 자산 지수 출시": 1784819754.622932,
"미 법무부, 반독점 거래 심사 속도 높인다": 1784819222.498306,
"미 상원 공화당, 클래리티 법안 수정안 공개...정치권 반응 엇갈려": 1784819170.280945,
"바이낸스 XRP 선물 미결제약정 급증, 레버리지 거래 재개": 1784819109.649347,
"번스타인, AI 전력난 속 비트코인 채굴사와의 제휴 필수 진단": 1784819050.5200834,
"무바달라캐피털, 토큰화 사모펀드 출시...코인베이스 참여": 1784819000.540122,
"RWA 토큰화, 실제 운영 단계로 진입...인프라 구축이 과제": 1784818948.7503734,
"비트멕스 운영 종료 발표, BMEX 토큰 90% 폭락": 1784818901.834762,
"암호화폐 업계 PAC, 미시간 경선에 100만 달러 투입": 1784818865.2598553,
"레바논과 이스라엘, 8월 4일 이탈리아에서 차기 협상 개최": 1784818090.9723577,
"카타르에너지, LNG 불가항력 선언 10월까지 연장…유조선 용선 확대": 1784818032.2018456,
"록히드마틴, 미국방부 무기 재고 보충으로 2026년 실적 전망 상향": 1784817999.9953895,
"미 신규 실업수당 청구 18.7만건, 예상치 크게 하회": 1784817941.3598948,
"월드코인, SEC 서류 공시로 상위 100개 지갑에 유통량 90% 집중 드러나": 1784817111.2492385,
"한국 정부, 스테이블코인 법제화·기관투자자 시장 진입 병행 추진": 1784817054.0170698,
"홍콩 거래소, 거래시간 연장 검토…아시아 금융허브 경쟁": 1784816226.4808018,
"블랙록·코인베이스 등 9개사, 비트코인 보안 컨소시엄 출범": 1784816188.6458292,
"미 상원 공화당, 클래리티 법안 초안 공개…공직자 암호화폐 거래 금지": 1784816141.820831,
"알버츠슨스 주가 급락, 식료품 소비 약세로 전년도 전망 하향": 1784815438.1582668,
"코인베이스, 싱가포르 인력 25% 확대 계획": 1784815358.464639,
"유니스왑, 토큰화 자산 거래를 위한 규정 준수 풀 출시": 1784815307.2632935,
"앤트로픽, 영국 FCA 샌드박스 2차 참여 기관에 클로드 AI 제공": 1784815272.501252,
"ECB, 에너지 가격 급등으로 9월 인상 논의...라가르드 2027년까지 물가 높은 수준 유지 전망": 1784814466.4518003,
"AI 기반 디파이 해킹 우려 현재는 과장돼 있지만 장기 위험은 증대": 1784814425.3914175,
"미국 실질금리 17년 최고점 도달, 비트코인 투자 매력 약화": 1784814394.2392366,
"거래소 자산 투명성, FTX 붕괴 이후 핵심 과제로 부상": 1784814340.1775308,
"스트래티지 주도 컨소시엄, 비트코인 양자내성화에 1,500만 달러 투자": 1784813656.012157,
"NH투자증권, 2분기 사상 최대 실적...영업이익·순이익 전년 대비 2배 가까이 증가": 1784813597.4250464,
"트럼프, 후티 재공격 시 이란 책임 경고...유가·금리·비트코인 동반 변동": 1784813542.3504682,
"신한투자증권, 상반기 순이익 123% 증가...주식 위탁수수료 호조": 1784813506.932176,
"SEC, 암호화폐 볼트·온체인 대출 상품에 증권법 적용 가능성 경고": 1784813451.1142194,
"파키스탄, 이란 전쟁 역할 후 미국 자금 지원 추진에 경제학자 회의적": 1784812712.4322164,
"플로우 트레이더스, 롬바드의 비트코인 담보 신용 전략 시범 운영": 1784812666.8652866,
"레이어제로·키타, 토큰화 은행예금 크로스체인 전송 지원": 1784812617.1949666,
"바이낸스, STOP THE TRAFFIK와 인신매매 대응 파트너십 체결": 1784812579.0282702,
"삼성전자·SK하이닉스, 외국인 매수에 3~5% 상승": 1784812545.8266613,
"미래에셋그룹, 코빗 지분 97% 확보…전통 금융의 암호화폐 시장 진입 가속": 1784811831.2268796,
"증시 조정 속 투자자 예탁금 5개월 만에 최저 수준으로 하락": 1784811780.9421058,
"비트멕스 종료 발표로 BMEX 토큰 90% 폭락": 1784811740.6323385,
"BNY, 미 국채 토큰화된 상품의 24시간 결제 추진": 1784811669.5681827,
"ECB, 기준금리 현 수준 유지": 1784810936.4752676,
"트럼프, 후티 공격에 이란 책임 추궁": 1784810893.7029223,
"비트겟, 뉴질랜드 금융서비스제공자 등록으로 현지 사업 확대": 1784810846.6556394,
"동남아 사기 조직, 연간 최대 1140억달러 손실 초래": 1784810788.6736493,
"6시간 내 3개 크로스체인 브리지 해킹, 3500만달러 유출": 1784810740.580318,
"트럼프 \"사우디 핵 협상, 우라늄 농축 제외\"": 1784809921.7223885,
"글로벌 벤처투자 메가딜 쏠림 심화": 1784809886.9447815,
"일리노이주 암호화폐 거래세 위헌 소송 제기": 1784809847.378869,
"WTI 유가 6주 만에 배럴당 90달러 돌파…달러·국채 수익률 동반 상승": 1784809049.2297993,
"아부다비 무바달라, 코인베이스 참여로 사모펀드 온체인화 추진": 1784809015.1139615,
"비트고·OTC마켓츠, 토큰화 증권 기관 거래 인프라 구축 협력": 1784808973.836311,
"삼성전기, AI 서버 부품 공급계약 체결…주가 7.66% 상승": 1784808941.6817255,
"IBM, 양자 기업 HRL 랩스 인수 추진": 1784808176.1539056,
"KB증권, 2분기·상반기 역대 최대 실적…영업이익 6천666억원": 1784808120.9708805,
"번스타인, 비트코인 채굴 기업과 AI 센터의 제휴 필요성 강조": 1784808084.9828396,
"미 상원 민주당, 클래리티법 윤리·투자자보호 강화 요구로 협상 난항": 1784808042.752981,
"폴리마켓, 프랑스 전국 차단 조치에 맞서 법적 이의 제기": 1784807993.1096733,
"미 상원 클래리티법 통합안 공개, 윤리·자금세탁 조항 여전히 협상 중": 1784807934.6554446,
"영국 10년물 길드 수익률 2개월 최고 5.08% 도달…인상 베팅 강화": 1784807330.4012094
}