{
"미국·이란 긴장 재고조, 에너지 시설 공격으로 유가 상승": 1784083683.8007078,
"중국 6월 소매판매 1.0% 증가, 산업생산 5.3% 증가로 예상 초과": 1784083640.735054,
"중국 2분기 GDP 4.3% 연성장, 예상치 하회": 1784083600.2300222,
"암호화폐 VC 투자, 초기 프로젝트 분산에서 소수 검증 기업 집중으로 전환": 1784083543.6850572,
"중국 신규 주택 가격 6월 전년비 3.3% 하락, 4년 연속 감소": 1784081771.4367685,
"크라켄, Tempo 네트워크에서 USDT0 입출금 지원 시작": 1784081737.4898062,
"Ark Invest, 서클에 1,400만 달러 투자하면서 로빈후드 주식 매각": 1784080861.4574146,
"Bitmine, 지난 분기 이더리움 스테이킹으로 4,600만 달러 수익": 1784080000.6259778,
"a16z 분석: 전통금융, 디파이보다 블록체인 기술 채택 선호": 1784079941.486189,
"이란 긴장으로 유가 공급 리스크 증가, 브렌트유 시장 구조 변화": 1784079049.7183363,
"솔라나 네트워크 업그레이드 소문 재부상, 혼잡 해소에 초점": 1784078223.9983828,
"베이커휴즈, 차트 인더스트리즈 인수로 수주잔고 331억 달러 기록": 1784078182.9416714,
"미국 물가 둔화에 국내 증시 반등": 1784078147.0068731,
"미국, 엔비디아 H200 중국 수출 제한적 허용 시작…미중 기술 통제 속 일부 공급": 1784077297.9748127,
"미국 4위 증권사 인터랙티브 브로커스, 스테이블코인 입출금 및 토큰 9종 거래 지원 시작": 1784077257.6914234,
"TxFlow, 예측시장 전용 채널 'Probly' 도입…L1 앱 전용 경로 실험": 1784076367.2824862,
"큐리오시스, 독일 머크와 5년 세포 이미징 제품 공급계약 체결": 1784076336.132402,
"미국 6월 CPI 3.5%로 예상 하회, 금리 인상 우려 완화": 1784075456.2846801,
"코인베이스, 전체 코드의 95% 이상을 AI로 작성 중": 1784074688.948698,
"미국 은행권, 상원에 스테이블코인 수익률 규정 수정 촉구": 1784074649.3489847,
"한국 상장사에 해외 기관투자자 지분 집중, 1년간 투자 건수 29.5% 증가": 1784074591.8409097,
"미국 6월 CPI 3.5%로 예상 하회, 트럼프 호르무즈 해협 관세 대신 투자협정 추진": 1784074543.640425,
"미 상원 민주당, 이란 전쟁 우려로 1조1500억 달러 국방법안 저지": 1784073688.6487722,
"펀투얼스, AI파이낸셜과의 인수 계약 종료": 1784073656.7639155,
"일본 로이터 탄칸 조사, 반도체·AI 수요에 제조업 심리 견조…중동 리스크는 상존": 1784072220.0994787,
"뉴질랜드 6월 소매판매 전년비 1.3% 증가, 전월 3.3%에서 둔화": 1784072186.3065064,
"체인알리시스, 미 연방법원 증거 기준 통과…온체인 분석 법적 신뢰도 높아": 1784071850.0352063,
"스트레티지, 비트코인 1만 5,400개를 약 15억달러에 추가 매입": 1784071160.6166968,
"비트마인, 이더리움 보유량 577만 개 돌파…전체 공급량의 4.8%": 1784071110.905723,
"트럼프 여론조사 지지율 42%, 이민·범죄 대응 강세·물가 대응 약세": 1784071054.9142373,
"트럼프, 무역조사 받는 한국 기업 투자사로부터 200만달러 수령…이해충돌 논란": 1784071004.3622773,
"국제 유가 급락으로 6월 수입물가 3년 반 만에 최대 낙폭": 1784070945.0192766,
"국내 현물 ETF 도입, 자본시장법 개정 필수": 1784069142.8848488,
"중국, 2030년까지 소매판매 60조 위안 목표 신규 소비 계획 발표": 1784068924.2711086,
"워런 버핏, 20년 간 지속한 게이츠재단 기부 올해 중단": 1784068884.962104,
"기준금리 0.25%포인트 인상 시 주택담보대출 차주 연간 이자 부담 1조8천억원 증가": 1784068258.727975,
"터키 할크은행 미국 조사 핵심 증인, 수감 면제": 1784067446.401842,
"2018년부터 잠든 비트코인 고래 지갑, 3,000BTC 이동…약 1억8800만달러": 1784067412.494937,
"비즐라 로열티스, 엘레멘탈 로열티에 3억2700만 캐나다달러에 인수…주주총회 승인": 1784067379.7786293,
"뉴욕증시 반도체주 랠리…인플레이션 완화 기대로 나스닥 0.9% 상승": 1784067346.2769964,
"영국, 디파이 과세 방식 개선…건조세 폐지하고 실현 이익 기준 도입": 1784066462.884024,
"미 상원, 클래리티법 표결 8월 10일 전 추진…윤리 문제로 상원의원 3명 반대": 1784065275.8693,
"IBM, 2분기 실적 전망 하향 발표…주가 25% 급락": 1784064660.0438793,
"비트코인 담보대출 기업들 추가 예치 속출…유동성 리스크 증가": 1784062949.9414718,
"이더리움 재단 프라이버시팀, 이쓰시스템즈로 독립…기관투자자 향 컨설팅": 1784062900.7567842,
"CFTC, 미시간 법원의 칼시 거래 취소 명령 저지": 1784062865.1432257,
"트럼프, 이란·헤즈볼라를 러시아 제재법안에 추가될 것으로 전망": 1784061930.1770442,
"스테이블코인 인프라 스타트업 벨로시티, 3,800만달러 펀딩": 1784061055.474391,
"미국·영국 재무부, 토큰화·스테이블코인 규제 정렬": 1784059258.1851063,
"암호화폐 지갑 확장프로그램 85개, 사용자 개인정보 유출 취약점 발견": 1784058372.0346642,
"중국 AI 기업 딥시크, 연내 IPO 추진…기업가치 710억달러": 1784058340.9551833,
"루시드, 파산 검토 보도에 주가 급락…회사 부인": 1784056668.5738192,
"CFTC, 미시간 예측 시장 거래 인정 명령…주 규제당국과 갈등 심화": 1784056625.3729818,
"SWIFT, 토큰화 결제 상용화…리플 XRP는 미포함": 1784056582.3529592,
"미 6월 CPI 3.5% 상승, 5월보다 둔화": 1784056540.914638,
"미 상원 민주당 의원들, 클래리티법을 '부패한 법안'이라 비판": 1784055657.8163426,
"카르다노 재단, 에머르고의 TOKEN2049 운영 인수": 1784054736.176446,
"금투협·증권사, 단일종목 레버리지 ETF 규제 강화": 1784053861.3542676,
"미 상원 클래리티법 협상 난항, 트럼프 디지털자산 둘러싼 윤리규정 논쟁": 1784052679.3084276,
"IBM 2분기 실적 부진으로 장중 26% 급락, 시총 720억달러 증발": 1784051182.640414,
"바이낸스, 스테이블코인 기반 결제·금융서비스로 슈퍼앱 전략 강화": 1784051138.7857435,
"영국 정부, 암호화폐 대출·유동성풀 예치에 자본이득세 연기 적용": 1784050255.604625,
"트럼프, 이라크와 대규모 거래 추진…석유 채굴 계획": 1784049440.6205041,
"일본 JCB, 서클과 양해각서 체결…USDC 결제 시스템 공동 연구": 1784049396.0271869,
"미즈호증권, 서클 투자의견 하향…USDC 수익성 압박 우려": 1784049350.2691405,
"알라이드 골드, 짜이진에 40억 달러 인수 에티오피아 승인": 1784048218.8859081,
"클린스파크, 조지아 데이터센터 20년 임차 계약 체결": 1784046687.2164311,
"미국과 영국, 토큰화 자산 규제 통일 추진": 1784046655.3697498,
"트럼프, 호르무즈 해협 20% 관세 안 건다…유가 하락": 1784045781.6034305,
"상장사 비트코인 보유 전략 엇갈려…보유·매도 나뉨": 1784045741.4403577,
"미 상원, 암호화폐 규제법 'CLARITY Act' 4주 내 표결 추진": 1784044154.025602,
"갤럭시, Aave·Morpho 등 DeFi 금리 통합한 암호화폐 대출 상품 출시": 1784043942.9998574,
"한국 국고채 전 만기 금리 일제히 상승": 1784043056.0389376,
"비트코인 기술 분석: OP_CHECKSIGFROMSTACK·OP_CAT로 거래 구조 검증 가능": 1784042367.349917,
"우버, 딜리버리 히어로 인수 고도화 협상 중": 1784042326.5824738,
"앙커리지 디지털, 기관투자자 대상 트론 네이티브 토큰 스테이킹 지원 확대": 1784042283.9648886,
"영국, DeFi 대출·유동성풀 예치에 자본이득세 연기 적용": 1784042247.4807725,
"벤치마크, 허트8 목표주가 165달러로 상향…AI 데이터센터 계약 168억 달러 평가": 1784042205.2864308,
"트럼프, 호르무즈 해협 안전 보장 대가로 걸프국 투자 확대 추진…기존 관세 철회": 1784042149.493262,
"이더리움 재단 스핀아웃 기업 이쓰시스템즈, 블록체인 프라이버시 기술로 은행 공략": 1784041305.0702724
}