{
"스테이블코인, 보안 위협 확대…제재 회피 인프라로 악용 심화": 1782474338.9608533,
"미 중재기업, AI 거래용 '법적 체계' 도입": 1782473532.0251317,
"폴란드 암호화폐 거래소 칸가, 라트비아에서 MiCA 라이선스 획득": 1782473498.1038282,
"인도네시아, 암호화폐 추천 인플루언서 자격증 의무화": 1782473448.6728415,
"21Shares, 2026년 암호화폐 전망 하향 조정…인프라 발전은 가속": 1782472582.6502788,
"와이즈키, 양자내성 암호·위성·블록체인 통합 생태계 구축 추진": 1782472543.4298706,
"바이낸스, EU 서비스 중단 공식화…MiCA 인증 획득 실패": 1782471658.4567184,
"이란 제재 대상 기업들, 코인엑스를 통해 38억 달러 이동": 1782471108.6521661,
"서클과 노무라, 일본 기업 스테이블코인 기반 외환결제 사업 추진": 1782471052.0458603,
"스파크, 유니스왑에 1억 5천만 달러 스테이블코인 유동성 배치": 1782471001.1547701,
"폴리마켓 월드컵 베팅 참여자 약 60%, 암호화폐 신규 사용자": 1782470969.2922602,
"스토리 프로토콜, AI 전략 전환하며 DATA 재단으로 리브랜딩": 1782470911.9570086,
"월스트리트, 암호화폐 기업을 AI 인프라 가치로 평가하는 추세 확산": 1782470854.433215,
"빗썸, 해외 거래소와의 사용자 정보 공유로 13만 6천 달러 과징금 부과": 1782470802.168619,
"크라켄과 메이플, 온체인 암호화폐 담보 기관 대출 시설 출시": 1782470752.61063,
"영국 자산관리사 절반, 고객 암호화폐 투자 '인지하지 못함'": 1782470522.5923433,
"암호화폐 인프라 기업 BitGo, 직원 15% 감원": 1782470471.905113,
"스테이블코인X, 나스닥 상장 완료": 1782470424.0423472,
"코인베이스 베이스 네트워크, 약 2시간 중단 후 복구": 1782470363.1301742,
"폴리마켓, 해킹으로 290만달러 탈취…사용자 전액 보상": 1782470304.8928611,
"암호화폐 보관업체 BitGo, 전직원 15% 감원": 1782469942.9454195,
"바이낸스, EU 서비스 중단 결정…MiCA 인증 획득 실패": 1782469904.846913,
"NH투자증권, 일본·홍콩 주식 투자 진입장벽 완화": 1782469850.4613028,
"쇼일즈 테크놀로지스, 미 국제무역위원회 분쟁 승소·매출 74.9% 증가": 1782469035.9151955,
"USD.AI, 넥스젠 클라우드에 521억원 규모 GPU 담보 대출 제공": 1782468978.8879898,
"베이스 네트워크, 베릴 하드포크 6월 26일로 연기": 1782468944.290881,
"쿠코인, IPUSDT 무기한선물 상장폐지 예정": 1782466248.2683313,
"이란, 핵 검사관 접근 허용": 1782465444.7791672,
"FATF 총회, 디지털자산 규제 진화상 논의": 1782465400.7411933,
"코스피 8% 급락해 서킷브레이커 발동": 1782465344.6102133,
"ECB 5월 소비자기대 조사, 인플레이션 기대 하락·성장전망 개선": 1782463648.7862077,
"일본 SBI홀딩스, 암호화폐 거래소 비트뱅크 2억8900만달러에 인수": 1782463592.072336,
"국내 거주자 외화예금 5월 16억달러 증가, 달러화 중심": 1782463542.9985707,
"폴리마켓 해킹으로 290만달러 탈취, 사용자 전액 보상": 1782462647.7047572,
"5월 주택담보대출 금리 4.32%로 인상": 1782460853.4375384,
"인도, 지리 모그룹 산하 호스파워트레인 3억7000만 달러 투자 승인 추진": 1782459973.3176968,
"미 연준, 물가 지표 해석 두고 내부 논쟁…통화정책 불확실성 가중": 1782459942.5080533,
"미국 희토류 기업 리얼로이스, 미 육군과 공급망 협력 강화": 1782458141.4920282,
"중국 도피 환치기 주범 국내 송환 후 구속기소, 1100억원대 불법 환전": 1782457292.2075062,
"코스피 5.81% 급락해 8411에 마감, 서킷브레이커 연쇄 발동": 1782457251.6178467,
"미국, 달러 연동 스테이블코인 규제 프레임워크 'GENIUS Act' 발효": 1782455442.3300264,
"인도 중앙은행 통화정책위원, 올해 성장률 7% 이상 수정 가능성 언급": 1782454539.9333222,
"미국-이란 합의 이후 호르무즈 해협 선박 통행 재개": 1782452735.5421221,
"인도 550억 달러 규모 신재생에너지 프로젝트, 기후 재해 위험에 노출": 1782451951.795133,
"코인베이스 블록체인 베이스, 약 2시간 네트워크 중단 후 복구": 1782451899.8780773,
"솔메이트, 솔라나 재무 전략 전환 이후 주가 98% 폭락": 1782451845.9600146,
"이더리움 현물 ETF 순유출 8100만 달러, 블랙록 ETHA 주도": 1782450989.280884,
"제타체인, 스테이킹 시 이자와 AI 이용권 동시 제공": 1782450938.7659264,
"정부, 국제유가 하락에 석유 최고가격 인하 결정": 1782450055.7259648,
"소니픽처스, 거대 화면 스타트업 코즘에 1억 달러 투자": 1782449136.977201,
"아시아태평양 주식시장 큰 낙폭, 한국 코스피 8% 하락": 1782447377.964637,
"엑시온그룹, 코스닥 시가총액 미달로 관리종목 지정": 1782447336.1394093,
"스테이블코인X, 금요일 나스닥 상장 완료": 1782446485.060083,
"샤프링크, 8개월 만에 이더리움 5000개 매입": 1782446449.837898,
"미 정부, 오픈AI에 GPT-5.6 단계적 출시 제안…AI 모델 공개 과정 규제 강화": 1782445637.068359,
"a16z, 스테이블코인이 핵심 금융 인프라로 진화 중이라고 진단": 1782445588.682062,
"미 상원, 연준 CBDC 2030년까지 금지…민간 스테이블코인으로 무게중심 이동": 1782445549.0652592,
"쿠코인, 이더리움 네트워크 기반 네사(NES) 토큰 지원 개시": 1782444650.0952466,
"트럼프, 이란의 호르무즈 해협 통행료 부과 계획에 '받아들일 수 없다' 경고": 1782443741.365391,
"일본, 향후 14년간 2조3000억달러 규모 투자 계획 발표": 1782442854.6089265,
"코스피 1.65% 급락해 8,782까지 내려앉아": 1782441940.0219915,
"쿠코인, 이타카 프로토콜(ITHACA) 입금 서비스 일시 중단": 1782441089.9807389,
"스테이블코인 시총 3139억 달러, 온체인 전송액은 6조5400억달러 증가": 1782441048.8861182,
"쿠코인, 캡(CAP) 토큰 상장": 1782440174.0426574,
"아크 인베스트, 코인베이스·서클·로빈후드 등 암호화폐 관련주 추가 매수": 1782440139.560474,
"쿼럼소프트웨어, 에너지산업 AI 공급망 플랫폼 스트림바 인수": 1782439250.233009,
"올여름 전력수요 역대 최대 전망에 전력설비주 강세": 1782438336.2890975,
"폴리마켓, 외부 협력업체 해킹으로 300만달러 탈취…사용자 전액 보상": 1782437445.1292574,
"스페이스엑스 채권 발행, 글로벌 투자업계에서 시장 거품 신호 경고": 1782436541.3455615,
"하나증권, SK하이닉스 목표주가 275만원에서 360만원으로 상향": 1782434899.237937,
"스트래티지(MSTR) 주가 급락 속 \"2022년보다 재무 개선됐다\" 반박 제기": 1782434851.994818,
"암호화폐 인프라 기업 BitGo, 전체 직원의 15% 감원": 1782434793.5691156,
"중기부, 중기업 70곳에 2040억원 규모 회사채 발행 지원": 1782434746.6082847,
"삼기, 글로벌 휴머노이드 로봇 상체 프레임 개발사 선정": 1782433846.3292742,
"카메코, 26억달러 장기계약 체결…우라늄 공급망 확대": 1782432983.1847064,
"금·은 사상 최고가권 동반 상승…온스당 금 4013달러, 은 57.56달러": 1782432938.5213425,
"미국, 중국 기술 제재로 지리/폴스타 2027년부터 미국 시장 진입 차단": 1782431255.907849,
"머스크, X 슈퍼앱 구상 본격화…X머니 서비스 확대": 1782431201.0320868,
"정부, 2026년 하반기 전기·가스 요금 동결 결정": 1782431142.5648181,
"비트코인 L2, DeFi 채택 확대 과제 대두": 1782430247.351149
}