{
"트럼프 행정부, 의회에 876억 달러 추가 예산 요청…이란 관련 사항 포함": 1782344738.0442388,
"도이체뱅크, 연준 추가 인상 시 금값 3800달러까지 하락 가능": 1782343843.9103913,
"호르무즈 해협 석유 흐름 정상 수준 회복, 미 에너지 장관 확인": 1782343092.3404133,
"일본은행 인상에도 엔화 약세 지속, 개입 위협이 낙폭 억제 중": 1782343035.9218578,
"여당, 내년 디지털자산 과세 시행 예정 유지 입장": 1782343003.939603,
"캐나다 핀테크 테넷, OSC 지적 반영해 재무공시 대폭 수정": 1782342947.933367,
"캔터 계열사-BSTR 합병 주주총회 연기, DAT 열풍 식는 중": 1782341140.2980225,
"달러 1년 만에 최고 수준, 금은 4000달러선 붕괴": 1782338452.167222,
"Kalshi Sues Illinois Over New State Tax on Sports-Related Prediction Markets": 1782337596.6720045,
"비트코인 채굴자 20% 수익성 악화, 채산 이하 상황 심화": 1782337542.3279672,
"트럼프 대통령, CBDC 금지 조항 포함 주택법안 서명 연기": 1782336648.8935926,
"미국 연준, 대형은행 32곳 스트레스 테스트 모두 통과": 1782335856.485018,
"FTX 임원 부인, 11월 캠페인 재정 위반 혐의 재판 일정 확정": 1782335802.0212674,
"리플, 룩셈부르크에서 암호화폐 서비스 라이선스 예비 승인 획득": 1782335746.4797513,
"블록체인닷컴·쿠코인, 신흥시장 결제 네트워크 확대": 1782334854.3697908,
"스탠다드차타드, 에이브의 RWA 토큰화 확대에 따른 성장성 평가": 1782333941.3272276,
"미국, 쿠웨이트 대사관 재개관…이란 공격 이후 수개월 만": 1782332182.0448964,
"미국 국무장관 루비오, 페르시아만 안보 훼손 금지 선언": 1782332141.5377192,
"예측시장 업체 칼시, 400억 달러 기업가치 목표…경쟁사 폴리마켓 추월": 1782331346.1042204,
"미 상원의원 루미스, 클래리티 법안 7월 상원 본회의 상정 예정": 1782331299.7784228,
"이더리움 재단 인사 변화, 업계 주요 인물들 긍정적 반응": 1782331254.542895,
"미 의회, 암호화폐·핀테크 기업 대상 연방준비제도 '스키니 계좌' 접근권 논의": 1782330396.168194,
"칼시, 일리노이 예측시장 규제법 소송 제기": 1782330339.5558882,
"브리지워터 창립자 달리오, 미국 중심 세계질서 급속 변화 경고": 1782329447.7068417,
"물리학자, 마이크로소프트 양자칩 토폴로지 큐빗 검증 부족 지적": 1782328540.7131863,
"JP모건, S&P 500 연말 목표치 7,800으로 상향 조정": 1782327660.5081806,
"홈플러스, 회생자금 부족으로 이달 말 파산 위험…정부 긴급지원 요청": 1782326846.319936,
"오픈AI, 자체 개발 AI 칩 '할라피뇨' 공개…브로드컴과 공동": 1782326786.3661282,
"펌프펀, 최고법무담당자 신규 채용…연봉 500만달러 규모": 1782326746.346338,
"Superstate 공동창립자, 온체인 수익 접근성 확대 플랫폼 '그라운드'에 360만달러 시드펀딩 유치": 1782325847.2643418,
"유가 하락으로 미국 항공사 주가 상승": 1782325103.0433285,
"금융당국, 부실 공시 기업에 과징금·감사인 지정 조치": 1782325042.752754,
"스페이스X, 250억달러 회사채 발행 성공…목표 초과 수요": 1782325000.826912,
"해치텍·니어스랩·스카이랩스, 코스닥 상장예비심사 통과": 1782324945.0460377,
"호르무즈 해협 재개방 합의로 유가 급락, 브렌트유 배럴당 74달러 붕괴": 1782323147.7050574,
"미국 재무장관 베센트, 2026년 GDP 3% 성장 전망…예측시장 거래자들은 회의적": 1782322434.6428552,
"암호화폐 지지 PAC, 미국 3개 주 예비선거에서 800만 달러 투자로 후보 당선": 1782322392.6877065,
"아서 헤이즈 \"AI 버블 붕괴 후 유동성 확대…비트코인 100만 달러 도달 가능\"": 1782322333.4508214,
"바이낸스, 그리스 MiCA 규제 신청 철회…EU 내 대체 라이선스 추진": 1782322291.5617416,
"가짜 암호화폐 인플루언서, 텔레그램 스테이킹 사기로 140만 달러 적발 후 징역 15개월": 1782322254.312047,
"a16z 지원 블록체인 데이터 스타트업 캄브리안, 600만 달러 시드 펀딩 조성": 1782321385.8220608,
"정부, 다주택자 대상 세제 개편 검토…종부세 강화 추진": 1782321347.7057052,
"비겐 인터랙티브, 자회사 비겐 커넥티드 매각 독점 협상 진행": 1782320603.416209,
"미국 기술업계 감원 확대, 루시드 1500명 추가 감원": 1782320554.8078246,
"SK하이닉스, 나스닥 ADR 상장 추진…최대 45조원 신주 발행": 1782320518.9645474,
"2026 월드컵 개막 후 예측시장 거래량 폭증": 1782320464.0651739,
"트럼프, 이란이 호르무즈 해협 통행료 미청구 확인": 1782319640.1091893,
"금과 은 2026년 이후 최저가로 하락": 1782319583.7790356,
"미국 예측시장 규제, 연방 통일 기준 여론이 우세": 1782319547.230504,
"스웨덴 상장사 H100, 주주승인으로 비트코인 보유 3배 확대 인수 추진": 1782318651.3034897,
"한국 관계자, 미국 SEC와 만나 통일된 암호화폐 규제 논의": 1782317777.6504,
"바이낸스, EU 라이선스 확보까지 1주일 남음…그리스 신청 철회": 1782317745.6090853,
"미국 신용조합, 스테이블코인 인프라 파일럿 프로그램 참여": 1782316855.517203,
"이스라엘, 남부 레바논 주둔 유지 고집…루비오 국무장관 이란 협상 옹호": 1782316049.271633,
"스포츠 베팅 앱 오닉스 오즈, 크라켄 모회사 페이워드 주도로 2000만달러 투자 유치": 1782315995.7025232,
"한국 채권시장 장기물 금리 상승, 30년물 국채 입찰 앞두고 경계": 1782315944.8458338,
"트럼프, CBDC 규제 포함 주택법안 서명 취소": 1782315049.017152,
"바이낸스, MiCA 규제 지연 속 유럽 사업 지속 강조": 1782314196.2912173,
"리플 에스크로 해제 방식 놓고 논쟁 가열": 1782314141.2289631,
"유엔 대피 계획 하 호르무즈 해협 해운 재개": 1782313359.5087922,
"이탈리아, NATO 사무총장 루테의 이란 전쟁 관련 발언에 항의": 1782313306.6307936,
"미국 원유 재고 610만배럴 감소": 1782313258.671468,
"미국 5월 신규주택 판매 7.3% 감소, 예상치 대폭 하회": 1782312417.5869966,
"스탠더드차터드, 에이브 2030년까지 50배 상승 가능성 제시": 1782312380.4260528,
"Kalshi, 예측시장 규제 법안에 대해 일리노이주 소송 제기": 1782312346.9912996,
"폴리마켓 지원 플랫폼, 예측시장 내부자거래 적발 기술 개발 투자금 150만 달러 유치": 1782311600.5971434,
"2026년 디파이 TVL 39% 급락, 시장 침체와 해킹 사태 영향": 1782311556.6180692,
"이차전지 기업 금양, 한국거래소 상장폐지 결정에 법원 제동 신청": 1782311515.2371216,
"미국 5월 신규주택 판매 7.3% 감소, 재고공급기간 10개월 초과": 1782311455.005606,
"스트래타, 심폐이식 국가회복 프로그램 인수로 장기이식 사업 확대": 1782310584.3484554,
"비트코인 ETP 순유출 심화, 1년 롤링 기준 사상 처음 마이너스 전환": 1782310542.972183,
"中 암시장서 엔비디아 AI 반도체 가격 2배 이상 급등": 1782309707.0992787,
"美 법집행기관, 클래리티법 반대…통과 가능성 41%로 급락": 1782309657.4696367,
"크렘린, 미국과 우크라이나 관련 협상 재개 가능성 시사": 1782308848.9070387,
"퀄컴, AI 스타트업 모듈러 인수…데이터센터 소프트웨어 스택 강화": 1782308788.230793,
"크라켄 인큐베이팅 'Ink', 옵티미즘 OP 엔터프라이즈로 인프라 전환": 1782308746.9585462,
"쿠코인, 완체인(WAN) 입출금 서비스 일시 중단": 1782307902.3650923,
"바이낸스, 그리스 규제 신청 실패 시 EU 내 다른 국가 라이선스 추진": 1782307853.2640684,
"미국 1분기 경상수지 적자 226.8억달러…예상치 상회": 1782307041.954866,
"스탠덱스, 매출 8% 성장·247분기 연속 배당": 1782307005.3174736
}