{
"한국은행, 부실대출 급증 진단…중소기업·서비스업 중심 금융안정 위험": 1782279045.8691533,
"미 CFTC, 켄터키주 상대 소송… “연방 규제 예측시장에 주정부 개입 안 돼”": 1782278274.4871602,
"외국인 투자자, 올해 국고채 175억달러 순매수…주식은 지속 매도": 1782278242.5893457,
"큐엑소, 탑빌드를 170억달러에 인수": 1782278191.0810924,
"아이콘, 올해 안에 네트워크 가동 중단…소닥스로 전환": 1782278141.8403578,
"트럼프 대통령, 석유회사의 과도한 휘발유 가격 인상에 사법부 조사 지시": 1782276395.972326,
"카르다노, '레이오스' 테스트넷 6월 23일 가동…처리량 최대 65배 확장 목표": 1782276338.1276023,
"미 상원 민주당, 트럼프 가족 암호화폐 거래 청문회 촉구": 1782275552.8763938,
"암호화폐 채용 시장 위축 지속, 컴플라이언스 직무만 증가": 1782275496.9919765,
"한국은행, 금리 인상이 중장기적 금융안정 요인": 1782275448.332286,
"유럽연합 및 독일·네덜란드·그리스, 미국 AI 공급망 협의체 '팍스 실리카' 합류": 1782272771.4952884,
"BNB 재정관리사 CEA Industries, YZi Labs와 분쟁 종료…이사진에 Zhang 입성": 1782272738.517131,
"스타크웨어, 개인정보 유출 방지하는 '프라이빗 KYC' 도입": 1782271844.1293242,
"암호화폐 정치활동위원회, 미 의회 친암호화폐 후보 지원으로 메릴랜드 승리": 1782271047.1912935,
"금융당국, 은행의 중소기업 지원 평가 제도 시범 시작": 1782270998.024528,
"S&P500 재편…허니웰 에어로스페이스 편입, 자누스헨더슨 대형 인수 거래": 1782270946.3133836,
"삼성전자 목표주가 상향, 2분기 영업이익 전망 상향": 1782270047.7723036,
"암호화폐 채용 시장, 컴플라이언스·인프라 직무로 수요 재편성": 1782269140.2917504,
"호주 5월 인플레이션 발표, 헤드라인 4.0% 예상 4.3% vs 코어 3.6% 예상 3.5%": 1782268309.8711393,
"CBOE, 예측시장 상품 출시": 1782268252.6963243,
"버라이즌, 다우지수에서 제외…알파벳으로 대체": 1782267341.6991332,
"두산로보틱스, 정부 로봇·AI 정책 보고회 참석 기대로 강세": 1782266504.3645022,
"원/달러 환율 1,534원선으로 하락, 외환당국 개입 우려 반영": 1782266454.915478,
"앤스로픽 AI 모델, 미국 보안 시스템 취약점 적발…트럼프 행정부 사용 제한": 1782265598.751418,
"대신증권, 미 연내 금리 인상 가능성 낮다고 진단": 1782265538.8818023,
"일본 5월 서비스 부문 생산자 물가, 운송비 상승으로 3.3% 유지": 1782263799.2292542,
"글로벌 M2 공급량 120조 달러 유지, 최근 7주 증가율 마이너스에서 플러스로 반등": 1782263740.853211,
"미 의회, 중앙은행 디지털화폐(CBDC) 금지 법안을 트럼프에 송부": 1782262852.1055646,
"디센트, 스퀴드와 기술 연동 완료…XRP 얼라이언스 2차 프로젝트 가동": 1782261947.2730145,
"미 상원, 하원에 이어 이란 전쟁 중단 투표 추진…트럼프와 대립": 1782261157.777952,
"삼기, 글로벌 로봇 기업 휴머노이드 로봇 프레임 개발사로 선정": 1782261108.3166764,
"크립토퀀트, 스트래티지에 비트코인 매수 중단·현금 확충 촉구": 1782261050.423289,
"이퀴녹스 골드, 오를라 마이닝과 185억 달러 합병…북미 금광 통합": 1782260192.421642,
"미국 반도체 지수 하루 7.9% 급락, AI 투자 수익성 의문과 금리 인상 우려로": 1782260143.245925,
"미 상원, 2026년 가을 디지털자산 세제 법안 공개 예정": 1782259254.0553894,
"원화 스테이블코인 사업화 가속, 은행·핀테크 경쟁 돌입…성패는 가맹점 확보에 달려": 1782258386.753761,
"한국 증시 MSCI 선진국 지수 편입 올해도 무산, 정부 외환·자본시장 개혁 추진": 1782258343.1471844,
"이더리움 스테이킹 세금 논쟁, 오프체인 개발 펀딩으로 해결 방향": 1782257447.1998725,
"비트마인, 이더리움 전체 공급량의 5% 보유한 '트레저리 기업'으로 주목": 1782256598.854961,
"스페이스X 첫 회사채 발행, 채권시장 투자자 신중한 평가": 1782256547.1873708,
"뉴욕증시 AI·반도체 매도로 3대지수 하락": 1782252940.5066633,
"달러 강세·금 약세로 엇갈린 뉴욕 금융시장, 연준 매파 입장 반영": 1782252092.6877573,
"루비니 경제학자, 블록체인 기반 토큰화 금융상품 'USAFi' 출시": 1782252054.3506727,
"모건스탠리 노스헤이븐 펀드, 2분기 환매 요청의 절반 이하만 지급": 1782251192.0230284,
"미 상원 민주당, 트럼프 가족 암호화폐 사업과 아부다비 왕실 연계 청문회 개최 촉구": 1782251139.120105,
"한국 증시 MSCI 선진국 지수 편입 2026년에도 무산…역외 원화 환전 제한이 주요 장벽": 1782249394.9514499,
"미 가톨릭 지도자 82명, 암호화폐 클래리티법 반대…소프트웨어 개발자 보호 조항이 인신매매 조장할 수 있다고 지적": 1782249345.6704805,
"미국 CBOE, 10년 만에 바이너리 옵션 부활…예측시장 경쟁 진입": 1782248457.900064,
"오페라 미니페이, 비자 스테이블코인 결제 카드 출시": 1782247637.5505795,
"미국 상원, 이란 전쟁 중단 투표로 트럼프와 대립": 1782247589.5446742,
"트럼프 양자컴퓨터 보안 투자, 비트코인 공개키 노출 위험 완화": 1782247538.7733889,
"CFTC, 켄터키주 상대 예측시장 관련 소송 제기": 1782245927.2159505,
"미·이란 협상 진전으로 국제유가 하락, 호르무즈 해협 긴장 완화": 1782245895.3168218,
"저커버그 메타, 예측시장 플랫폼 개발 추진": 1782245835.3078005,
"지캐시 채굴사 포르티튜드, 나스닥 상장 기업과 합병 추진": 1782245800.0587096,
"뉴욕증시 나스닥 2.21% 하락, 반도체주 매도세로 약세 마감": 1782245748.1468556,
"미국 상원의원, 암호화폐 문제 아닌 경제 정책에 초점 촉구": 1782244893.2709,
"미 하원, 7월17일 암호화폐 클래리티법 청문회 개최": 1782244858.26127,
"장기 보유 비트코인 홀더 매도 19개월 만에 최저치": 1782243049.5096054,
"미 가톨릭 지도자 약 100명, 클래리티 법안 반대…불법 자금 거래 대책 약화 우려": 1782242144.8647995,
"미국 사모대출 시장 환매 압박 지속…아폴로 2분기 환매를 다시 5%로 제한": 1782241254.2058692,
"미국 재무부, 캄보디아 프린스그룹 연계 제재 확대…개인 9명·법인 26곳 지정": 1782240353.9284654,
"골드만삭스 주식 트레이딩 부문 2분기 50억달러 이상 실적 예상": 1782239454.160404,
"지캐시 채굴 업체 포르티튜드, 나스닥 상장 추진": 1782238587.3090055,
"뉴욕증시 AI 기술주 매도로 전반 조정": 1782238540.4414403,
"뉴욕 남성, 텔레그램 위장 인플루언서로 140만 달러 암호화폐 사기": 1782237654.2685392,
"미국 재무부, 2년물 채권 690억 달러 발행…수익률 4.189%": 1782236738.9200366,
"이더리움 재단, 직원 20% 감원 및 대규모 조직개편 단행": 1782235980.1910172,
"BNY, 자산운용사들의 토큰화 펀드 진출을 'FOMO' 현상으로 분석": 1782235939.0548859,
"메타 저커버그, 폴리마켓·칼시 유형 예측시장 앱 개발 추진": 1782235888.093804,
"스페이스X 첫 회사채 발행에 890억달러 수요 몰려": 1782235846.4427965,
"금투협장, 단일종목 레버리지 상품 비판에 반박…증권사 일방적 이익 아니라 주장": 1782234996.1399739,
"트럼프 미국 대통령, 이란 동결자산으로 미국산 농산물 구매 제안…이란 정부 반박": 1782234952.0828047,
"CFTC 의장, 영구선물이 모든 규제대상 자산에 부적합할 수 있다고 지적": 1782234118.8229384,
"미국 법무부, 자금세탁 혐의 휴이온 그룹 클라우드 계정 압수": 1782234065.433222,
"BNY, 자산운용사들의 토큰화 펀드 진출 'FOMO'로 분석": 1782233196.4406884,
"골드핀치, 커뮤니티 투표로 프라임 종료 결정": 1782233145.5972714,
"CBOE, 비트코인·이더리움 선물을 무기한 선물로 전환 검토": 1782232253.485276,
"SBI, 일본 규제 준수 엔화 스테이블코인 'JPYSC' 이번 주 출시 예정": 1782231390.5604098,
"이란·오만, 호르무즈 해협 통항료 체계 논의 합의": 1782231351.253556
}