{
"셰브론, 이라크 유전 개발 MOU 체결": 1784262683.4748678,
"미군, 이란 대상 6연야 공습 완료": 1784262646.744502,
"바이비트, NOBI 인수로 인도네시아 진출…아시아 최대 암호화폐 시장 확보": 1784262513.9423163,
"중동 긴장과 트럼프 발언으로 비트코인·아시아 증시 동반 급락": 1784262477.1343975,
"미 상원 클래리티 법안, 트럼프 암호화폐 이해충돌 문제로 또 지연": 1784260851.2485762,
"미국 증권결제가 블록체인으로 이전, DTCC 첫 실거래 완료": 1784259936.2880208,
"인도, 미·이란 긴장 고조에 디젤·항공유 수출세 인상…휘발유는 인하": 1784258190.2903762,
"미국 재무부, 이란 중앙은행 관련 가상자산 지갑 제재…테더 USDT 1.31억달러 동결": 1784258139.5786905,
"트럼프 미디어, 트루스 소셜 게시물 실시간 제공 유료 API 출시": 1784257292.4499724,
"오세훈 서울시장, 증시 변동성 심화에 금융시장 개혁 촉구": 1784257252.459488,
"트럼프 선거 주장, 9월 시진핑 회담 앞 미중 통상 협상 위험요소": 1784256376.2278156,
"폴리마켓 비트코인 예측시장서 가격 조작 의심…결제 직전 집중 거래 패턴": 1784256336.6927059,
"발라지 스리니바산, 네트워크스쿨 조사 후 말레이시아 협력 모색…환영받지 못하면 다른 국가 이전 시사": 1784255447.3365614,
"SK하이닉스, AI 수요 증가로 메모리 반도체 중장기 전망 우상향": 1784254536.493953,
"미국 CFTC, 트럼프 연설 담당 백악관 직원 예측시장 내부거래 조사": 1784253651.5822868,
"IPG포토닉스, 프랑스 의료레이저 기업 3억 유로에 인수": 1784250854.710819,
"트럼프미디어, 트루스소셜 게시물 실시간 제공 유료 API 서비스 출시": 1784250048.7720485,
"중동 지정학 리스크에 투자자 촉각…유가·스테이블코인 확장 화제": 1784249152.3178155,
"크립토닷컴, 시타델증권으로부터 4억달러 투자 유치…기업가치 200억달러 평가": 1784248244.733359,
"금 온스당 3,988달러, 은 55.73달러로 거래": 1784247340.4400337,
"오픈AI, 이동형 스크린 없는 스피커형 AI 기기 출시 준비": 1784244643.8128753,
"20년 장기 채권 강세 펀드 호이싱턴, 약세 전환…구조적 적자와 AI 차입 우려": 1784243868.698765,
"서클의 USDC, 기관 파생상품 담보로 확대…마렉스가 지원": 1784243826.9959223,
"비트마인 이머전, 이더리움 보유량 577만 개로 확대…전체 공급량의 4.8%": 1784243795.4483733,
"핀테크 기업 차임, 1분기에 상장 후 첫 흑자 달성…2억 달러 자사주 매입": 1784243741.0539992,
"삼성·SK하이닉스 레버리지 ETF에 7조 원 유입, 금융당국 규제 강화": 1784242850.4912522,
"폴리곤, 코인미·시퀀스 인수 후 대규모 감원 단행": 1784240137.069107,
"미·이란 긴장 고조, 달러 강세·금 2% 급락…한은 인상에 원화 강세": 1784239256.731344,
"트럼프, 이란 추가 군사 행동 위협": 1784238338.4896736,
"미 달러 1개월 최저 근처 유지, 유가 리스크 계속": 1784236668.865341,
"후티 지도자, 사우디 에스컬레이션 시 유전시설 위협": 1784236608.8397896,
"AI 음악 플랫폼 수노, 유출 소스코드서 저작권 음악 무단 학습 적발": 1784236551.220228,
"트럼프 테레프롬프터 담당자, 칼시 시장서 1억원대 수익…비공개 정보 활용 의혹": 1784235655.7690735,
"미국 소매판매, 예상 부합하나 기술주 동반 하락": 1784234310.3097796,
"1inch 공동창립자 안톤 부코프 회사 해임 발표, 신규 벤처 준비": 1784233848.4820585,
"미·이란 긴장 고조에도 국제유가 일시 하락": 1784232051.0721366,
"인젝티브, SEC 이전에이전트 등록 신청…토큰화 증권 소유권 기록 온체인 관리": 1784231136.7906384,
"미 달러스 연방준비은행 총재 \"기준금리 추가 인상 필요\"": 1784230246.9548044,
"비트코인 양자컴퓨터 공격 후 복구 방안 제시...Project Eleven, 사후 소유권 증명 가능": 1784229480.7954001,
"미국 유니온퍼시픽, 12억달러 규모 신형 레일공장 운영 개시·노퍽서던 합병 추진": 1784229440.3908567,
"로빈후드 체인, RWA 대신 밈코인 거래소로 변질": 1784229403.169218,
"Fed 매파 슈미드 \"한 번의 물가 지표에 판단 성급하지 말아야\"": 1784229345.5335493,
"비트페이, 네덜란드 MiCA 라이선스 획득…스테이블코인 결제 사업 확대": 1784228493.8104005,
"미국 암호화폐 법안, 트럼프 이해충돌 관련 최종 검증 단계 진입": 1784228455.2445083,
"태국, AI 수요 폭증에 따른 데이터센터 전력 부담 경감 위해 별도 요금제 도입": 1784227379.0489573,
"트럼프 정책 변수에 원유시장 '타코 거래' 확산": 1784226690.294358,
"금융위, 단일종목 레버리지 ETF의 해외 자금 유출 억제 효과 평가": 1784226649.692745,
"시타델 시큐리티, 크립토닷컴에 4억 달러 투자…기관 펀딩라운드로 200억 달러 평가": 1784224850.5643754,
"미 상원, FTX 창업자 SBF 사면 반대 결의안 만장일치 채택": 1784224003.041192,
"영국서 가짜 경찰 사칭 암호화폐 사기단 3명 징역형 선고": 1784223945.2479787,
"메타, AI 데이터센터 임대 사업 검토…1400억 달러 투자 부담 경감": 1784222830.8722322,
"블록체인협회 CEO, 암호화폐 시장구조 규제에 윤리 문제 배제 촉구": 1784221312.0175405,
"이란, 전력망 공격 시 후티에 홍해 봉쇄 지시": 1784221260.90023,
"모건스탠리 E트레이드, 영세 투자자에 암호화폐 현물 거래 개시": 1784220422.7975829,
"스페이스X 주가 공모가 아래로, 스타십 13차 시험비행 앞두고 변동성": 1784220385.4789054,
"스트라이프, 페이팔 530억달러 인수 추진…디지털결제 미래 장악 경쟁": 1784220348.3445597,
"트레이더블, 스텔라 블록체인에 10억 달러 규모 민간 신용자산 도입": 1784219490.6316743,
"헤데라, 유틸라와 기관용 자산 보관 인프라 연동…HBAR 기업 채택 강화": 1784219450.032839,
"파키스탄, 후티의 사우디 공격 이후 미국·이란 분쟁에 말려들 우려": 1784218736.251221,
"미국 달러화 강세, 장기금리 상승에 힘입어": 1784218683.4179294,
"리플 CEO, 현행 결제앱의 '네트워크 폐쇄성' 지적…XRP 필요성 강조": 1784218639.4934897,
"T. Rowe Price, 19조 자산 규모 펀드사로서 첫 능동형 멀티토큰 암호화폐 ETF 출시": 1784218597.7754877,
"미국·이란 군사 충돌 격화, 브렌트유 배럴당 85달러로 주간 11% 급등": 1784218547.1008098,
"멀티코인 캐피탈, 하이퍼리퀴드 생태계 첫 투자로 트라시아 지원": 1784217651.0535092,
"AI 투자 경계감 확산, 나스닥 0.5% 하락·반도체주 약세": 1784217569.383693,
"비자, OUSD 접근 제공하는 내부 스테이블코인 플랫폼 출시": 1784215951.7496068,
"미국 의회 '클래리티 법안', FTX 이후 투자자 보호 공백 메우기": 1784215911.686617,
"미국 신규 실업수당 청구 20.8만건, 시장 예상 하회": 1784215859.9083154,
"미국 6월 주택판매지수 5.4% 하락, 고금리·고가격이 매수심리 위축": 1784215011.2428946,
"AI 기술 악용 암호화폐 사기 정교화, 금융 통제 강화 필요": 1784214973.153253,
"미 검찰, 사우스다코타 암호화폐 투자자 29개 혐의로 기소": 1784214942.1762555,
"한국은행 기준금리 인상에도 국고채 금리 전 구간 하락": 1784214093.76195,
"SBI홀딩스, 온도와 제휴해 일본 주식 토큰화 추진": 1784214058.0044198,
"러셀 2000 소형주 지수 올해 상반기 20% 상승, 1991년 이후 최고": 1784213197.1167326,
"키록, 블록필스 기관 거래 및 중개 자산 인수 완료": 1784213137.1760871,
"코스피 미국 반도체주 급락에 6% 하락, 6,820.60으로 마감": 1784211961.1445742,
"트럼프 행정부, 브라질산 수입품에 25% 추가 관세 부과": 1784211443.2723646,
"2분기 암호화폐 시장 약세, 예측시장은 사상 최대 거래량 기록": 1784211384.1398613,
"정부, 단일종목 레버리지 ETF 투자 기본예탁금 3배 상향": 1784211342.4508717,
"폴리곤 랩스, 2026년 두 번째 감원 단행…코인미 인수 완료 추진": 1784210461.804969
}