{
"이란·오만, 호르무즈 해협 통항 조율 논의": 1782566178.3554988,
"S&P글로벌, 다우지수 편입 변화·배당 정책 시행": 1782566136.1551218,
"퀴델오르토, 검사 사업부 15억 달러에 매각 추진": 1782565250.29677,
"FedEx 실적 발표에서 경제 활동 신호 포착": 1782564382.9207623,
"ETF 거래량으로 본 인플레이션 우려 완화 신호": 1782564336.5580943,
"SecondFi, 카르다노 지갑 해킹 후 2주 내 자산 반환 준비 중": 1782562573.7380462,
"마이클 세일러 회사, 시가총액이 비트코인 보유량 이하로 하락": 1782562542.0412364,
"암호화폐 VC, AI·디파이·온체인 데이터 투자 지속": 1782558940.0003846,
"바이낸스, CAPUSDT 무기한 선물 계약 출시": 1782558047.45958,
"삼성·SK하이닉스, AI 수요 대응으로 반도체 공장 10년 앞당겨 구축": 1782714652.6213462,
"아시아 주식시장 혼조, AI 의심과 이란 긴장이 전망 흐림": 1782715538.611986,
"이란의 이스라엘 사이버공격, 2026년 급증": 1782715575.0030951,
"인도 주식시장 보합, 미국-이란 협상이 긴장 완화": 1782715628.6931884,
"비트멕스, CEO·CFO·성장 담당자 제거…글로벌 법무담당자가 CEO 승계": 1782717342.1341038,
"루프링, DEX 서비스 종료 선언…사용자 자금 스마트 컨트랙트로 반환": 1782718250.700352,
"비트멕스, CEO·CFO·성장 담당자 제거": 1782718301.9096892,
"한국의 518억 달러 AI 칩 투자, 암호화폐의 자본 확보 약세 부각": 1782718336.3383546,
"한국 은행 대출금리 산정 구조 내년 7월부터 개편": 1782719140.3432682,
"금융위원회, 소비자 보호 평가체계 도입": 1782720938.3007522,
"브릿지바이오, 희귀질환 치료제 임상 연쇄 성공": 1782720991.3362844,
"갤럭시, 미국 암호화폐 규제 법안 CLARITY Act 2026년 통과 확률을 50%로 하향 조정": 1782721839.951546,
"1천억원대 주가조작 혐의 피의자 4명, 7월 1일 구속 심사": 1782722739.0443583,
"미국·이란 기술팀, 도하에서 양해각서 이행 협의 예정": 1782722780.8191426,
"스타링크, 베네수엘라 지진 이후 무료 인터넷 제공": 1782722812.97941,
"BIS, 스테이블코인이 화폐보다 ETF에 가깝고 환위험 야기한다고 경고": 1782723650.852478,
"식스스트릿, 몬누먼트 리 인슈어런스 지분 인수 발표": 1782723705.1475153
}