{
"로빈후드, 퍼블릭 블록체인 메인넷 출시 및 영국 암호화폐 거래 계획 공개": 1782942371.1017108,
"금융위, AI 보안 테스트 중 발생 전산장애 제재 면제": 1782942337.4638436,
"트럼프 행정부, USMCA 현행 조건 갱신 거부…연간 재검토 후 별도 합의 없으면 만료": 1782941445.7009323,
"방위산업체, 자동차·석유 채굴 산업에서 부품 조달로 무기 생산 가속화": 1782940681.1453588,
"미국 주식 강보합 실패, 중앙은행 인플레이션 우려 지속": 1782940647.6834304,
"국내 휘발유·경유 가격 동반 하락, 2주 연속 내림세": 1782940609.820566,
"XRP 레저, 영국 기후 금융 파일럿 블록체인 레이어로 선정": 1782940576.5123832,
"이더리움 생태계, 제도권 진출 움직임 가속화": 1782940544.5452545,
"트레이드웹, 토큰화 미국채 실시간 거래 체결…캔턴 네트워크에서 첫 성사": 1782939763.8789937,
"로빈후드, 'AI 네이티브' 이더리움 레이어2 네트워크 메인넷 공개": 1782939708.4104273,
"트럼프 대통령, 재임 첫해 22억 달러 개인소득 올려…디지털자산이 주 수익원": 1782939656.3162038,
"사우디 PIF, 순이익 2배 이상 증가…수익은 9% 성장": 1782938885.9822075,
"유럽 주식 랠리 후 조정…이란 평화협상 진전에 의문": 1782938827.9316678,
"월드컵이 6월 미국 일자리 통계 4만 개 상승에 영향…골드만삭스 추정": 1782938789.6061776,
"마이클 버리, AI·반도체 버블 붕괴에 역대급 베팅…한국 반도체 투자를 '종말의 시작'으로 경고": 1782938738.5527813,
"마이크론, 2분기 240% 급등 후 3분기 첫날 11% 급락…시가총액 2,000억 달러 증발": 1782937849.6900535,
"로빈후드, 유럽서 무기한 선물 확대·영국서 암호자산 거래 서비스 출시": 1782936934.503447,
"유가 배럴당 68.58달러로 하락, 이란 전쟁 이후 최저 수준": 1782935176.875687,
"리플 공동창업자 지원 PAC, 콜로라도 민주당 예비선거 후보 당선 지원": 1782935141.4754274,
"트럼프 지지 미국비트코인, 나스닥 상장 유지 위해 1:15 역분할 단행": 1782934281.0338233,
"브라질 농업·수출 연계 RWA 프로젝트 발레 캐피탈 토큰, BNB 기반 생태계 공개": 1782934248.6210437,
"멕시코 경제장관, USMCA 갱신 관련 미국의 외국 독립성 우려 해결 의지 표명": 1782933550.408282,
"인터랙티브 브로커스, 6월 거래 53% 급증·고객 자산 1조3,390억 달러로 확대": 1782933517.7142575,
"트럼프 재정공시서, 암호화폐 관련 수익 노출로 암호화폐 규제 법안 협상 긴급성 가중": 1782933464.3513234,
"유로존 6월 물가 상승률 2.8%로 둔화, ECB 7월 금리 동결 가능성 상승": 1782933425.291371,
"UN AI 안전 패널, AI 능력의 과학적 이해 및 규제 능력 초과 경고": 1782933384.6094694,
"워시 연준 의장, 인플레이션 위험 낮아졌으나 정책 유연성 필요": 1782933351.4553795,
"이더리움 재단, 정부·기관 대상 정책 가이드 공개": 1782932537.1361732,
"로빈후드 체인, 메인넷 출시…유니스왑과 협력": 1782932502.973164,
"연준, 인플레이션 위험 낮아졌으나 현물가는 여전히 높다고 평가": 1782932461.774766,
"베니스 AI, 10억 달러 기업가치로 6,500만 달러 시리즈 A 투자 유치": 1782930696.480599,
"로빈후드, 자체 퍼블릭 블록체인 출시…암호화폐 사업 확장": 1782930649.3706234,
"미국 기술업계 감원 다시 확산…7월 첫주 983명 구조조정": 1782930340.5451028,
"트럼프 2025년 암호화폐 수익 14억 달러 돌파": 1782930298.84036,
"유럽, 바이낸스의 MiCA 라이선스 승인 거부…과거 자금세탁 이력 이유": 1782929737.3452864,
"캐너코드, 마이클 세일러 스트래티지 목표주가 163달러에서 130달러로 하향": 1782927940.069584,
"미국 6월 제조업 활동 둔화, 투입물 가격은 여전히 높음": 1782927094.0327854,
"미국 테네시주 암호화폐 ATM 금지 시행, 미네소타주도 8월까지 준수 기한": 1782927047.4798384,
"미국·이란, 카타르 중재로 호르무즈 해협 협상 개시": 1782926181.1221018,
"CLARITY Act 통과 확률 급락, 암호화폐 시장 변동성 확대": 1782926141.385595,
"앙코리지 디지털, 바이낸스에 장외 결제 시스템 통합": 1782925256.0037448,
"트럼프 대통령, USMCA 갱신 거부하고 개별 협상 추진": 1782924476.5458472,
"시큐리타이즈 임원, 토큰화로 월스트리트 주식대출 구도 혁신 가능 주장": 1782924443.179537,
"이더리움 재단, 기관 투자자 확보 전담 비영리 조직 출범": 1782924382.2602737,
"한은 총재, 통합원장 제시로 공적 화폐체계 강화 방향 제시": 1782924339.7524285,
"트럼프 정부, 인공지능 수출 규제 해제…앤스로픽 클로드 능력 복구": 1782923461.1794033,
"프리덤홀딩, 터키 은행 인수 규제 승인 획득": 1782922570.6868193,
"제프리스, 오픈USD 경쟁 심화에 따른 서클 주가 약세 경고": 1782922539.0216477,
"Axel Johnson Inc., Fort Wayne Metals 100% 소유권 인수 완료": 1782921832.687481,
"미쉐린, Tex Tech Industries 인수 완료…폴리머 복합솔루션 사업 강화": 1782921797.5032995,
"SPIE, 생명과학 분야 엔지니어링 전문업체 nimeg ag 인수": 1782921744.45529,
"미국 상업용 원유재고 380만배럴 감소, 정제시설 96% 고가동": 1782921698.912514,
"포워드 인더스트리, 솔라나 보유량 755만 SOL로 확대…주가 17% 상승": 1782921666.270956,
"6월 개인 투자자 반대매매 1조1,228억원 기록": 1782920862.567115,
"솔라나 기반 예측시장 앱, 팬텀 지갑에 출시": 1782920823.0250938,
"국민연금, 6월 말 리밸런싱 유예 종료 후 매도세 조절": 1782920766.9179218,
"국고채 금리 전 만기 구간 상승, 3년물 3.791% 10년물 4.205%": 1782919845.5878572,
"미국 원유 재고 주간 감소 폭 예상치 미달": 1782919057.7522192,
"Fed·ECB·영국중앙은행장, 금리 포워드 가이던스 폐기": 1782919025.19945,
"Goliath Ventures CEO pleads guilty in $400 million crypto Ponzi case": 1782918981.199287,
"캔터, 비트코인 약세장 최종 단계 진입 가능성 제시": 1782918940.578054,
"미국 6월 제조업 PMI 53.9로 하락, 고용 급감·기업 전망 악화": 1782917138.2963736,
"비트코인과 주식 시장, 하반기 변동성 가중할 전망": 1782916289.4811127,
"유럽, 해외 암호화폐 규제 강화하되 리스크 높은 영역 공백 남겨": 1782916256.6976976,
"미국 6월 S&P 글로벌 제조업 PMI 최종 53.9, 전월 55.7에서 하락": 1782915435.4105225,
"라이다 기업 마이크로비전, 동남아 확장 및 4,200만 달러 자금 확보": 1782915398.1536937,
"이더리움 재단 산하 신규 랩 조직 'EthLabs' 출범": 1782915339.840378,
"한국은행 총재, 토큰화 정부채 비전 및 통합 장부 계획 제시": 1782914535.6420472,
"스탠더드차타드, 모르포 2030년 목표가 60달러 설정": 1782914498.6952052,
"유럽 MiCA, 암호화폐 파생상품 시장 규제 공백 남겨": 1782914451.2818153,
"토큰화 구글 주식 가격 조작, 약 40만3천 달러 손실 발생": 1782913605.4761078,
"시티, 비트코인·이더 12개월 목표가 하향 조정": 1782913572.4819064,
"이더리움 재단 지원 새로운 비영리 단체 출범, 기관 입양 중점": 1782913541.688988,
"팬더할로우, RWA·수익 전략 중심 다중전략 머천트뱅크 출범": 1782912645.9356844,
"메타, AI 초과 컴퓨팅 자원 판매 클라우드 사업 건설 발표…AI주 주가 동반 하락": 1782911875.7659156,
"솔라나 기반 예측시장 'World' 공식 공개…팬텀 지갑 통합": 1782911820.3837361,
"미국 6월 민간고용 9.8만 명 증가…시장 예상 밑돌며 노동시장 둔화 신호": 1782911786.0879092,
"마이크로소프트, 6월 주가 18% 급락…AI 투자 부담에 시총 945조원 증발": 1782911745.874415,
"서클 CEO, OUSD 도전에 USDC 네트워크 우위 강조": 1782910857.842266,
"OPEC+, 8월 유전 일일 산출량 18.8만 배럴 증산 방침": 1782909967.465645
}