{
"베신스 헬스케어, 유니디 매뉴팩처링 인수…장기지속형 제약 기술 강화": 1782986508.4780214,
"소프트뱅크·베인캐피탈, 카카쿠 인수 입찰가 41억 달러로 상향": 1782986456.4177258,
"바이낸스 개인 투자자 비트코인 유입 역대 최저": 1782984648.291802,
"솔라나, 온체인 거버넌스 시스템 출시…100,000 SOL 스테이킹으로 제안 가능": 1782983739.1328363,
"타이코, 170만 달러 해킹 10일 만에 크로스체인 브릿지 완전 복구": 1782981934.9441347,
"금감원, JTBC 회사채 판매 검사 착수…증권사 투자자 보호 의무 점검": 1782981047.875338,
"샘 올트먼, 오픈AI 지분 5% 미국 정부에 제안": 1782980136.8769972,
"바이낸스, 그램(GRAM) 어닝·바이크립토·컨버트·VIP론·마진·선물 등에 추가": 1782979252.4089887,
"국내 증시 급락, 코스피·코스닥 매도 사이드카 발동": 1782978337.384649,
"인도 주식시장 상승, 유가 하락과 정보기술주 반등 견인": 1782976670.0733926,
"미국, 이라크로 달러 송금 재개": 1782976621.058219,
"메타플래닛, 비트코인 2,823개 추가 매수해 총 4만3천 개 보유": 1782976584.0687,
"아이다호 코퍼, NYSE American 상장으로 1,800만 달러 조달": 1782976536.988657,
"쿠코인 얼른, 두 프로젝트 토큰 제거": 1782974852.9272969,
"유럽 MiCA 규제 전면 시행 18개월, 비트코인·USDT 중심 구조 유지": 1782974806.1949112,
"한국거래소, 코스닥 특례상장기업 상장폐지 유예 기준 강화": 1782974752.5479069,
"아발란체 재무상황 악화, 기업 AVAX 보유량 가치 73% 하락": 1782973844.8116567,
"로빈후드, dYdX 리브랜딩 프로토콜 '아르쿠스'와 연계해 퍼페추얼·토큰화 주식 거래 제공": 1782972936.5158825,
"프랑스, 암호화폐 강탈 범죄 77건 발생에 보안 강화 방안 추진": 1782971173.7310116,
"비트코인 코어 31.0, 프라이버시 기능에서 IP 주소 노출 취약점 발견": 1782971136.3738163,
"스웨덴 법원, 구글에 19억 달러 손해배상 판결": 1782970296.2213776,
"FBI 국장 팻, 마이크로스트래티지 주식 투자 공시 누락": 1782970250.2262046,
"인도 중앙은행, 지정학적 리스크로 은행 부실채권 증가 전망": 1782969380.227903,
"미국 7월 고용 통계, 주말 전 주요 경제지표로 부각": 1782969335.9921582,
"기술주 매도에 코스피·닛케이 하락": 1782965809.6796987,
"포틀랜드 제너럴 일렉트릭, 19억 달러 인수 추진·배당 확대": 1782965770.84791,
"KB국민은행, AI 기술 기반 금융 서비스 개발 전담 조직 출범": 1782965739.5324593,
"미쓰비시 일렉트릭, 인포스텔라 완전 인수": 1782964888.161537,
"미래에셋증권, 증시 변동성 대응해 증거금률 인상": 1782964851.527834,
"AI 프라이버시 기업 베니스 AI, 유니콘 달성…외부 자금 첫 조달": 1782963988.6982496,
"예측시장 칼시·폴리마켓, 6월 거래량 75% 증가해 450억 달러 돌파": 1782963941.2787824,
"브룩필드, 인도 데이터센터 재생에너지 수요 기회 포착": 1782963047.224215,
"독일, 군 전력 강화를 위한 예비군 강제 훈련 추진": 1782962247.9281075,
"미국-이란 도하 회담 종료 후 유가 하락": 1782962202.8731937,
"트럼프 2026년 암호화폐로 14억 달러 수익…규제 법안 협상에 이해충돌 논란": 1782962171.3910272,
"연준 올해 기준금리 인상 가능성 제기…암호화폐 등 위험자산 부담 / 로빈후드 레이어2 블록체인 메인넷 출시": 1782962140.542036,
"트럼프 미국비트코인, 1:15 역분할 앞두고 8.4% 하락…나스닥 상장 유지 추진": 1782961303.7778277,
"트론, 6월 네트워크 활동 사상 최고 경신…스테이블코인 결제 수요 견인": 1782961250.9544191,
"아크 인베스트, 써클 주가 41% 하락 속 1800만 달러 투자": 1782959447.5088313,
"호주 5월 무역수지 30억 호주달러 적자로 전환": 1782958590.4431705,
"제네스코, 행동주의 투자자 강압에 이사회 지배구조 논란": 1782958539.8676047,
"10x리서치, 비트코인 엘리엇 파동상 최종 조정 국면 진입 분석…5만 달러 하락 가능성": 1782955846.5359557,
"제트.AI, 플라이익스클루시브 합병 주주승인 과반 확보…AI 인프라 전환 가속": 1782955043.9381285,
"한국 6월 수출 월간 1천억 달러 돌파…반도체 중심 사상 첫 달성": 1782954993.7848392,
"미국 반도체주 급락에 국내 AI 부품주 차익실현…삼성전기 11% 하락": 1782954941.3611023,
"OKX, 오더북 채널 체크섬 필드 폐지": 1782953475.771974,
"OKX, AI/USDT(젠신) 현물거래 상장": 1782953434.300094,
"OKX, MAJOR·J 현물거래 상장 폐지": 1782953392.8784428,
"OKX, IRYS/USDT 현물거래 상장": 1782953351.5014002,
"OKX, API 업데이트 실시": 1782953298.1265516,
"OKX, ELP 메이커 주문 리베이트 폐지": 1782953254.1671438,
"OKX, RLUSD·USDG 거래쌍 수수료 조정": 1782953196.2281418,
"Cboe, 예측시장형 옵션 상품 출시 추진…폴리마켓 경쟁": 1782953141.4730492,
"OKX, GRAM/USD 현물거래 상장": 1782952451.4302564,
"OKX, TON 토큰 마이그레이션 완료": 1782952416.84973,
"워시 연준 의장, 물가 위험 완화 진단…미국 6월 ADP 고용 예상 미달": 1782952380.777212,
"SK아이이테크놀로지, 목표주가 하향 조정…내년 고객 다변화 개선 기대": 1782952324.1059642,
"동신건설, 호남 반도체·전력 인프라 수혜 기대에 급등": 1782952268.5954425,
"OKX, RE(리) 현물거래 상장 및 선물 계약 표준화 진행": 1782951418.4997349,
"SK하이닉스 목표주가 180만원→400만원 상향, AI 수요 폭발이 배경": 1782951383.9430323,
"금·은 현물가격 4040달러·59달러, 금리·지정학 리스크에 변동성 확대": 1782951337.7384422,
"세계 중앙은행들, AI의 금융시장 구조적 충격 경고": 1782949531.7014558,
"한국 6월 소비자물가 3.2% 상승, 국제 유가 오름에 따른 것": 1782948643.70423,
"써클, 오픈USD 컨소시엄 경쟁 우려로 주가 17% 급락": 1782947771.748489,
"다이아몬드백 자회사 바이퍼, 리버벤드 오일 가스 지분 인수 완료": 1782947737.6570892,
"바이낸스 선물, 트래디피 무기한 선물 계약 다수 상장": 1782946337.6784818,
"바이낸스, 스페이스X 토큰화증권 SPCXB 현물거래 지원": 1782946285.1845617,
"바이낸스 선물, 분기물 1225 배송 계약 상장": 1782945988.834091,
"바이낸스, RE 토큰 어닝·매매·전환·VIP대출·마진·선물 지원": 1782945939.7572272,
"써클 CEO, 오픈USD 시장 경쟁력은 참여 기업 수 아닌 유동성으로 결정": 1782945046.69356,
"로빈후드, 퍼블릭 블록체인 메인넷 출시 및 영국 암호화폐 거래 계획 공개": 1782942371.1017108,
"금융위, AI 보안 테스트 중 발생 전산장애 제재 면제": 1782942337.4638436,
"트럼프 행정부, USMCA 현행 조건 갱신 거부…연간 재검토 후 별도 합의 없으면 만료": 1782941445.7009323,
"방위산업체, 자동차·석유 채굴 산업에서 부품 조달로 무기 생산 가속화": 1782940681.1453588,
"미국 주식 강보합 실패, 중앙은행 인플레이션 우려 지속": 1782940647.6834304,
"국내 휘발유·경유 가격 동반 하락, 2주 연속 내림세": 1782940609.820566,
"XRP 레저, 영국 기후 금융 파일럿 블록체인 레이어로 선정": 1782940576.5123832,
"이더리움 생태계, 제도권 진출 움직임 가속화": 1782940544.5452545,
"트레이드웹, 토큰화 미국채 실시간 거래 체결…캔턴 네트워크에서 첫 성사": 1782939763.8789937,
"로빈후드, 'AI 네이티브' 이더리움 레이어2 네트워크 메인넷 공개": 1782939708.4104273
}