{
"미국-이란 긴장 고조로 걸프 지역 증시 부진": 1784135775.619011,
"DTCC, 토큰화 증권 실거래 처음 처리…월가 블록체인 인프라 전환 본격화": 1784135739.758181,
"한국, 원화 스테이블코인 제도화 추진…디지털자산기본법 필요": 1784135000.55321,
"칸토 피츠제럴드·시큐리타이즈, 블록체인 기반 IPO 협력": 1784134961.5192947,
"미 재무부, 이란 연계 암호화폐 지갑 1억 3100만 달러 동결": 1784134921.618022,
"블랙록, 암호화폐-전통금융 통합 비전 제시…상품 파이프라인 확대": 1784134865.8990717,
"일부 선박, 미군 호르무즈 통과 호위 거부…지정학 긴장 고조": 1784134036.4650552,
"에이브, V4를 아발란체에 배포…토큰화 자산 담보 시장 기반 구축": 1784133996.5475917,
"글래시스랩, 스테이블코인 크로스체인 결제 플랫폼 확장 위해 680만 달러 시드 펀딩": 1784133941.9807878,
"금융위, 2026년 대형 금융기관 10곳 위기 대응 체계 승인": 1784133051.408661,
"크라켄 기관부, 업시프트와 협력해 유휴 자산 활용 수익창출 볼트 구축": 1784132136.839354,
"영국, 재무장관 교체…샤바나 마무드 신임 추진": 1784131591.0477502,
"시큐리타이즈·칸토 피츠제럴드, 미국 증권 규제 틀 내 토큰화 IPO 인프라 개발": 1784131558.2148552,
"비트와이즈, 2026년 상반기 암호화폐 주식이 신흥시장 제외 모든 주요 자산을 초과 수익": 1784131267.2392676,
"영풍·고려아연, 회계 처리 위반으로 총 350억 원 과징금 부과": 1784129560.5667677,
"DeFi 프로토콜 오스티움, 오라클 공격으로 1800만 달러 탈취당해": 1784129527.0563164,
"미국 KIDS 법안, 아동 보호 명분이나 개인정보 대규모 수집·해킹 위험 우려": 1784129467.2640092,
"이더리움 재단 2026년 대규모 조직 개편 추진, 역할 재정의": 1784128641.2866533,
"오픈 USD가 서클의 USDC에 가장 큰 위협 제기": 1784128580.9059901,
"보이스피싱 피해금을 가상자산으로 추적 회피할 때도 환급 가능해진다": 1784128548.1011925,
"애플, AI 칩 인수 추진 중": 1784127670.2721775,
"한국 정부, 76년 역사 법률 개정해 암호화폐를 국가자산으로 분류": 1784126771.0819523,
"미 백악관, 클래리티법 윤리 조항 논의 위한 고위급 회의 예정": 1784126739.7752936,
"스텔스EX, 프리덤 달러(FUSD) 상장…프라이버시 스테이블코인 시장 확대": 1784125122.7874424,
"캐나다 중앙은행, 기준금리 2.25% 동결…6회 연속 유지": 1784125082.8193614,
"EU MiCA 전환 종료…암호화폐 기업 컴플라이언스 부담 급증": 1784125024.9109986,
"뉴욕 연은 총재 \"인플레이션 정점 지나…현 금리 수준 적절\"": 1784124992.9520664,
"오픈 USD, 서클 USDC의 수익모델 위협…이자 배분 구조로 차별화": 1784124957.1163995,
"국고채 금리 전 구간 하락, 기준금리 전망 반영": 1784124084.7709062,
"미국, 이란 대상 신규 공습 개시": 1784123291.3820243,
"미국 DTCC, MS·SPY·미 국채 등 토큰화 파일럿 실거래 시작": 1784123241.9867048,
"스트라이브, STRC 투자에서 630만달러 평가손실 기록": 1784123194.904186,
"토큰화 스타트업 트레이더블, 스텔라에 10억달러 규모 프라이빗 크레딧 자산 토큰화 추진": 1784123147.7468545,
"스트라이프, 페이팔 인수 위해 530억달러 입찰": 1784122417.219908,
"EU 규제 당국, MiCA 이행 후 암호화폐 기업 자금세탁 위험 경고": 1784122364.4601882,
"폴리마켓 월드컵 거래액 40억달러 돌파…스페인 우승 확률 58%": 1784122322.3349304,
"이더리움 재단, 2026년 대규모 조직 개편 추진…역할 재정의": 1784122261.8406353,
"미국 7월 엠파이어 제조업지수 15.6…예상치 상회": 1784121482.5326407,
"미국 6월 PPI 전월비 -0.3% 하락…물가 완화 신호": 1784121426.7351446,
"일본, 디지털자산을 금융상품으로 공식 분류…현물 ETF 길 열었다": 1784121386.9191012,
"스트라이프·애드벤트, 페이팔 주당 60.50달러에 인수 제안": 1784121345.8677442,
"도지 관련 기업 하우스오브도지, 나스닥 상장 후 이사회 구성": 1784120471.7439685,
"한국 정부, 채무 탕감 정책 추진…정치권 갈등 심화": 1784119581.171343,
"미국 6월 PPI 전월비 -0.3%로 하락": 1784119540.5440059,
"코픽스 3% 돌파, 주택담보대출 금리 인상": 1784118693.7310567,
"서클, 테더의 8억 달러 투자를 받은 헤카펀드 일시 중단": 1784118655.2783067,
"英 정부 사기 대책 검토, 판사들에게 암호화폐 자금세탁·AI 사기 교육 촉구": 1784118085.533412,
"일본 참의원, 가상자산을 금융상품으로 공식 분류…비트코인 ETF 도입·세율 인하 가속": 1784118047.6113448,
"유명 애널리스트 댄 아이브스, Wedbush 퇴사 후 요크빌 아이브스 투자은행 설립": 1784117951.1325016,
"일본, 암호화폐를 금융자산으로 재분류…세제 감면 추진": 1784117893.872521,
"스트래티지 CEO, 비트코인 8000~1만달러까지 부채 리스크 없다고 주장": 1784117859.6972528,
"로빈후드 체인 밈코인 플랫폼 Noxa, 1200만 달러 수수료 반납 후 폐쇄": 1784117805.5293567,
"버핏, 트럼프의 연준의장 선임 '좋은 선택'이라 평가": 1784117745.3696265,
"바이낸스, 그램(GRAM) 토큰 어닝·매매·변환·VIP론·마진·선물 상품 추가": 1784116979.5905213,
"미국 휘발유 가격, 4달러 수준으로 재상승 우려": 1784116944.2469394,
"한국은행, 7월 16일 기준금리 0.25%포인트 인상 예정…2023년 1월 이후 3년 6개월 만": 1784116905.4634452,
"미국 CPI 둔화에도 비트코인 상승세 주춤…연준 신중론에 주목": 1784116862.7241738,
"한국 정부, 국가자산기본법 추진…국채·국유재산 블록체인 토큰화 2027년 시범사업": 1784115997.9464462,
"미국 동부·중부 13개 주, AI 데이터센터 확산으로 3년간 전기요금 9조 원 추가 부담": 1784115939.1269867,
"인도 버를라, 셸 인수 위해 MUFG로부터 15억 달러 차입": 1784115157.2356224,
"일본, 개정 금융상품거래법 통과…암호화폐 내부거래 규정 신설": 1784115104.337673,
"중국 6월 산업생산 5.3% 증가, 소매판매도 반등": 1784115061.2206333,
"영란은행 총재, 중동 긴장 고조로 경제 전망 불안정성 증가": 1784114227.8998222,
"AI 데이터센터 전력 수요 급증, 핵융합 기업 상장 후 주가 급등": 1784114196.6667225,
"이더리움 기관용 프라이버시 팀, 영리기업 EthSystems 설립": 1784114138.8592796,
"쿠코인, 문웰(WELL) 입금 서비스 임시 중단": 1784113162.4788961,
"5억 달러 투입된 블록체인 6곳, 하루 수수료 360달러에 그쳐": 1784113118.855826,
"한국, 디지털자산·지식재산권을 국가자산관리체계에 포함": 1784113080.0427659,
"Stripe mounts blockbuster $53 billion bid to buy PayPal": 1784112337.4168072,
"체코, Polymarket을 불법 온라인 도박 블랙리스트 등재…ISP에 접속 차단 명령": 1784111503.164613,
"미국 주식시장, AI 인프라 투자 자금 마련 위해 대규모 신규 상장·유상증자 증가": 1784111454.7611861,
"Web3 산업, 기술 평준화…이제 유통과 매출 경쟁 본격화": 1784110536.2442074,
"일본 암호화폐 금융상품 인정 법안 통과, 세율 55%에서 20%로 인하": 1784109661.135096,
"유로존 5월 산업생산 전월비 -0.2%, 예상 상회 하락": 1784108820.7718804,
"DB증권, 옵티미즘 재단과 제주 지역 자산 토큰화 추진": 1784108787.1555574,
"모건스탠리, 이더리움·솔라나 현물 ETF 상장 신청": 1784108741.9981701,
"쿠코인, Wallitelli(WALLI) 입금 서비스 임시 중단": 1784107952.0975587,
"코픽스 3%대 재진입…주담대 금리 부담 확대": 1784107908.1252377,
"스트래티지 CEO, 부채 리스크 우려 반박…'비트코인 8000달러까지 내려가야 검토'": 1784107861.0926042,
"캐시 우드 ARK, 서클 주가 하락 속 220만 주 추가 매수": 1784106972.3285263
}