{
"Stripe mounts blockbuster $53 billion bid to buy PayPal": 1784112337.4168072,
"체코, Polymarket을 불법 온라인 도박 블랙리스트 등재…ISP에 접속 차단 명령": 1784111503.164613,
"미국 주식시장, AI 인프라 투자 자금 마련 위해 대규모 신규 상장·유상증자 증가": 1784111454.7611861,
"Web3 산업, 기술 평준화…이제 유통과 매출 경쟁 본격화": 1784110536.2442074,
"일본 암호화폐 금융상품 인정 법안 통과, 세율 55%에서 20%로 인하": 1784109661.135096,
"유로존 5월 산업생산 전월비 -0.2%, 예상 상회 하락": 1784108820.7718804,
"DB증권, 옵티미즘 재단과 제주 지역 자산 토큰화 추진": 1784108787.1555574,
"모건스탠리, 이더리움·솔라나 현물 ETF 상장 신청": 1784108741.9981701,
"쿠코인, Wallitelli(WALLI) 입금 서비스 임시 중단": 1784107952.0975587,
"코픽스 3%대 재진입…주담대 금리 부담 확대": 1784107908.1252377,
"스트래티지 CEO, 부채 리스크 우려 반박…'비트코인 8000달러까지 내려가야 검토'": 1784107861.0926042,
"캐시 우드 ARK, 서클 주가 하락 속 220만 주 추가 매수": 1784106972.3285263,
"미·영, 스테이블코인·토큰화 규정 정렬 권고안 발표": 1784106936.1755395,
"유에스디에이아이, sUSDai TVL 4억 달러 재돌파…8% 이상 APY 유지": 1784105805.9811292,
"스트라이프·어드벤트, 페이팔 530억 달러 인수 제안": 1784105175.0788834,
"미 재무부, 이란 연계 암호화폐 지갑 1억3000만 달러 동결": 1784105140.120926,
"인도 암호화폐 거래, 80% 이상 선물·파생상품으로 쏠림": 1784104322.2781086,
"영국, 2027년 초 블록체인 국채 발행…G7 첫 디지털 길트": 1784104269.1902199,
"국내 현물 가상자산 ETF 도입, 법 개정과 선물시장 구축 필요": 1784103336.7448876,
"일본 총리 다카이치, 정부 경제정책이 채권 수익률 급등에 영향 없다고 발표": 1784101626.6697366,
"스트레티지 CEO, 비트코인 8,000달러 이하에서야 부채 위험 발생": 1784101584.9507997,
"금감원, PG사와 온라인 부정결제 대응협의체 출범": 1784101538.872716,
"한국 정부, 암호화폐를 새 국가자산관리법 범위에 포함": 1784100653.6975641,
"바이낸스, 10개 bStocks 토큰화 증권을 담보자산으로 추가": 1784099829.4653773,
"CT3, 스토리지 컨트랙트로 인프라 개편…확장성 강화": 1784099786.7244,
"미국, 이란 군사 목표 공습 완료…호르무즈 해협 유가 리스크 고조": 1784099739.139265,
"인도 6월 물가상승률 4.38%, 18개월 만에 인상 한계선 상회": 1784098862.8343103,
"OKX, 이리스(IRYS) 현물거래 상장": 1784098117.6689262,
"OKX, 거래서버를 홍콩에서 도쿄로 이전": 1784098072.7015934,
"인도 경쟁위원회, HP인디아에 입찰 담합 혐의로 1억2700만 달러 과징금": 1784098029.0289404,
"이란, 트럼프의 해협 봉쇄 재개에 맞대응 위협": 1784097997.9920533,
"코어위브, 메모리 칩 가격 하락에 대비해 헤지 검토": 1784097944.7709756,
"OKX, GRAM/USD 현물거래 지원 개시": 1784097256.7746706,
"OKX, TON 토큰 마이그레이션 완료": 1784097218.164362,
"코인베이스, 전사 코드의 95% 이상을 AI로 작성": 1784097178.989674,
"비자·마스터카드·리플, x402 표준으로 AI 에이전트 결제 인프라 구축": 1784097126.7836866,
"나스닥 상장사 AVAX One, 디파이 고정수익 상품에 AVAX 예치": 1784097071.1762438,
"원화 스테이블코인 제도화와 국경 간 결제 움직임 본격화": 1784097020.5733438,
"OKX, RE/USD 현물거래 지원 개시": 1784096381.6569088,
"미국, 이라크-시리아 유전 송유관 부활 지원": 1784096328.5509179,
"미국 러시아 제재법, 중국·인도 관세 위협 완화": 1784096292.959772,
"영국, 이란 외교관에 유럽 대리 공격 관련 소환": 1784096233.8496435,
"비자·마스터카드·리플, AI 에이전트 결제 프로토콜 x402 지원": 1784096196.5226967,
"금융위, 하반기 가계대출 증가율 1.5%로 유지": 1784096146.7252276,
"칼시, CFTC·미시간 규제 명령으로 '모순적 상황'에 처해": 1784094336.169622,
"솔라나, SBI 홀딩스와 제휴…일본 토큰화 시장 진출": 1784092649.5903769,
"뉴욕 데이터센터 1년 신규 허가 중단…테라울프 영향": 1784092588.851493,
"금융위 '연내 디지털자산 기본법 추진'…스테이블코인 제도화": 1784092540.6809196,
"스트라이프·어드벤트, 페이팔 530억 달러 인수 제안…로이터 보도": 1784091690.9950984,
"텍사스 ERCOT, 대규모 전력 사용자 계통 연결 새 규정 발표…비트코인 채굴업계 영향": 1784091658.938282,
"트럼프, 호르무즈 해협 20% 관세 계획 철회…중동국가와 투자협정 추진": 1784088855.1828153,
"리플, 참전용사 창업기업 지원 프로그램 시작…25만달러 규모": 1784088811.5529912,
"코인베이스, Base 메인넷 개발자 공개": 1784087140.091466,
"미국, 이란 연계 암호화폐 1억3100만 달러 동결": 1784086253.2107642,
"미국 SEC, 기후공시 규정 철회 검토…규제 권한 범위 재조정": 1784085508.182034,
"미국, 쿠바 연계 암호화폐 주소 제재 명단 추가": 1784085461.182186,
"KB금융, 실무형 AI 인재 양성 프로그램 'KB AI 랩' 시작": 1784085425.7266407,
"글로벌 M2 공급량 120조 달러 상회…단기 유동성 위축": 1784085376.8658338,
"한국 정부, 경제 회복세 공고화 평가…수출·내수 개선 신호": 1784085341.7940938,
"딥시크 창업자 량원펑, AI 기업가 중 순자산 최고기록": 1784084462.0564442,
"미국·이란 긴장 재고조, 에너지 시설 공격으로 유가 상승": 1784083683.8007078,
"중국 6월 소매판매 1.0% 증가, 산업생산 5.3% 증가로 예상 초과": 1784083640.735054,
"중국 2분기 GDP 4.3% 연성장, 예상치 하회": 1784083600.2300222,
"암호화폐 VC 투자, 초기 프로젝트 분산에서 소수 검증 기업 집중으로 전환": 1784083543.6850572,
"중국 신규 주택 가격 6월 전년비 3.3% 하락, 4년 연속 감소": 1784081771.4367685,
"크라켄, Tempo 네트워크에서 USDT0 입출금 지원 시작": 1784081737.4898062,
"Ark Invest, 서클에 1,400만 달러 투자하면서 로빈후드 주식 매각": 1784080861.4574146,
"Bitmine, 지난 분기 이더리움 스테이킹으로 4,600만 달러 수익": 1784080000.6259778,
"a16z 분석: 전통금융, 디파이보다 블록체인 기술 채택 선호": 1784079941.486189,
"이란 긴장으로 유가 공급 리스크 증가, 브렌트유 시장 구조 변화": 1784079049.7183363,
"솔라나 네트워크 업그레이드 소문 재부상, 혼잡 해소에 초점": 1784078223.9983828,
"베이커휴즈, 차트 인더스트리즈 인수로 수주잔고 331억 달러 기록": 1784078182.9416714,
"미국 물가 둔화에 국내 증시 반등": 1784078147.0068731,
"미국, 엔비디아 H200 중국 수출 제한적 허용 시작…미중 기술 통제 속 일부 공급": 1784077297.9748127,
"미국 4위 증권사 인터랙티브 브로커스, 스테이블코인 입출금 및 토큰 9종 거래 지원 시작": 1784077257.6914234,
"TxFlow, 예측시장 전용 채널 'Probly' 도입…L1 앱 전용 경로 실험": 1784076367.2824862,
"큐리오시스, 독일 머크와 5년 세포 이미징 제품 공급계약 체결": 1784076336.132402,
"미국 6월 CPI 3.5%로 예상 하회, 금리 인상 우려 완화": 1784075456.2846801,
"코인베이스, 전체 코드의 95% 이상을 AI로 작성 중": 1784074688.948698,
"미국 은행권, 상원에 스테이블코인 수익률 규정 수정 촉구": 1784074649.3489847
}