{
"센추리 알루미늄, 미국 관세 인하로 오클라호마주 제련소 건설 본격화": 1784603738.7037008,
"베트남, 바이낸스·OKX 등 해외 거래소 이용자에 1900달러 벌금": 1784602848.9548059,
"유가 하락, 중재 노력이 미-이란 긴장 상쇄": 1784602093.805611,
"케이뱅크, 블록체인 기반 아시아 송금 네트워크 구축": 1784602043.568542,
"미 SEC, 플로리다 채굴 사기단 기소…2200만 달러 규모": 1784602000.4337914,
"바이낸스, 금융 슈퍼 앱 전략 본격화": 1784601941.2008462,
"마이크로스트래티지, 보통주 2732만 주 매각…2억6350만 달러 현금 확보": 1784600135.364687,
"런던거래소, 2027년 야간 거래 출시 추진": 1784597445.2545774,
"S&P 지수 편입 조정, 미국 주식시장 수급 변화 본격화": 1784596280.142856,
"트럼프, 암호화폐법안 윤리 조항 합의…상원 표결 임박": 1784595656.0531032,
"캐나다 재무부 장관 카니, 미국 신규 관세에 무역담판 강화 의지 표현": 1784594847.6032252,
"KB증권, 현대차 목표주가 25% 하향…2분기 실적 부진 전망": 1784594788.0965657,
"OKX, RLUSD(ERC20) 입출금 일시 중단…지갑 유지보수": 1784594741.8197122,
"체인링크 CCIP, 중앙은행 디지털자산 파일럿 참여": 1784593844.92473,
"패트릭 윗, 군 복무 연기…클래리티법 상원 진행 중 정책조정자 지위 유지": 1784593001.3418467,
"XRP 레저, 프로토콜 업그레이드 검증자 투표 마감 임박": 1784592940.752417,
"컬럼비아 파이낸셜, 17억 달러 규모 유상증자 완료 및 노스필드 뱅크콥 인수 발표": 1784592098.7039115,
"아이칸 엔터프라이즈, 펩보이즈를 메이비스에 7억 달러에 매각": 1784592056.3300269,
"백악관, 클래리티법 윤리 조항 합의…상원 공화당에 전달": 1784591135.2574213,
"트럼프 이란 보복 경고에 유가 상승, 글로벌 증시 약세": 1784590973.874048,
"솔라나 네트워크 스테이블코인 시총 150억달러 돌파": 1784590932.548811,
"앵커리지 디지털, 기관투자자용 트론 스테이킹 출시": 1784590243.0066466,
"뉴질랜드 2분기 소비자물가 4.1% 상승…예상치 상회": 1784589336.6844254,
"솔라나 생태계 대안 스테이블코인 공급 48억달러 돌파": 1784588448.9630737,
"카디널 헬스, 3억6000만 달러에 재택의료 사업 인수": 1784585740.4346902,
"미 민주당, 클래리티 법안에 소비자보호 조항 추가": 1784584948.4364324,
"카르다노, 반 로섬 하드포크 적용…온체인 거버넌스 실제 검증": 1784584891.2512264,
"중동 긴장으로 달러·금리 상승, 금은 약세": 1784584851.90074,
"트럼프, 캐나다에 알코올·유제품·자동차 관세 신규 부과": 1784583327.7003887,
"테더 골드, 아부다비 금융센터서 현물 상품으로 공식 인정": 1784583276.9762535,
"그레이스케일, 월드코인 ETF 미국 증권거래위원회에 신청": 1784583043.5385103,
"한국은행, CBDC 파일럿 2단계 진행…50만 명 규모 확대": 1784582203.5318835,
"하나금융과 두나무, 블록체인 기반 디지털금융 전략동맹 체결": 1784582143.151961,
"홍해 후티 봉쇄로 전쟁보험료 급등": 1784581474.4433699,
"암 조기 진단 바이오기술 기업 Freenome, 상장 데뷔": 1784581421.2306345,
"건설 기업 MasTec, 전기계약업체 Superior Group 인수 완료": 1784581367.647796,
"핀테크 기업 FinWise, 신용카드 기술 기업 Tallied Technology 인수": 1784581309.148708,
"한국, 인공지능기본법 개정안 시행…생성형 AI 표시 의무·고영향 AI 관리 기준 구체화": 1784581254.3113463,
"미 SEC, 채굴 자동화사 고발...2200만 달러 사기 혐의": 1784580333.4512112,
"뉴욕증시 중동 긴장·유가 상승에 4대 지수 하락 마감": 1784579441.673824,
"트럼프, 미군 사망에 대해 이란에 보복 예고": 1784578492.8692582,
"이란의 미국 군사기지 공격으로 약 100명 미군 부상": 1784578436.4904454,
"러시아, 종합 암호화폐법 최종 투표 앞둬": 1784578388.0768902,
"베트남, 미허가 암호화폐 거래에 음주운전 수준 벌금 부과": 1784577648.8929741,
"AMD, MS 애저에 AI 랙 헬리오스 공급…엔비디아 데이터센터 반도체 시장 경쟁 심화": 1784576737.547898,
"지갑 서비스 엑소더스, 25% 인력 감축 추진": 1784575845.906349,
"OTP 은행, 에스토니아 루미너 인수 합의": 1784574934.7554357,
"구글, AI 전용 반도체 '프로즌 v2' 개발…2028년 서버 탑재 목표": 1784574050.6265159,
"한국투자신탁운용 대표, 단일종목 레버리지·인버스 ETF 투자 중단 권고": 1784573138.4436913,
"NEAR 공동창립자, AI 해킹 대비 블록체인 보안 강화 필요 주장": 1784572244.6790893,
"일주일 새 블록체인 브리지 해킹으로 570만달러 탈취": 1784571366.6845758,
"미 법원, 파라마운트·워너 1100억달러 합병 2주간 중단 명령": 1784570509.3334823,
"한화솔루션, 유상증자 목표 절반으로 축소…주당 2만2천100원으로 확정": 1784570462.7550821,
"트럼프, 미국 병사 살해에 대해 이란이 여러 배로 대가를 치르게 될 것이라고 발언": 1784569573.2395217,
"영국, 존 힐리를 재무부 장관에 임명": 1784569539.933428,
"전 뉴욕주지사 쿠오모, OKX 이사회 합류…24시간 토큰화 거래 추진": 1784568694.5753386,
"비트코인 채굴기업들 AI 인프라 대형계약 성사로 강세": 1784568644.858857,
"나이지리아 대통령, 암호화폐 규제 행정명령 서명…가상자산위원회 설립": 1784567837.061996,
"미국 클래리티 법안 연내 통과 확률 37%로 급락…상원서 윤리 조항 교착": 1784567791.5493612,
"블랙록, 메타 텍사스 데이터센터 자금 조달 주도…120억 달러 규모": 1784567746.6251392,
"마이클 세일러, 비트코인 BIP-110 제안 반대 표명…거버넌스 리스크 우려": 1784566900.6677783,
"번슈타인, 로빈후드 목표주가 상향…토큰화·예측시장 성장성 평가": 1784566855.341578,
"러시아 하원, 디지털자산법 최종 심의 앞둬…9월 시행 목표": 1784565937.417828,
"에버온, 코스닥 상장예비심사 신청…전기차 충전 시장 진출": 1784565043.1530514,
"텐센트, 플레이티카 자회사 슈퍼플레이 최대 15억 달러에 인수 협상 중": 1784564176.8357272,
"비트마인, ETH 매입 속도 둔화…8600만 달러를 자사주 매입에 배분": 1784564138.6626556,
"월가 헤지펀드, 기술주 대량 매도…8주 중 6주 순매도로 10년 최악 수준": 1784563294.9802942,
"스트래티지, MSTR 주식 매각으로 2억2500만 달러 조달…현금 준비금 32억 달러 확대": 1784563257.7694259,
"IREN, 40억 달러 초과 AI 클라우드 수익 목표 달성 시 16% 상승": 1784561447.7401776,
"미국 장기금리 신고가 경신, 달러화도 강세": 1784560655.2831225,
"엑소더스, 25% 인력 감축으로 1000만~1300만 달러 연간 비용 절감": 1784560602.7424886,
"미·이란 긴장으로 국제유가 급등, 국내 국고채 금리 전 구간 상승": 1784560549.7174456,
"예멘 후티, 사우디아라비아 해상 봉쇄 선포": 1784559498.7903922,
"미국 6월 경기선행지수 -0.2%…예상치 하회": 1784558826.0656502,
"트럼프 글로벌 관세 24일 만료…무역법 301조 재가동 검토": 1784558779.717287,
"카르다노, 반 로섬 하드포크 완료…온체인 거버넌스 전환": 1784558741.4823482,
"이란, 손실된 천연가스 생산량 1억 입방미터 복구 예정": 1784557126.1192267,
"행동주의 펀드 얼라인파트너스, 가비아 매각 절차의 공정성 문제 제기": 1784557082.9393723,
"핀테크 기업 차임, 무수수료 투자 서비스 출시…1천만 명 회원 확보": 1784557048.5786462,
"헛8, 98억 달러 규모 텍사스 데이터센터 장기 임대 계약 체결": 1784557004.7146814
}