{
"독일 ZEW 경기심리지수, 7월 회복세 강화": 1784627232.8155513,
"블랙록, 한국항공우주·에코프로 주요 주주로 부상": 1784627195.1488514,
"토큰화 주식 시장 급성장…블록체인 자산 규모 170배 증가": 1784627139.828355,
"호르무즈 해협, 선박 피격으로 유조선 정지": 1784625463.3183193,
"영국 의회, 은행의 암호화폐 기업 계좌 제한 실태 조사 착수": 1784625426.994321,
"트럼프, 미국 암호화폐 규제 클래리티 법안 윤리 조항에 동의": 1784625383.1226132,
"워싱턴 법원, 칼시 스포츠 예측시장 잠정 금지 결정": 1784625340.7093437,
"코인셰어스, 유럽 기관투자자 대상 UCITS 플랫폼 출시": 1784624451.218672,
"이스라엘, 레바논 남부 시범 안전지대 운영 시작": 1784623572.9461656,
"ECB 은행대출조사, 유로존 은행 대출기준 추가 강화": 1784623534.0629318,
"오라클, AI 투자 부담에 신용위험 헤지 비용 급등": 1784622643.8713145,
"금감원, 홈플러스 사태 연루 사모펀드·증권 감독 강화": 1784621784.057922,
"USD.AI, 하이드라 호스트에 5440만 달러 대출 집행": 1784621736.2562943,
"바이낸스, 2026년 7월 다중 USDT 마진 트래피 선물계약 출시": 1784620921.051761,
"미국 진보진영 버니 샌더스 의원, 암호화폐 업계 정치자금 비판": 1784620887.8587942,
"런던거래소, 암호화폐 24시간 거래 경쟁에 대응해 야간 거래 계획": 1784620852.123298,
"쿠코인, NIGHT 토큰 입금 서비스 일시 중단": 1784619938.4435754,
"쿠코인, UTA 할인 등급 구조 통일 계정 기반으로 전환": 1784618611.2635028,
"베이스, 1:1 담보 기반 토큰화 주식 출시 임박": 1784618570.816418,
"이란, 호르무즈 해협 재개 결정은 안보 고려 따를 것": 1784618192.7362087,
"완체인 카르다노 크로스체인 브릿지 해킹…5억1500만 개 NIGHT 토큰 도난": 1784618138.4580421,
"베조스, 반도체 칩메이킹 신소재 발굴 AI 스타트업에 투자": 1784616530.4436147,
"금이 1% 상승, 미국-이란 외교 희망으로 유가 랠리 일시 중단": 1784616488.1972466,
"영국 5월 실업률 4.9% 유지, 6월 임금급여 감소": 1784616455.1067662,
"BNK자산운용, 미래 모빌리티 산업 투자 'BNK 스마트카 ETF' 상장": 1784616409.796418,
"이더리움 재단·옵티미즘, 국내 금융·정책 실무진과 디지털자산 정책 논의": 1784616353.172838,
"영국 의회, 암호화폐 기업 은행 거래 제한 문제 조사 시작": 1784615487.9872394,
"코스피 2% 상승, 반도체주 강세·수출 개선 주도": 1784615446.7648404,
"영국 번햄 총리, 에너지 요금 부가세 폐지 발표": 1784614533.4338746,
"OKX, CARDS/USD 현물 거래 상장": 1784613737.3588996,
"인도 중앙은행, 유가 상승 속 루피 약세 막기 위해 외환시장 개입": 1784613692.0086367,
"누뱅크, 브라질 방은코 포르토레알 인수로 규제 기반 확장": 1784613654.0605135,
"미국, 이란 대상 10연야 공격 마무리": 1784612823.8271072,
"미-이란 긴장 고조로 유가·국채 수익률 상승 계속": 1784612780.9010003,
"한국은행, 2026년 9월 원화국제결제망 시범 운영 시작": 1784612744.5945022,
"블랙록, AI 데이터센터에 120억달러 투자…메타와 협력": 1784611025.226682,
"미국 워싱턴주 법원, 칼시의 스포츠 예측시장 금지 판결": 1784610975.3200986,
"중동 정세 악화로 유가 급등, 한국 채권 금리 상승 압박": 1784610940.1862268,
"이란 호르무즈 해역 선박 공격으로 유조선 정지": 1784610056.1581397,
"인도 몬순 이상으로 농작물·전력망 위협": 1784608242.8058007,
"그레이스케일, 미국 최초 월드코인 ETF 신청": 1784607337.5293899,
"셀시우스 공동창립자, FTC와 600만 달러 이상 합의": 1784605549.2478907,
"키움증권, REST API 기반 자동매매 개발도구 공개": 1784604643.5103977,
"센추리 알루미늄, 미국 관세 인하로 오클라호마주 제련소 건설 본격화": 1784603738.7037008,
"베트남, 바이낸스·OKX 등 해외 거래소 이용자에 1900달러 벌금": 1784602848.9548059,
"유가 하락, 중재 노력이 미-이란 긴장 상쇄": 1784602093.805611,
"케이뱅크, 블록체인 기반 아시아 송금 네트워크 구축": 1784602043.568542,
"미 SEC, 플로리다 채굴 사기단 기소…2200만 달러 규모": 1784602000.4337914,
"바이낸스, 금융 슈퍼 앱 전략 본격화": 1784601941.2008462,
"마이크로스트래티지, 보통주 2732만 주 매각…2억6350만 달러 현금 확보": 1784600135.364687,
"런던거래소, 2027년 야간 거래 출시 추진": 1784597445.2545774,
"S&P 지수 편입 조정, 미국 주식시장 수급 변화 본격화": 1784596280.142856,
"트럼프, 암호화폐법안 윤리 조항 합의…상원 표결 임박": 1784595656.0531032,
"캐나다 재무부 장관 카니, 미국 신규 관세에 무역담판 강화 의지 표현": 1784594847.6032252,
"KB증권, 현대차 목표주가 25% 하향…2분기 실적 부진 전망": 1784594788.0965657,
"OKX, RLUSD(ERC20) 입출금 일시 중단…지갑 유지보수": 1784594741.8197122,
"체인링크 CCIP, 중앙은행 디지털자산 파일럿 참여": 1784593844.92473,
"패트릭 윗, 군 복무 연기…클래리티법 상원 진행 중 정책조정자 지위 유지": 1784593001.3418467,
"XRP 레저, 프로토콜 업그레이드 검증자 투표 마감 임박": 1784592940.752417,
"컬럼비아 파이낸셜, 17억 달러 규모 유상증자 완료 및 노스필드 뱅크콥 인수 발표": 1784592098.7039115,
"아이칸 엔터프라이즈, 펩보이즈를 메이비스에 7억 달러에 매각": 1784592056.3300269,
"백악관, 클래리티법 윤리 조항 합의…상원 공화당에 전달": 1784591135.2574213,
"트럼프 이란 보복 경고에 유가 상승, 글로벌 증시 약세": 1784590973.874048,
"솔라나 네트워크 스테이블코인 시총 150억달러 돌파": 1784590932.548811,
"앵커리지 디지털, 기관투자자용 트론 스테이킹 출시": 1784590243.0066466,
"뉴질랜드 2분기 소비자물가 4.1% 상승…예상치 상회": 1784589336.6844254,
"솔라나 생태계 대안 스테이블코인 공급 48억달러 돌파": 1784588448.9630737,
"카디널 헬스, 3억6000만 달러에 재택의료 사업 인수": 1784585740.4346902,
"미 민주당, 클래리티 법안에 소비자보호 조항 추가": 1784584948.4364324,
"카르다노, 반 로섬 하드포크 적용…온체인 거버넌스 실제 검증": 1784584891.2512264,
"중동 긴장으로 달러·금리 상승, 금은 약세": 1784584851.90074,
"트럼프, 캐나다에 알코올·유제품·자동차 관세 신규 부과": 1784583327.7003887,
"테더 골드, 아부다비 금융센터서 현물 상품으로 공식 인정": 1784583276.9762535,
"그레이스케일, 월드코인 ETF 미국 증권거래위원회에 신청": 1784583043.5385103,
"한국은행, CBDC 파일럿 2단계 진행…50만 명 규모 확대": 1784582203.5318835,
"하나금융과 두나무, 블록체인 기반 디지털금융 전략동맹 체결": 1784582143.151961,
"홍해 후티 봉쇄로 전쟁보험료 급등": 1784581474.4433699,
"암 조기 진단 바이오기술 기업 Freenome, 상장 데뷔": 1784581421.2306345,
"건설 기업 MasTec, 전기계약업체 Superior Group 인수 완료": 1784581367.647796,
"핀테크 기업 FinWise, 신용카드 기술 기업 Tallied Technology 인수": 1784581309.148708
}