{
"바이낸스 선물, OUSDT 영구선물계약 런칭 예정": 1783451771.4252505,
"마이크로소프트, 엑셀·아웃룩에 자체 AI 모델 확대 적용": 1783451738.0091054,
"캐나다, 글로벌 방위금융은행 참여국 모집 추진": 1783450856.879728,
"이스라엘 중앙은행, 기준금리 인하 결정 인플레이션 안정화 시 추가 완화 시사": 1783450184.7341778,
"이탈리아, 러시아 스파이 혐의 용의자 2명 체포": 1783450139.4259017,
"호르무즈 해협 위협 수준 '심각'으로 상향, 이란 탱커 공격 후": 1783450080.8433008,
"아마존, AI 인프라 확대 위해 250억 달러 이상 회사채 발행": 1783450038.2412765,
"크래켄 거래소, 유럽 은행 인허가 취득 추진 중 리투아니아 선택": 1783450000.7576082,
"레이더 채트, Signal 기술 기반 암호화 메시징과 라이트닝 비트코인 결제 결합": 1783449944.3373983,
"메타, 청소년 중독 소송서 1.4조달러 벌금 청구받아": 1783449048.165954,
"페루 차기 대통령, 벨라르데 중앙은행 총재 유임 공식 지명": 1783448864.922209,
"중국, 해외 접근 제한 검토…자국 AI 모델 규제 강화": 1783448273.5920005,
"미국 최대 석탄기업 피바디, 희토류·핵심광물 공급망 주자로 변신": 1783448241.5216367,
"테더(USDT) 결제 시장 석권, 써클(USDC)은 DeFi 주도…스테이블코인 역할 분화": 1783448204.8732355,
"AI 데이터센터 전력 수요 증가로 美 러스트벨트 제조업체 전기요금 급등": 1783448150.3019116,
"스페이스X IPO로 토큰화 주식 거래 6월 사상 최고 기록": 1783447250.36431,
"미국 5월 무역적자, 자본재 수입 증가로 확대": 1783446372.0776758,
"미 재무부, 3년물 국채 69억 달러 경매…낙찰수익률 4.179%": 1783446335.7799695,
"케냐 금융감독당국, 암호화폐 범죄 추적용 블록체인 모니터링 도구 도입 추진": 1783445451.4771216,
"테더, 라틴아메리카 토큰화 금융 확대 차원에서 메르카도 비트코인에 투자": 1783443698.8779519,
"신한은행, 가계대출 총량 관리 차원에서 모집인 채널 신규 접수 중단": 1783443653.464939,
"영국 정치인 파라주 의원직 사직, 암호화폐 '기부금' 스캔들로": 1783442736.0010736,
"M-DAQ 글로벌, 베트남 진출로 동남아 결제 인프라 강화": 1783441899.505327,
"온도 파이낸스, 토큰화 주식을 무기한선물 거래 담보로 사용 가능": 1783441852.643676,
"미국 6월 소비자 기대인플레 반등, 3년 전망 2022년 이후 최고": 1783441035.5800924,
"미국 SEC, 올해 내 암호화폐 규칙(Reg Crypto) 제안 추진": 1783440978.3098383,
"경제계, 지속가능성 공시 확대에 시행 시기·기업 부담 우려": 1783440942.3195028,
"미국 방산주 강세 지속, 방위비 확대·AI 전장기술 투자 확대가 배경": 1783440194.7827537,
"한국 투자자예탁금 112조원대로 급락, 3개월 전 수준 회귀": 1783440151.2258952,
"테더, 라틴아메리카 토큰화 확대 중 브라질 거래소 '메르카도 비트코인'에 2000만 달러 투자": 1783440100.3631258,
"1kx·블록체인캐피탈, KOR 프로토콜에 750만 달러 투자": 1783440058.829629,
"전후 해역 유가 경쟁에서 OPEC 약세 우려": 1783438299.1864467,
"호르무즈 해협 선박 피격으로 유가 반등, WTI 배럴당 70달러·브렌트유 73달러": 1783438253.163266,
"RWA 토큰화로 유럽 중소기업 금융 접근성 확대 가능": 1783437464.4958346,
"금융감독원·네이버페이, 모험자본 투자 플랫폼 서비스 시작": 1783437427.325151,
"삼성전자 실적 양호에도 주가 급락, 코스피 5% 하락": 1783437379.8253312,
"제미나이, 미국서 0% 수수료 주식거래 서비스 시작": 1783437341.9915535,
"미 상원, CLARITY Act 협상 단계 진입…주요 법집행 기관들 지지로 돌아서": 1783436467.2478745,
"정부, 단일종목 레버리지 ETF 규제 보완 추진": 1783435541.9928622,
"AI 투자 열풍 식으면서 기술주 강세 약화": 1783434702.0966575,
"뱅가드, 디지털자산 담당 임원 신규 채용 추진": 1783434650.259479,
"EDX마켓, SBI홀딩스 주도로 7600만 달러 펀딩 조달": 1783433738.3812456,
"트럼프, 터키 제재 해제 및 F-35 판매 검토 의사 표명": 1783432943.4691732,
"테더 전 최고정보책임자, 보유 지분 일부 매각 추진": 1783432905.7976406,
"코인베이스, 영국 투자서비스 인가 취득…주식·파생상품 추가": 1783432865.9706895,
"사우디아라비아, 홍해로 통하는 석유 파이프라인 확장 검토 중": 1783432204.4110975,
"약세 엔화로 일본 기업들 비트코인·XRP 수요 증가…SBI VC Trade 가입자 200만 돌파": 1783432157.7122486,
"K33 분석, 비트코인 순환공급 절반 이상이 손실 상태…사이클 바닥 임박 신호": 1783432101.7160988,
"온도 글로벌, 토큰화 주식 기반 무기한선물 플랫폼 '온도 퍼프스' 출시": 1783432042.3514287,
"헤지펀드 엔화 약세 베팅 13.8만 계약, 2007년 이후 최대 수준": 1783431983.4823017,
"XRP 레저 토큰화 자산 1년 만에 1.5억 달러→40억 달러 이상 급증": 1783431946.3303316,
"미국 5월 무역적자 776억 달러, 예상 778억 달러보다 개선": 1783430255.964992,
"삼성전자·에스케이하이닉스 주가 급락, 기대 실망과 셀온 현상 겹쳐": 1783430196.5335703,
"테라울프, 앤스로픽과 190억 달러 AI 데이터센터 20년 계약": 1783430140.6829715,
"악소스 파이낸셜, 핀테크 기업 아크 테크놀로지스 인수": 1783429296.997147,
"원/달러 환율 소폭 하락, 엔화 강세와 수출업체 매도 영향": 1783429255.100911,
"EU 의회, MiCA 전환 종료 후 디지털자산 정책 방향 채택": 1783428373.797319,
"SEC, 메타마스크 조사 종결…규제 리스크 해소": 1783428335.8124835,
"코인베이스, 영국 투자서비스 인가 취득…전통자산 상품 추가": 1783427450.58707,
"이퀴팩스, 멕시코 신용정보사 서클로 드 크레디토 7억5천만 달러에 인수": 1783425765.8598506,
"오토데스크, FTC로부터 MaintainX 인수 조기 종료 승인 획득": 1783425706.0014687,
"미국 지니어스법 스테이블코인 규제 규칙 18일 발표": 1783425654.8045497,
"폴리마켓 거래자 소송 제기…스트래티지 비트코인 매도 판정 분쟁": 1783424801.9796865,
"코인베이스, 영국 투자서비스 인가 획득…파생상품·주식 거래 추가": 1783424753.02613,
"CS, 15억원 유상증자 결정…R&D 투자 확대": 1783423846.0890324,
"사우디 유조선, 호르무즈 해협 인근에서 피격": 1783422940.004077,
"Ctrl 월렛, 보안 해킹 후 폐쇄…2026년 8월 3일 서비스 종료": 1783422098.8037257,
"미 재무부, AI 산업 버블 경고 내부 보고서 작성": 1783422053.864549,
"비탈릭 부테린, AI가 익명의 이더리움 제안 기여자 신원 파악했음을 확인": 1783420881.0759828,
"인도, 인도네시아에 브라모스·아스트라 미사일 공급 예정": 1783419443.8474917,
"프로스펙트 마켓, 크립토닷컴과 협력해 미국 예측시장 진출…97만 달러 자금 확보": 1783419401.9946725,
"리플 최고법률책임자 \"미국 성인 6700만명이 디지털자산 보유\"": 1783419349.104796,
"갤럭시, 텍사스 헬리오스 캠퍼스서 AI 허브 전환 진행…1단계 133MW 인프라 구축": 1783418456.1400895,
"쿠코인, 영구선물 펀딩 레이트 공식 개정…2026년 7월 14일 실행": 1783417674.31661,
"오만 인근 호르무즈 해협에서 사우디 유조선 피격…유가 변동성 우려": 1783417634.4039507,
"디지털 챔버, 뉴욕 휴면 비트코인 지갑 소송 기각 요청…자기관리 지갑 판례 우려": 1783417584.3530278,
"유에스디에이아이, 텍사스 AI 인프라 대출 실행…수익률 11.5%로 인상": 1783417542.3830955,
"MiCA 규정 준수 유로 스테이블코인, 전년 대비 128% 성장": 1783416705.008227,
"업비트·네이버 주식교환 거래 재차 연기, 암호화폐 법안 논의 영향": 1783415794.82457,
"미 정부 비트코인 비축 정책 1년 이상 교착, 재무부·상무부 권한 갈등": 1783415741.336759
}