{
"코인베이스 법무담당자 폴 그루월 퇴사": 1783629983.4553878,
"그레이스케일 최고재무담당자 7년 만에 퇴사": 1783629937.9963691,
"비트디어, 네바다 채굴기 제조시설 건설로 미국 생산 확대": 1783629088.1191266,
"미국 뉴햄프셔주 비트코인 담보 지방채 발행 무산": 1783629050.6005125,
"독일 다임러 자회사, 영국 방위산업 기업 18억달러에 인수": 1783628206.160829,
"국제유가 2% 하락, 경기 둔화 우려가 중동 긴장보다 부각": 1783628145.667456,
"팬텀·하이퍼리퀴드, CFTC에 온체인 파생상품 규제 현대화 요청": 1783627392.18828,
"백악관, SEC·CFTC 공석에 민주당 지명자 받지 못했다": 1783627352.0963435,
"미국 클라리티법 협상서 윤리 조항이 핵심 변수로 부상": 1783627297.7449343,
"이더리움 재단, AI 에이전트로 네트워크 보안 취약점 발굴": 1783627255.1262786,
"미국 암호화폐 명확성법 새 초안 다음 주 공개 예상": 1783626336.6288395,
"이란에서 폭발음 보도, 방공망 가동…트럼프 사전 경고": 1783625776.4477947,
"미군, 이란에 재차 공습 실시…호르무즈 해협 항해 자유 위협 차단": 1783625745.8256128,
"이란 '미 기지 광범위 공격' 경고, 쿠웨이트·바레인 기지 피격": 1783625685.4545164,
"뉴질랜드 6월 제조업 PMI 5년 만에 최고 기록": 1783625653.1526089,
"호주 최대 연금펀드 호주수퍼, 인도 인프라 투자 5억 호주달러 추가 투입": 1783625599.9403024,
"중국 6월 소비자물가 1.0% 상승, 예상 1.2% 하회": 1783625558.0413742,
"중국 6월 생산자물가 4년 만에 최고, 소비자물가는 하락": 1783625510.258522,
"JP모건 \"블록체인 채택 불균형이 암호자산 생태계 더 위협\"": 1783625473.3425941,
"일본은행, 지역경제 평가 9개 전 지역 유지": 1783624856.1213548,
"일본 관방장관, 시장 고시 수준 높다고 표명": 1783624824.5405476,
"이란 해군, 호르무즈 해협 '파괴적 대응' 경고": 1783624779.4402537,
"미국 초기 실업수당 21.5만 건, 예상 하회": 1783624729.8639154,
"미국 6월 기존주택 판매 409만 건, 예상 하회": 1783624685.064465,
"미국, 30년물 국채 220억 달러 발행…수익률 5.058%": 1783624631.6250672,
"이란 3일째 폭발 발생, 미군 기지 인프라 위협": 1783624582.2491891,
"비트코인 ETF와 사모신용펀드서 동시 대규모 유출 발생": 1783624549.0004003,
"미-이란 긴장 고조에 트레이더들 예상, 11월 선거까지 휘발유 3.5달러 이상 지속 확률 75%": 1783621944.3506007,
"호르무즈 해협 통행량 급감에도 국제유가 제한적 반응, 시장 적응력 높아져": 1783621893.226269,
"이더리움 재단, AI 에이전트 배포해 네트워크 보안 취약점 사전 적발": 1783621850.214205,
"2조 달러 규모 사모펀드 시장에서 2분기 환매 요청 156억 달러 발생": 1783620950.5363133,
"베이커휴즈, EU 조건부 승인 예정 차트인더스트리 인수 거래": 1783620089.0167072,
"백악관, CFTC 공석 문제로 복잡해진 암호화폐 법안 추진 방어": 1783620054.626935,
"이더리움 신규 비영리단체, 월스트리트의 암호화폐 가이드 역할 추진": 1783618383.724138,
"비트코인 채굴 기업의 AI 전환, 임원 주식 매각 등 투자자 감시 대상": 1783618341.5593681,
"팔로알토 CEO, AI 토큰 비용 90% 인하 필요성 지적": 1783618292.0490067,
"뉴욕 연은 총재, 유가 장기 급등 가능성 낮다고 전망": 1783618252.4164577,
"EU, 이란 분쟁 영향으로 석유·가스 사용 억제 전기화 계획 추진": 1783617334.3712685,
"개인정보보호위, 블록체인 개인정보 처리 가이드라인 발표": 1783615537.8693705,
"Hyperliquid·Phantom, CFTC에 온체인 프로토콜 규제 재검토 촉구": 1783613739.9133813,
"AI 데이터센터 계약 기반 채굴 기업 저평가 논란, 애널리스트 지적": 1783612909.3356822,
"백악관 전 경제 참모들 AI 투자 과열 경고, 닷컴버블 수준 우려": 1783612858.388159,
"메타, AI 칩 '아이리스' 9월부터 양산…반도체 자립 추진": 1783612068.924474,
"중앙그룹 채권 투자자 286명, 법률 대응 본격화": 1783612010.7121627,
"중동 정세 불안에도 국고채 금리 등락 혇갈려": 1783611974.7350402,
"JPMorgan, 비트코인의 주요 리스크는 블록체인 채택 불균형이라고 지적": 1783611943.2504933,
"영국 노동당 의원, 암호화폐 기부 금지 항구화 추진": 1783611050.3156512,
"웰스파고, SEC 공시 공개…비트코인 ETF 비중 축소하고 이더리움·솔라나 투자 확대": 1783610141.1895185,
"트럼프 행정부 권한 강화 대법원 판결, SEC·CFTC 암호화폐 규제 영향 미칠 수 있어": 1783609253.872846,
"호르무즈 해협 유조선 통행 사실상 중단, 이란 분쟁으로 긴장 고조": 1783608423.8559473,
"이란, 요르단 아즈라크 미군 기지에 탄도미사일 10발 발사": 1783608380.575529,
"마라톤 디지털, 텍사스 2GW 규모 AI·비트코인 채굴 캠퍼스 계획 공개": 1783608341.3286357,
"미국 6월 주택 매매 부진, 주택가격은 사상 최고": 1783606544.563432,
"에이브, 수익 추구 핀테크 투자자 위한 볼츠 상품 출시": 1783605753.9896214,
"미국 신규 실업수당 21.5만 건, 시장 예상 하회로 고용 안정성 확인": 1783605719.4743805,
"페이팔, PYUSD 스테이블코인을 폴리곤에 네이티브 발행": 1783605661.6054354,
"비트코인의 양자컴퓨팅 난제: 블록 크기 확대 vs STARK 영지식증명": 1783604791.548499,
"가운틀릿, 일본 SBI홀딩스로부터 1억2500만 달러 시리즈 C 투자 유치": 1783604741.0946,
"트럼프 이란 핵합의 '종료' 발언 후 라틴아메리카 자산 급락": 1783604096.5031598,
"EU, 2027년 MiCA 개정해 역외 스테이블코인 발행자 규제 확대": 1783604037.881844,
"아센덱스 거래소 전면 운영 중단, 출금 보장 불가": 1783603978.6467354,
"암호화폐 VC 패러다임, 12억 달러 펀드 조성해 AI 투자 확대": 1783603917.991473,
"Stripe 자회사 Privy·Jito, 솔라나 거래 포함 도구 FullSend 공동 개발": 1783603859.5022316,
"홍콩 금융감독당국, 암호화폐 플랫폼에 피싱 방지 로그인 의무화": 1783603705.5842772,
"2026년 상반기 암호화폐 해킹 손실 9억7200만 달러, 공격 건수는 최다": 1783603658.9126816,
"문페이, AI 암호화폐 에이전트를 텔레그램에 출시": 1783603606.124192,
"에이브, 스테이블코인 수익 제품 '스테이블 볼츠' 출시": 1783603545.7319539,
"미국 주택가격, 달러 기준 상승하나 비트코인 기준 90% 하락": 1783603489.3143415,
"삼성전자·SK하이닉스, 국내 증시 거래대금의 51% 차지": 1783603434.8605464,
"이란, 걸프만 미군 목표 타격했다고 발표…지도자 장례식 준비": 1783598790.3911548,
"레이어제로에서 체인링크 CCIP로 72억달러 이상 마이그레이션, 맨틀 합류": 1783598757.654885,
"한국씨티은행, 한국은행 연말 기준금리 3.5% 인상 전망": 1783597600.818008,
"CFTC 위원장, 클래리티법 미통과 시 규제당국이 암호화폐 규칙 전부 작성할 것 경고": 1783597541.735932,
"인터폴, 연애사기 연루 암호화폐 지갑 1억2250만달러 적발": 1783596765.2421446,
"소니뱅크, 미국 통화감시청으로부터 스테이블코인 발행 사업 조건부 승인": 1783596707.4133775,
"중동 긴장으로 국제유가 급등, 국내 항공주 일제히 하락": 1783596652.2413816,
"소니뱅크 자회사, 미국 통화감시청 규제 통과해 달러 스테이블코인 발행 준비": 1783595883.6266057,
"BitGo, 기관투자자 비트코인 지갑에 양자 컴퓨팅 보안 기술 도입": 1783595824.5051003,
"SWIFT, 블록체인 결제 플랫폼 17개 글로벌 은행과 파일럿 시작": 1783595791.7998981,
"원/달러 환율 1,506원대로 상승": 1783595740.5811841
}