{
"공정위, 네이버-두나무 M&A 심사 강화…29개 항목 질의서 발송": 1784885782.1182485,
"미래에셋, 한국 거래소 코빗을 디지털X로 리브랜딩…RWA·스테이블코인 허브로 전환": 1784885490.184639,
"비트코인 채굴 풀 풀린, 챕터11 파산보호 신청…텍사스 채굴장 5200만달러 매각": 1784885442.799378,
"영국 7월 서비스업 경기지수 51.8으로 예상치 상회": 1784884534.5746937,
"쿠코인, 4개 토큰 입금 서비스 임시 중단": 1784883805.8083076,
"비트코인 채굴 풀 Poolin, 파산 신청 및 텍사스 채굴장 5200만달러 매각": 1784883753.1462564,
"리플, RLUSD 기관 접근성 확대 위해 'Mint' 출시": 1784883710.1934826,
"NFT 사업 사기 코인업체 대표, 항소심서 징역 6년 6개월 선고": 1784883659.2141478,
"유로존 7월 경기지수 상승, 4개월 만에 회복": 1784882778.1775784,
"카자흐스탄, 드론 공격으로 원유 생산 감축": 1784882737.3625038,
"미 상원, 암호화폐 규제 법안 윤리조항 재협상…트럼프 수익 제한 쟁점": 1784881840.9692798,
"바이낸스, SK하이닉스 토큰화증권 SKHYB 현물 상장": 1784881223.7897906,
"독일 7월 제조업 PMI 52.2로 예상 상회…서비스업 49.6": 1784881167.7706797,
"로빈후드 CEO 테네브, 해킹 후 첫 입장…\"로빈후드는 어떤 코인도 발행하지 않았다\"": 1784881110.2098324,
"EU, 8월 25일부터 벨라루스 국민·주민의 암호자산 서비스 소유 금지": 1784881054.7070735,
"한국은행, 2분기 경제 성장 지표 우호적…8월 추가 금리 인상 가능성 점검": 1784881017.510504,
"프랭클린템플턴 벤지, BNB체인에 자산 61.7% 집중…15억달러": 1784880980.808981,
"S&P다우존스·판테라, 프로토콜 수익 기반 새 지수 출시…비트코인 제외": 1784880945.885844,
"MEXC, 前바이비트 최고준법감시인 신규 영입…글로벌 컴플라이언스 강화": 1784880050.1927044,
"프랑스 7월 서비스업 PMI 49.8으로 상승, 종합경기지수 회복": 1784879134.6149879,
"제일기획 2분기 순이익 24% 증가": 1784878247.9607334,
"미국 기술주 7대장 하루에 시총 7970억달러 증발": 1784877141.9214694,
"XRP 레저 코어 서버 v3.2.0 배포…노드 38% 여전히 구버전": 1784877089.7915254,
"코스피 중동 긴장·유가 급등에 6,700대로 추락": 1784876452.8728209,
"독일 8월 소비자 심리지수 악화…-29.6으로 예상치 하회": 1784875635.6468928,
"영국 6월 소매판매 예상 상회…월간 1% 증가, 전년 대비 4.2% 상승": 1784875589.9737096,
"리플, RLUSD 기관 결제 플랫폼 출시 및 노타베네 추가…월간 이체액은 25% 감소": 1784875536.4274333,
"미래에셋, 코빗을 '디지털X'로 리브랜딩…RWA·스테이블코인 연계 플랫폼 구축": 1784873737.9267256,
"유가 100달러 돌파·이란 긴장으로 비트코인 6만5000달러 지지선 시험": 1784871942.7861686,
"SUI 재단, 비트코인 담보 DeFi 프로토콜 '해시' 테스트넷 시작": 1784871092.4129102,
"BitMEX, 폐쇄 발표 당일 6억2300만달러 규모 집단소송 제기": 1784871044.4617226,
"중국, 6월 금 수입 173톤으로 2년 최고치": 1784870179.6006715,
"미 상원 클래리티법, 8월 휴회 전 60표 확보 시급": 1784870138.811286,
"한국투자증권, 인베스팅닷컴 플랫폼에 비대면 계좌개설 서비스 개시": 1784869300.7245405,
"미 상원 CLARITY Act 윤리 조항 협상 재차 난항": 1784869254.6677883,
"SEC, 9월 24시간 주식 거래 공개 토론회 개최": 1784867440.985344,
"NHN KCP·아발란체, 스테이블코인 결제 시스템 공개": 1784867023.7971017,
"한글과컴퓨터, 사명을 '한컴'으로 변경…AI 중심 기업으로 전환": 1784866536.4607847,
"인도, 은 수입 규제로 5월 이후 수입량 급감": 1784865737.8079758,
"수이, 스테이블코인 무료 전송 기능 메인넷 적용": 1784865679.9964516,
"리플, 기관용 스테이블코인 관리 플랫폼 '리플 민트' 출시": 1784865649.096793,
"바이낸스, 인신매매 대응 국제단체와 협력 강화": 1784864784.7238286,
"윙클보스 형제, 트럼프 지원 PAC에 비트코인 1000만달러 기부": 1784864741.6866114,
"나스닥, SEC 승인으로 부실 상장사 상장 폐지 절차 간소화": 1784863955.6056612,
"민주당 상원의원, 공화당 클래리티법 윤리조항 비판": 1784863898.135946,
"코인베이스, AI 에이전트 USDC 결제 기능 출시": 1784863844.7316322,
"미국, 이란 향해 13일 연속 야간 공습 실행": 1784862938.4091709,
"비트멕스, 7월에 65개 파생상품 거래쌍 폐지": 1784862048.825046,
"중동 긴장으로 유조선 우회항로 운항비 월 250만달러 증가": 1784861232.118826,
"유가 급등으로 아시아 주가 하락, 인플레이션 우려 재부상": 1784861178.6286392,
"비트멕스 폐쇄로 암호화폐 파생상품 시장 재편 가속": 1784861141.1374984,
"람다256, 카드업계와 스테이블코인 결제 시스템 테스트 완료": 1784860242.704098,
"현대차 2분기 최대 매출에도 영업이익 20% 급감…관세·생산차질 여파": 1784858592.3645163,
"미국 한국산 제품에 12.5% 관세 부과…한미 합의선 15% 유지 협의": 1784858551.2415664,
"트럼프 대이란 강경 발언에 한화에어로스페이스 5.3% 상승": 1784858497.193165,
"코스피 7,000선 붕괴…장 초반 1.92% 하락": 1784858451.414611,
"미 SEC, 9월 24시간 주식 거래 관련 회담 개최": 1784856700.221656,
"시타델 증권, 크립토닷컴에 4억달러 투자": 1784856644.163832,
"폴리마켓 거액 베팅 계정, 금융사기 전과자 소유 적발": 1784855765.3432953,
"그레이스케일, 연준이 금리 인상하지 않으면 비트코인 약세 끝났을 수 있다": 1784854939.3746579,
"리플, 노타베네에 투자하며 RLUSD 기관 결제 확대": 1784854892.4436805,
"골드만삭스 CEO, 美 암호화폐 규제법안 '클래리티법' 지지": 1784854853.7614114,
"미국 암호화폐 산업, 2024년 경제 기여 550억달러 추정": 1784854023.359039,
"로빈후드 CEO X 계정 해킹…가짜 밈코인 사기에 악용": 1784853990.9191418,
"엠퍼리 디지털, 카드널 데이터 파워에 2000만달러 투자": 1784853938.44528,
"LS일렉트릭, 2분기 신규 수주 243% 급증으로 목표주가 상향": 1784853094.223402,
"크립토퀀트, 이더리움 비트코인 대비 17% 저평가 진단": 1784853043.9390268,
"일본 6월 인플레이션 지표 예상 부합, 헤드라인 1.7%": 1784852337.9704762,
"두산밥캣, 2분기 실적 예상치 상회하며 목표주가 상향": 1784852294.832477,
"금융위, 단일종목 레버리지 상품 투자 규제 7월 31일 시행": 1784852256.4121368,
"바이낸스, 인신매매·아동 착취 추적 협력": 1784850336.141167,
"호주 7월 복합 PMI 52.6으로 상승, 서비스 부문 주도": 1784849545.1135252,
"스트레티지, 비트코인 양자 보안 연합 출범…1500만달러 3년 투입": 1784849445.0465012,
"브리지 24시간에 3500만달러 이상 해킹…베루스·AFX·BSquared 피해": 1784848535.564518,
"EU, 러시아 21차 제재 승인…암호자산 거래소 11곳 포함 금융망 차단": 1784847651.548784,
"번스타인, 비트코인 채굴업체 AI 전력 공급 계약 급증에 주목": 1784846733.6763628,
"월드코인(WLD) 토큰 언락 물량 43% 축소, 미국 경제지표 발표 예정": 1784844937.6695526,
"스트라이프, AI 스타트업 오픈라우터 약 100억 달러에 인수 협상": 1784844087.8454862,
"제미니, CFTC와의 합의 관련 트럼프 PAC에 비트코인 1000만 달러 기부": 1784844051.8104873,
"트럼프, 법적 소송에 견딜 새로운 관세 공개": 1784843197.3867984
}