{
"쿠코인, 영구선물 펀딩 레이트 공식 개정…2026년 7월 14일 실행": 1783417674.31661,
"오만 인근 호르무즈 해협에서 사우디 유조선 피격…유가 변동성 우려": 1783417634.4039507,
"디지털 챔버, 뉴욕 휴면 비트코인 지갑 소송 기각 요청…자기관리 지갑 판례 우려": 1783417584.3530278,
"유에스디에이아이, 텍사스 AI 인프라 대출 실행…수익률 11.5%로 인상": 1783417542.3830955,
"MiCA 규정 준수 유로 스테이블코인, 전년 대비 128% 성장": 1783416705.008227,
"테더 전 최고정보책임자, 보유 지분 일부 매각 추진": 1783416656.2984583,
"업비트·네이버 주식교환 거래 재차 연기, 암호화폐 법안 논의 영향": 1783415794.82457,
"미 정부 비트코인 비축 정책 1년 이상 교착, 재무부·상무부 권한 갈등": 1783415741.336759,
"사우디아라비아, 원유 가격 인하": 1783414078.1231842,
"폴리마켓 스트래티지 비트코인 매도 시장 분쟁으로 소송": 1783414042.5662007,
"아카시 네트워크, 메인넷 18 업그레이드 완료": 1783413999.8475847,
"케이뱅크, 디지털자산 오프램프 검증 착수": 1783413939.1762483,
"바이낸스, 비트코인 보유자 대상 커버드콜 수익 상품 'BTC Yield' 출시": 1783413051.8265007,
"아담 백, 거래소 장기 보관과 레버리지 투자 경고": 1783412136.3642724,
"비트코인 스위스, UAE 라이선스 취득…중동 기관시장 진출": 1783411292.2093835,
"일본 채권 수익률 상승으로 비트코인에 매크로 역풍": 1783411254.4497802,
"헤지펀드 엔화 약세 베팅 13.8만 계약, 2007년 이후 최대 규모": 1783410395.5146236,
"글로벌는 정형 자산 토큰화 확대, 한국은 조각투자 중심": 1783410339.473091,
"아시아 주가 약세…삼성 실적 부진에 AI 약세 영향, 유가는 안정": 1783408579.384392,
"한국거래소 코스피 8% 급락으로 서킷브레이커 발동…거래 20분 중단": 1783408536.7031898,
"봉크 거버넌스 악의적 공격으로 2천만 달러 손실 위기": 1783407653.0291414,
"미국 스테이블코인 규제 'GENIUS 법' 후속 규칙 제정 본격화": 1783406736.7096298,
"일드 길드, 게임 사업 중단하고 35명 감원…AI로 방향 전환": 1783404986.5352886,
"거래자, 블록 내 백런 익스플로잇으로 200만 달러 손실": 1783404936.1689947,
"이란 외교장관, 협상 계속 위협 시 최종 합의 협상 불개시": 1783403136.2602615,
"테라울프, 앤스로픽과 190억 달러 AI 데이터센터 계약 체결": 1783402307.2439737,
"미국 전략적 비트코인 준비금 제도란": 1783402248.050082,
"트럼프, 터키에 F-35 전투기 접근권 복원 의사 전달 예정": 1783401369.3440504,
"리비안, 7500만 주 증자 추진…연간 생산 목표 7만대로 상향": 1783401337.474711,
"코스피 8%대 급락으로 매도 사이드카 발동": 1783400453.2677262,
"인도 은행들, 저가 외환자금 조달로 단기채 발행 감소": 1783398754.5794985,
"트럼프 대통령, 암호화폐 참여가 정치적 배경 있다고 인정": 1783398702.0600603,
"코스피 급락으로 한국거래소 매도 사이드카 발동": 1783398652.484535,
"쿠코인, 봉크(BONK) 입출금 일시 중단": 1783397848.1627183,
"쿠코인, 그로브(GROVE) 상장": 1783397799.1913176,
"삼성전자 주가 급락으로 코스피 지수 약세": 1783397739.363145,
"이란, 호르무즈 해협에서 상선에 미사일 발사": 1783396000.7909408,
"인젝티브 CEO, L1 블록체인이 채택 증가에 따라 분산성과 속도 사이 트레이드오프 압박받을 것": 1783395940.6690857,
"유가, 공급 회복과 수요 전망에 따라 상승세": 1783394255.9174879,
"SK하이닉스 나스닥 데뷔 앞두고 미국 투자기관 70억 달러 매입 의사 표현": 1783394198.6652539,
"미국 암호화폐 명확성 법안 8월 7일까지 상원 통과 필요, 봉크다오 거버넌스 공격으로 2천만 달러 손실": 1783394144.2509828,
"쿠코인, 카피 트레이딩 리드 트레이더 레버리지 한도 조정": 1783393300.7353587,
"미국 6월 서비스업 PMI 54.0으로 둔화…트럼프, 이란 합의 압박": 1783393251.978165,
"미국 비트코인 국가 준비금 도입, 정부 기관 간 권한 논쟁으로 지연": 1783391452.8657467,
"중국 경제학자 비관적 강연 후 구금, 계정 삭제": 1783388734.6956956,
"사우디, 유가 2000년 이후 최대 폭 인하…시장 약세 신호": 1783385137.807673,
"한화오션, 캐나다 잠수함 사업 우선협상대상자 선정 탈락…주가 21% 급락": 1783384250.0284388,
"일본 5월 경제지표, 가계지출 호조·임금은 부진": 1783383343.680095,
"타이거리서치, 홍콩 핀루프와 RWA 시장 협력 추진": 1783382451.0572171,
"달러 강세 베팅 400억 달러 규모, 2015년 이후 최고 수준": 1783381255.0066338,
"국내 코인 거래소 거래량 급감·유동성 부족으로 이중고": 1783379740.412448,
"미국 정부 기관들, 비트코인 국가 준비금 도입을 둘러싸고 논의 진행 중": 1783378907.838293,
"삼성전자 2분기 영업이익 89.4조 원, 전년 동기 대비 1810% 증가": 1783378854.7597797,
"달러·금리 하락 속 금값 상승, 시장 관심은 FOMC 의사록으로": 1783376197.3256412,
"국내 외환시장 24시간 거래 첫날, 원/달러 1,530원대에서 안정적 출발": 1783376138.0997174,
"Primary Bank, Hometown Financial에 1억6000만 달러에 인수되기로": 1783372842.3335218,
"Vertex, Crinetics Pharmaceuticals을 100억 달러에 인수": 1783372792.8005733,
"Northern Trust, 보호자서비스 사업부를 Wintrust에 매각": 1783372748.7290914,
"영국 외교장관, AI 규제 미흡 시 '인공지능 히로시마' 경고": 1783372714.1648762,
"삼성전자 2분기 영업이익 84조 원대 전망, 사상 최대 실적 가능성": 1783372679.9932861,
"스트래티지, 비트코인 3588개 약 2억1600만 달러에 매도": 1783372626.079408,
"솔라나 토큰화 실물자산 규모 34억 달러 사상 최고": 1783372594.0103514,
"지난 24시간 암호화폐 청산 4억1000만 달러 기록": 1783372550.0937362,
"BonkDAO, 악의적 거버넌스 공격으로 2000만 달러 손실": 1783371651.7570567,
"테더 전 CIO 히스코트, 보유 지분 1.26% 중 일부 매각 추진": 1783370740.2941298,
"ECB 슈나벨, 이란 쇼크 여파 계속된다": 1783368939.8678222,
"일드 길드, 게임 퍼블리싱 사업 중단하고 35명 감원": 1783368106.9700208,
"트럼프 전략적 비트코인 준비금 법적·관할권 문제 봉착": 1783368055.3953886,
"리플, 유럽 MiCA 라이선스 전격 취득": 1783367137.850014,
"미국 6월 서비스업 성장 둔화, 고용은 반등": 1783366621.973707,
"네덜란드, NATO 포럼에서 30억 유로 규모 방위 계약 발표": 1783366583.5626886,
"미·이란 평화 합의가 하반기 글로벌 금융시장 변수": 1783366526.2619228,
"트럼프 비트코인 전략비축 정부 내 권한 다툼…재무부·상무부·법무부 공동 검토": 1783365386.6919508,
"패러다임, M1X 글로벌 5.5백만 달러 시드라운드 주도": 1783365341.5539532,
"스페이스X, 7월 7일 나스닥100 지수 편입…8000억 달러 규모 펀드 유입 예상": 1783364581.6610422,
"코인베이스 AI, 월드컵 경기 결과를 경기 시작 전 잘못 배포": 1783364526.1447868,
"법원, Genesis Yield 소송에서 배리 실버트·DCG 상대 사기 혐의 재개": 1783364487.3645034,
"마크롱 프랑스 대통령, 아사드 축출 이후 EU 정상 최초 시리아 방문": 1783363538.8887775,
"PNC, 분기 배당금 18% 인상…美 스트레스테스트서 최상위 자본력 입증": 1783361773.839676,
"클래리티법 상원 처리 연기…트럼프 대통령 자산 이해충돌 조항 합의 어려움": 1783361740.443876
}