{
"한국 증시 급락으로 위탁매매 미수금 급증": 1783697477.4865134,
"현대차, 국내 주요 기업 중 처음으로 내부 스테이블코인 송금 도입": 1783697446.173487,
"호르무즈 해협 유조선 통항량 급감…미·이란 충돌 여파": 1783696648.2942584,
"오픈AI·구글, 미국 제재 중국 기업에 AI 모델 제공…규제 집행 공백 노출": 1783696597.846435,
"미국 주택법안에 CBDC 금지 조항 포함…2031년까지 연방준비제도 개발 제약": 1783696540.3319275,
"a16z 창립자 앤드리센, 연방준비제도 AI 생산성 태스크포스 공동 주도": 1783693957.903612,
"최태원 SK회장, 미국 추가 투자 추진·합작투자 논의 중": 1783693922.3783112,
"최태원 SK회장, 중국 매출 30% 수준·미국과 문제 없을 것": 1783693888.191679,
"최태원 SK회장 CNBC 인터뷰, 5년 내 생산능력 2배 확충 가능": 1783693854.6991816,
"중국, 미-이란 긴장 고조 속 헬륨 수출 일시 금지": 1783693001.1199481,
"EU MiCA 라이센스, 암호화폐 수탁사 보안·탄력성 기준 검증 본격화": 1783692940.2862546,
"세일러 스트래티지 회장, 비트코인이 기업 준비자산·신용담보로 확대될 것": 1783692055.9990234,
"바이낸스 선물, 캡 USDT 무기한계약 신규 상장": 1783691221.2924807,
"미국 관계자 \"이란과 핵 협상 계속 진행할 것\"": 1783691174.1865997,
"암호화폐 로비, CLARITY 법안 통과 위해 1억 8900만 달러 캠페인 진행 중": 1783691136.1479192,
"바이낸스 CEO, EU MiCA 규제 이후 EU 이용자 출금의 70%가 자기수탁으로 이동 공개": 1783690312.042871,
"TrueDAO, AI 기반 디파이 인프라 확장 위해 1000만 달러 투자 유치": 1783690260.6621754,
"월가 투자사들, SK하이닉스 ADR 레버리지 ETF 출시 준비 중": 1783689347.0380387,
"스탠다드차타드, 비트코인 2026년 말 목표가 10만 달러 유지": 1783688455.3807666,
"미국 연방수감자, 정부 몰수 암호화폐 29만 달러 도용 혐의로 기소": 1783687539.9124684,
"OKX·메타마스크·매터랩스, AI 에이전트용 분쟁해결 플랫폼 지원": 1783686649.799024,
"스테이블코인 발행사 서클, 미국 국립신탁은행 인가 최종 획득": 1783684916.2078295,
"골드만삭스·모건스탠리, 직원 예측시장 거래 제한…내부자거래 우려": 1783684857.8469503,
"일본의 '국내 투자 정책'이 비트코인·금 같은 자산 수요 증가 유도할 전망": 1783683937.9355752,
"카르다노 공동창립자 찰스 호스킨슨, 은퇴설 강력히 부인": 1783683150.6161346,
"일본 CRYL, 최대 620만 달러 규모 비트코인 담보 대출 서비스 개시": 1783683097.8491554,
"스테이블코인 기업 서클, 미국 통화감독청 최종 승인으로 국립신탁은행 설립": 1783683052.8855379,
"스위프트, 17개 은행과 토큰화 예금 결제 실험…24시간 국경간 송금 추진": 1783682239.8509736,
"텐센트, AI 스타트업 마누스 최대주주 추진…메타 인수 구도 재편": 1783682182.2081077,
"레저 연구진, 탄젬 카드 보안 결함 공개…레이저 공격으로 비밀번호 초기화 가능": 1783682140.10322,
"퍼펙트 코퍼레이션, 비공개화 인수합병 확정계약 체결": 1783681249.9083536,
"비트코인 채굴사 TeraWulf, 인류픽 관련 켄터키 데이터센터 건설에 35억 달러 차입 추진": 1783679550.6774092,
"톰 리 펀드스트랫 공동창업자, 이더리움 장기 목표가 4만 달러 제시": 1783679497.4078317,
"뉴햄프셔주 1억 달러 규모 비트코인 담보 지방채 발행안 최종 부결": 1783679450.7183976,
"IEA, 미-이란 긴장 고조가 2027년 석유 공급 잉여 위협할 수 있다고 경고": 1783678597.1733587,
"레볼루트, 암호화폐 거래소를 AI 어시스턴트와 연동": 1783678539.8200405,
"토레스 판사 추가 판결로 XRP 규제 해석 재주목": 1783677664.4350057,
"폴리마켓, 미국 마진거래 승인 신청": 1783676736.1824634,
"메타플래닛, 비트코인 담보 디지털 신용상품 일본 시장 진출 추진": 1783674980.2306128,
"미 연방 수감자, 정부 몰수 암호화폐 29만 달러 도용 혐의로 기소": 1783674939.9372272,
"영국 노동당 의원들, 암호화폐 정치 후원금 영구 금지 법안 추진": 1783673138.36492,
"미국 30년물 국채 금리 2007년 이후 최고 수준으로 상승": 1783672249.2577736,
"아카시 네트워크, 개인 GPU로 AI 연산력 자급하는 '홈노드 이론' 제시": 1783671377.8265076,
"메타, 남는 AI 연산 자원을 외부 임대·클라우드 판매 검토": 1783671340.0076706,
"쿠코인, 무브먼트 네트워크 USDC 지원 시작": 1783670449.5113063,
"쿠코인 선물, 주식지수 무기한계약 3종목 상장": 1783669533.1075175,
"프랑스 6월 최종 물가지수 확정, 전년비 1.8%로 ECB 압박 완화": 1783667780.421869,
"마틴 마리에타, 135억 달러 규모 인수합병으로 북미 골재 시장 지배력 확대": 1783667737.7116616,
"바이낸스, 여러 USDT 증거금 전통금융 무기한계약 출시": 1783666854.0902007,
"독일 6월 최종 물가지수 확정, 전년비 2.3%로 이전 발표와 동일": 1783665985.798332,
"온체인 데이터 인프라가 블록체인 산업의 핵심 과제로 대두": 1783665937.3216832,
"유럽의회, 2028년까지 사적메시지 스캔 허용…종단간 암호화는 제외": 1783665047.4815729,
"로빈후드 체인, 첫 주 7,000만 달러 이더리움 브릿지": 1783664179.829928,
"골드만삭스, 직원 예측시장 거래 정치·금리 베팅 금지": 1783664140.7228272,
"노스캐롤라이나주, 예측시장 거래수익에 6% 세금 부과 법안 통과": 1783663259.2933917,
"수이 메인넷, AI 에이전트 거래에서 608만 TPS 기록…포커·결제·채팅 동시 처리": 1783662372.4730084,
"CFTC, 칼시 BTC 무기한 선물 승인…전통 파생상품 대표 거래소 주가 급락": 1783662335.452263,
"쿠코인 선물, SOXS·KORU 무기한계약 상장폐지": 1783661450.8847997,
"비트코인 수요 올해 최강 회복세, 기관들 저점 상향 평가": 1783660584.33292,
"SK하이닉스, 미국 ADR 공모가 149달러로 확정": 1783660550.125819,
"지캐시, 7월 28일 아이언우드 네트워크 업그레이드 목표": 1783658789.810486,
"비트코인, 달러 대비 강세지만 엔화 급등으로 엔 환산 약세": 1783658742.01092,
"핀테크 기업 피겨, 6억 달러 채권발행·키아비 인수": 1783656978.37984,
"폴리마켓, 미국 규제 마진거래 신청": 1783656939.288698,
"국제유가 약보합, 중동 공급 리스크 지속 속 주간 상승률 유지": 1783655174.2105017,
"OKX, SLX/USD 현물거래 상장": 1783655138.9959707,
"인젝티브 npm 패키지 해킹 시도, 지갑 키 탈취 목표": 1783654282.947611,
"오라클, AI 투자 부담으로 신용등급 강등": 1783654246.7947023,
"6월 미국 현물 비트코인 ETF서 40억달러 순유출": 1783653398.970393,
"스트래티지, 비트코인 기반 신용평가 모델 공개": 1783653341.3256583,
"쿠코인, ANSEM 상장": 1783652451.030675,
"일본 생산자물가 2023년 이후 최고 상승률, BOJ 인상 가능성 높아져": 1783649796.5704803,
"OKX, SLX/USDT 현물거래 상장": 1783649746.3013783,
"카이아, 한화투자증권·갈락티카와 실물자산 토큰화 협력": 1783647047.2826903,
"바이낸스 CEO \"EU MiCA 규제 이후 이용자 출금의 70%가 개인지갑으로 이동\"": 1783645256.036875,
"유럽 의회 사적메시지 감시법 통과, 암호자산 커뮤니티 반응 확산": 1783644341.1143682,
"금융위, AI 활용 금융사 망분리 규제 전면 해제 추진": 1783643448.114792,
"주권부자펀드, AI 인프라에 4,040억 달러 투자 중 국가 전략 우선시로 전환": 1783642580.6109776,
"일본 6월 PPI 전년비 7.1% 상승, 예상 6.8% 상회": 1783642542.8959546,
"뉴욕 연은 총재 유가 장기 급등 가능성 낮다고 전망…미-이란 긴장에도": 1783641655.0779636
}