{
"유가 배럴당 71.91달러로 급락, 중동 지정학 우려에도 약세": 1783976656.4416647,
"캐나다 6월 고용 예상 초과…USDCAD 하락": 1783976595.8813393,
"트럼프 '휴전 종료' 발언에 달러 강세, 위험회피 심화": 1783976537.9517148,
"마이크로스트래티지, 주식 4억6670만달러 조달…비트코인 보유량 유지": 1783976498.8373928,
"뉴햄프셔주, 비트코인 준비금에 이어 '블록체인 기본법' 서명": 1783976467.479355,
"DP 월드, UAE 동부 항구 개발 추진…호르무즈 해협 우회": 1783975568.6154892,
"이란-미국 휴전합의 왜 틀어졌나…외교 분석": 1783975516.1049616,
"SK하이닉스 ADR, 나스닥 상장 나흘 만에 12.7% 데뷔 프리미엄 소멸": 1783975465.7986944,
"하이퍼리퀴드 HIP-3 시장, 연초 2%에서 현재 50%까지 선물 거래량 확대": 1783975420.4718106,
"미 민주당, 암호화폐 클래리티법 반대 강화…트럼프 암호자산 규제 미비 지적": 1783974759.9109046,
"한국 연금저축 해지 62.7% 급증, 주식시장으로 자금 이동": 1783974706.0948544,
"바이낸스US, 저수수료·신상품으로 시장점유율 20% 회복 목표": 1783974660.096788,
"테라울프, 앤스로픽과 190억 달러 AI 호스팅 계약 체결": 1783971936.3756497,
"이란 동부 반더압바스서 폭발 보도": 1783971841.1610289,
"SBI, 일본 첫 엔화 스테이블코인 대출 서비스 출시": 1783971808.9225304,
"리플, 룩셈부르크서 MiCA CASP 인가 획득": 1783971750.604271,
"미국 클래리티 법안 상원 복귀…연내 통과 가능성 50대50": 1783969369.1594496,
"미·이란 갈등으로 뉴욕증시 엇갈려…에너지주 강세, 기술주 약세": 1783969315.1006725,
"연준 이사 \"근원물가 재상승 시 추가 긴축 검토\"": 1783969268.9773166,
"미국 6월 연방 예산 적자 1200억 달러…예상치 하회": 1783968438.0096002,
"UN 해사기구, 호르무즈 해협 통항료 반대…트럼프 보호비 요구에 대응": 1783968387.381308,
"미 연준 금융감독 부의장, 금융 규제 개편 추진…AI 등 신기술 지원": 1783968340.651297,
"미국 6월 CPI·연준 발언·고용지표 이번 주 발표…암호화폐 시장 방향성 결정": 1783967456.0092468,
"트럼프 암호화폐 수익 논란, 미 클래리티 법안 표결에 영향": 1783965664.2265337,
"사우디아라비아 아바 국제공항 미사일 공격 보도, 유가 4.30달러 상승": 1783964738.714856,
"볼리비아, USDT를 국가 결제통화로 인정 검토": 1783963854.8183072,
"태국 중앙은행, USDT 포함 스테이블코인 거래 감시 강화": 1783962938.3772616,
"현대차, 테더 USDT로 미국-멕시코 간 국제결제 완료": 1783962166.525515,
"에릭 트럼프 \"비트코인 100만달러 달성할 것\"…기관 채택 가속화 강조": 1783962114.2967129,
"솔라나 기반 DEX 주피터, 온체인 포켓몬 카드 거래 지원": 1783962063.9418578,
"미즈호, 서클 OCC 승인에도 중립 유지…USDC 성장 둔화·경쟁 심화 우려": 1783961192.7001667,
"영국, 토큰화 금융 로드맵 공개…연 330억 파운드 경제효과 예상": 1783961142.1861212,
"미국-이란 긴장으로 국내 채권시장 금리 전 구간 상승": 1783960254.3406272,
"파키스탄, 암호화폐 제도권 편입 진행 중 종교적 합법성 논쟁 심화": 1783958479.9219263,
"트럼프 행정부, 상원에 암호화폐 명확성법(Clarity Act) 추진 재촉": 1783958434.6440969,
"캠브리지대, 이더리움 연간 전력소비 7.87기가와트시로 재추정": 1783957536.315243,
"바이낸스, SKHYB 토큰화 증권을 담보자산으로 추가": 1783956718.4550755,
"마이크로스트래티지, 비트코인 매입 중단하고 30억 달러 현금 확보": 1783956667.1296427,
"OPEC, 2026년 전 지구 석유 수요 성장률 추가 인하": 1783955844.915048,
"에어로바이런먼트, 이탈리아 군 인증·5억 달러 계약 체결…매출 141% 증가": 1783955800.227389,
"미·이란 무력 충돌 격화로 유가 급등, 나스닥은 AI주 약세로 0.7% 하락": 1783955745.988694,
"마이클 세일러·아담 백, 비트코인 BIP-110 재차 반대": 1783954975.8728075,
"볼리비아, 국가 결제망에 테더(USDT) 도입 검토": 1783954924.625074,
"중국 검찰, 암호화폐 자금세탁 조사 강화 추진": 1783954875.8926003,
"바이낸스, bStocks 현물거래 쌍 추가…루멘텀·메타·마이크로소프트·팔란티르·QQQ": 1783954025.745662,
"트럼프, 이란 봉쇄 재개…호르무즈 해협 통항료 20% 부과": 1783953978.6724126,
"에머리 디지털, 보유 비트코인 절반 매각…AI 데이터센터·부채상환에 투입": 1783953940.6129127,
"일본 최대 증권토큰 플랫폼, 약 30억달러 규모 자산을 아발란체로 이전": 1783953061.9140265,
"스테이블코인 환전 수수료, Q2 인터뱅크 FX 이하로 하락": 1783952336.2186067,
"미국 증권이전대리인협회, SEC에 토큰화 증권 규제 기준 촉구": 1783952289.2560809,
"비트고 CEO, 다음 강세장은 더 느리고 변동성 낮을 것 예측": 1783952232.0901732,
"영국 재무부, 토큰화 보고서에서 리플을 수렴 모델로 제시": 1783952188.9007025,
"비트마인, 이더리움 577만 개 보유로 확대": 1783952149.567566,
"월스트릿 주식이전담당기관, SEC에 로비…제3자 토큰 규제 경고": 1783951411.6202867,
"헤데라 기반 본조 런드 프로토콜 해킹…오라클 조작으로 900만달러 피해": 1783951363.4275234,
"미국 CLARITY Act 수정안 윤리 조항 제외…8월 처리 전망 불투명": 1783951306.8903282,
"태국 중앙은행, 스테이블코인 비정상 거래 적발…규제당국에 이관": 1783951263.074264,
"미국 2년물 수익률 2월 이후 최고치 4.24% 터치": 1783950440.1190736,
"헤데라 기반 소스 프로토콜 해킹으로 525만 달러 유출": 1783950404.1401181,
"SK하이닉스·삼성전자 각각 15%, 10% 급락": 1783950346.4819593,
"스트레티지, 마이크로스트래티지 주식 4억6700만달러 매각": 1783949594.8775787,
"미국-이란 갈등으로 국제유가 급등, 국내 정유주 강세": 1783949558.6977346,
"비트마인, 이더리움 278만개 축적…일일 누적량 2만7801개": 1783949523.9979346,
"코인베이스 벤처스, 2026년 상반기 암호화폐 VC 투자 규모 1위": 1783949463.4060977,
"OKX, TAO/USDT 현물거래 상장": 1783948539.113105,
"트럼프, 호르무즈 해협 방어 비용 미국 상환 요구": 1783948230.746309,
"IMF, 스테이블코인이 달러 접근성 높이지만 위기 신호 확산 가능": 1783948172.9539504,
"제리언트, NEXBOARD 건자재 성능시험 통과…상업화 탄력": 1783948140.8945029,
"마티나스 바이오팜, GH 파워와 사업결합…청정에너지 공개회사 창설": 1783947876.1804547,
"프리펙트, 데그스터 랩스 인수…데이터 오케스트레이션 플랫폼 통합": 1783947818.7754066,
"트랜스디젬, 스텔란트 시스템 인수 중단": 1783947775.929905,
"XRP 주간 RSI 30 하회…12년 역사 중 두 번째 과매도 신호": 1783947716.9257257,
"코스피 조정으로 개인 투자자 심리 위축…예탁금 감소": 1783947672.546449,
"트럼프, 호르무즈 해협 장악 의사 표명": 1783946847.1262155,
"로빈후드 체인, 주간 DEX 거래량 31억 달러 달성…상위 5개 블록체인 진입": 1783946791.6149473,
"JPMorgan, 규제 명확성 강조…CLARITY Act 상원 통과 가능성 높아질 전망": 1783946739.721211,
"로빈후드, AI 에이전트 통한 암호화폐 자동매매 기능 도입 예정": 1783945943.9069707,
"바이리얼, 출시 1년 만에 거래량 37억 달러 달성": 1783945900.0004835,
"스트레티지, 7천억 원 자금 조달…비트코인 추가 매입은 보류": 1783945860.575436,
"영국, 이란 혁명수비대를 테러 조직으로 지정": 1783944972.6897056
}