{
"파운드리, 채굴자들에 BIP-110 지지 투표 요청": 1784717137.500977,
"크래켄 모회사, 토큰화 주식을 홍콩·영국·한국 종목으로 확대": 1784716242.4009783,
"루비오 미 국무장관, 이란 '많은 위기' 상황 언급": 1784715339.869534,
"바이낸스, 토큰화 증권 10개를 담보자산으로 추가": 1784714579.4567204,
"3M, AI 데이터센터 광통신 기술로 광섬유 시공 시간 85% 단축": 1784714491.7434576,
"SecondFi, 260만 달러 ADA 도난으로 운영 중단": 1784714452.5169976,
"인도 루피, 이란 분쟁 재격화로 유가 급등에 민감성 증가": 1784713594.1519876,
"갤럭시, 비트코인 양자내성 개발에 500만 달러 지원": 1784713538.3529413,
"밸런스 스테이블코인 99% 급락...100만 달러 규모 해킹": 1784711791.6257434,
"S&P·판테라, 디지털자산 지수 출범...비트코인 제외": 1784711740.3980126,
"호르무즈 해협 통과 선박 감소, 보안 우려 지속": 1784710057.3694112,
"미 상원 민주당, 클래리티 법안의 공직자 암호화폐 윤리규정 집행권 문제로 반발": 1784710023.661299,
"텔레그램, 모든 사용자에 비수탁형 암호화폐 지갑 탑재 예고": 1784709984.0621727,
"국제결제은행, USD 스테이블코인의 자본통제 회피 가능성 지적": 1784709940.9154532,
"BOJ, 엔화 급락에 12월보다 앞서 금리 인상 검토": 1784709047.970032,
"BIS, USD 스테이블코인이 자본통제 회피 가능하다고 경고": 1784707300.255836,
"금감원·핀산협, 전자금융업 협의회서 결제 리스크 관리 강화 논의": 1784707250.2216167,
"미국 검찰, 국제 사기·자금세탁 연루 암호화폐 2,500만 달러 몰수 추진": 1784706340.914564,
"정부·여당, 디지털자산기본법 연내 제정 목표로 입법 속도": 1784705448.542908,
"이란, 요르단·바레인 주둔 미군시설 타격": 1784704580.9504478,
"미국 성인 비트코인 보유자, 금 보유자 첫 초과": 1784704536.6913283,
"영국 6월 CPI 2.6%, 물가상승률 소폭 완화": 1784702771.5172918,
"바이낸스 현물, bStocks 10개 거래쌍 신규 추가": 1784702734.2143116,
"쿠코인 선물, ZHIPU·MINIMAX 스탁 인덱스 영구계약 신규 상장": 1784701005.382474,
"루비오 미 국무장관, 이란 위기 협상 의사 재표명": 1784700945.5153885,
"오픈AI, 보안 평가 중 AI 모델이 샌드박스 탈출해 해킹 페이스 공격": 1784700047.5995789,
"금값 2주일 고점 경신, 연준 금리 전망과 중동 분쟁이 주요 변수": 1784699135.3151398,
"골드만삭스, 호르무즈 봉쇄 시 브렌트유 배럴당 120달러 돌파 가능성 제시": 1784695092.9742522,
"미군, 이란 타격 11일째 연속 공습 완료 발표": 1784695038.89057,
"루비오 미 국무장관, ASEAN 회의에서 중국 왕이 외교부장과 회담": 1784695000.2578287,
"HTX, 영국 제재 회피 위해 지갑 계속 교체": 1784694690.5789888,
"코스피 7,000선 회복, 반도체주 주도로 5% 이상 급등": 1784694644.3002005,
"정부, 반도체·AI·휴머노이드 3대 메가 프로젝트 추진": 1784691936.2454097,
"바이낸스 선물, 2026년 7월 전통금융 파생상품 계약 출시": 1784691075.2782195,
"밸런스 코인 99% 급락, 42DAO 해킹으로 915만 달러 손실": 1784691041.7624967,
"일본 석유 수입 급증으로 무역수지 악화, BOJ 금리 인상 압력 증가": 1784690207.6568987,
"미 재무장관, 클래리티 법안 의회 휴회 전 통과 촉구": 1784690172.3521369,
"글로벌 M2 공급량 120조 달러 상회, 단기 유동성 플러스 전환": 1784690140.3263068,
"파키스탄, 암호화폐 범죄 수사 전담팀 출범": 1784689250.6369936,
"쿠코인, 로렌조 프로토콜(BANK) 상장 개시": 1784688583.2345273,
"미국 이란 타격 발표 후 유가 소폭 상승": 1784688533.9643967,
"트럼프, 미국·사우디 30년 핵연료 농축 기술 거래 승인": 1784688487.1297774,
"카르다노, 커뮤니티 투표만으로 하드포크 결정…블록체인 거버넌스 역사 기점": 1784688430.4431949,
"카이코 리서치, 암호화폐 거래소 가치평가 축이 거래량에서 기관 자금·규제·유동성 질로 이동": 1784688382.8866296,
"타이거리서치, 2026년 암호화폐 시장은 내러티브에서 실사용 중심으로 재편": 1784688347.1244683,
"앤트로픽, 미 상무부 제재 후 로비 지출 26% 급증": 1784686542.7144675,
"삼성전자 신용등급 전망 상향, S&P '긍정적'으로 평가": 1784685648.611118,
"발라지 네트워크 스쿨, 말레이시아 규제 회피해 카자흐스탄으로 이동": 1784683934.0189493,
"금융위, AI 결제 수단을 기술중립적으로 논의해야 한다고 입장": 1784683877.4678242,
"금융위, 금융사 AI 전환 위해 망분리 연내 전면 해제 추진": 1784683845.8276134,
"러시아 암호화폐 합법화 법안 통과, 커뮤니티서 시장 변수로 주목": 1784681185.3680062,
"영국 비트코인 재무 회사 삿수마, 4,300만 달러 규모 비트코인 자산 청산 추진": 1784681142.8116972,
"일본 6월 수출 예상 초과, 중국 향 17.6% 증가": 1784679444.43732,
"나이키, 중국 온라인 유통업체 수천 개 단절 및 디지털 구조 재편": 1784679392.4065201,
"한국 반도체주 동반 상승, 코스피 지난달 대비 3.56% 급등": 1784679341.39992,
"레바논군, 이스라엘 철수 후 남부 도시 진입…미중재 협정 첫 검증": 1784677456.6173925,
"트럼프, 제네릭 의약품 2년 관세 유예 후 대폭 인상 추진": 1784677416.9886835,
"트럼프 이란 핵시설 타격 경고…유가·금리 불안 고조": 1784677379.7186954,
"파키스탄, 미국에 100억 달러 규모 외환보유고 지원 신청": 1784675734.9075222,
"중동 정세 영향으로 유가·달러·금리 상승…금값 4077달러 돌파": 1784672266.4519646,
"국내 은행 원화대출 연체율 7년 만에 최고치 기록": 1784672229.4849613,
"암호화폐 로비 단체, 일리노이 거래세 소송 제기": 1784672189.8710616,
"미 민주당, 암호화폐 규제법 클래리티 반발 지속": 1784672140.6254206,
"미 하원 소위, CLARITY 법안이 CFTC의 예측시장 규제 권한 강화할 수 있다고 지적": 1784670334.292066,
"주택담보대출 고정금리 7.5% 돌파, 기준금리 역할 약화": 1784670121.553888,
"은행권, 신용대출 증가로 주택담보대출 규제 강화 추진": 1784669496.2178383,
"은행 가계대출 관리로 비은행권 주택자금 수요 유입, 5개월간 10조원 증가": 1784669445.9474602,
"무브먼트 랩스, 11장 파산 신청…마켓메이킹 스캔들 이후": 1784668624.0919237,
"디지털 챔버, 일리노이주의 암호화폐 거래세 소송 제기": 1784668577.3336906,
"트럼프 암호화폐 윤리 규정 승인…연방 관리의 암호화폐 발행 금지": 1784668541.520971,
"이베르드롤라, 핀란드 유틸리티 카루나 80% 지분 23억 달러에 인수": 1784667822.2526722,
"퍼스트 파이낸셜 뱅콥, 핀워드 뱅콥 인수": 1784667769.455929,
"갤럭시 게이밍, 에볼루션과의 합병 중단": 1784667708.9741468,
"팰로알토 네트웍스, 옵저버빌리티 플랫폼 엠브레이스 인수": 1784667657.2350676,
"달러/엔화 40년 만의 최고가 경신": 1784666786.3076568,
"디지털 에셋, 신한금융·SC벤처스로부터 1000만 달러 추가 조달": 1784666734.493868,
"텔레그램, 10억 사용자 대상 암호화폐 지갑 도입 추진": 1784665323.768226,
"이란 전쟁 우려로 스태그플레이션 프리미엄 상승": 1784664994.1184568,
"삿수마 테크놀로지, 비트코인 자산 청산 및 런던거래소 상장폐지 승인": 1784664941.7283902,
"미 국방부, 전투 장비 손실 보충 위해 20억 달러 긴급 예산 요청": 1784663140.00973
}