{
"크래켄 로보틱스, 코벨야 그룹 인수 완료": 1783004542.935445,
"미국 재무부, ISIS-K 관련 100개 이상 암호화폐 주소 제재": 1783004493.3206089,
"스탠다드차타드, EU 디지털자산시장법(MiCA) 라이선스 취득": 1783004459.9671702,
"미국 5월 공장주문 -1.3%, 예상 -1.8%보다 호조": 1783003730.9035125,
"FBI 국장 '스트레티지' 주식 6개월 지연 신고, STOCK법 위반 논란": 1783003699.1204922,
"메타마스크, 스테이블코인 연 4% 수익 제공하는 '머니 어카운트' 출시": 1783003638.8613553,
"서울 채권시장, 국고채 금리 전 구간 하락": 1783003591.2335715,
"SBI 크립토, 비트코인 채굴풀 7월 31일 폐쇄": 1783003544.042561,
"온도파이낸스, 블랙록 ETF·마이크론 주식 토큰화 출시": 1783002652.513342,
"UBS, 호르무즈 석유 흐름 회복에 2026~2027년 유가 전망 하향 조정": 1783001879.0135124,
"미국 주식시장 랠리 수혜 대부분 1%에 집중, 다수 가구는 투자 노출 전무": 1783001843.0524657,
"2025년 글로벌 개인자산 10.8% 급증, 거의 100만 명 신규 백만장자 탄생": 1783001803.9209013,
"SEC 피어스 위원 '클래러티법 올여름 상원 통과 예상'": 1783001744.3762424,
"리전스 파이낸셜, 투자은행 프레이저 래니어 인수해 지방채·기업증권 서비스 확대": 1783001086.8081076,
"아카마이, 보안 엔터프라이즈 브라우저 기업 레이어엑스 인수 완료": 1783001045.2758365,
"2026년 블록체인 주요 프로토콜 업그레이드 전망": 1783001005.073592,
"미국, 알리바바·앤트 기업 불법 의약품 유통 방지 실패로 6억 달러 합의": 1783000956.710781,
"온도파이낸스, 블랙록 IVV ETF와 마이크론 주식 토큰화해 출시": 1783000909.9066322,
"스탠다드차터드, 글로벌 은행 중 처음으로 기관에 USDC 직접 발행·환전 서비스 제공": 1783000865.168243,
"터키, EU 결제시스템 가입 추진": 1783000072.536518,
"중국 헝리, 서아프리카·중동 원유 구매 중단하고 생산 감축": 1783000034.799512,
"빗겟, 미국 주식옵션 거래 추가…Stock+ 플랫폼 확대": 1782999998.175204,
"미국 6월 비농업 고용 5.7만명, 예상의 절반 수준으로 노동시장 둔화 신호": 1782999944.7760572,
"트럼프 대통령, NATO 방위비 분담 재제기…'미국 독박 불공평'": 1782999093.3243535,
"팔머 러키·피터 티엘 지원 에레보르 뱅크, 80억달러 밸류션으로 펀딩 협상 중": 1782999048.5776455,
"나스닥 상장 한국 미디어 기업, 비트코인 모두 매각하고 AI로 전환": 1782998432.0350726,
"에이브, 모나드에 V3 대출 프로토콜 출시": 1782998388.7091312,
"카카오뱅크, 정기예금·적금 금리 최대 0.20%p 인상": 1782998333.1854212,
"영국 규제당국, 토큰화 결제 인프라 지원 발표": 1782998289.9020174,
"미국 클래리티법 7월 처리 무산, 상원 복귀 후 표결 예상": 1782998246.8191588,
"JPMorgan, 마이크로스트래티지의 비트코인 매도 정책 비판": 1782998187.7012198,
"코스피 7.89% 폭락해 7,648선에서 마감": 1782998149.02558,
"클리어원, 비바니 자회사 코르티젠트와의 합병 계약 체결": 1782997549.0189848,
"셈트렉스, 플랜트 엔지니어링 서비스 인수 완료…자동차·방위산업 진출": 1782997499.773769,
"아이페리온X, 캠든 인수 완료…미국 공급망 강화 위한 핵심 광물 확보": 1782997461.688733,
"줌, 커먼룸 인수…AI 기반 매출 플랫폼에 구매자 인텔리전스 기능 추가": 1782997425.801785,
"베조스 패밀리오피스, 6월 AI 스타트업 5곳에 투자…올해 가장 활발": 1782997367.147977,
"일본 증시, 해외 자금·개인 투자자 순매수 사상 최대…아시아 투자처로 부상": 1782997318.149723,
"앙쇼리지 디지털, 리도 지원 추가…기관 투자자에 wstETH 접근성 제공": 1782997266.1550107,
"영국 기업심리 악화, 이란 분쟁으로 원가 상승 부담": 1782996370.9162936,
"미국 6월 비농업 고용 5.7만명 증가, 예상 11만명 크게 하회": 1782996334.7248344,
"유럽 MiCA 규제 시행 3년, 암호화폐 규제 체계 재검토 착수": 1782995501.6948016,
"원/달러 환율 1,555.8원까지 상승, 2009년 이후 최고치 경신": 1782995447.0440805,
"엔저 급등, 달러 약세…NFP 앞두고 유럽 증시 마감": 1782994629.7581291,
"정부, 5년간 국가 R&D 예산 총지출의 5% 수준 유지·확대": 1782994578.1943176,
"로빈후드, 독자 블록체인 '로빈후드 체인' 출시": 1782994540.6028774,
"스탠다드차터드·써클, 은행 기반 USDC 발행·환전 서비스 출범": 1782993697.7958684,
"유럽 MiCA 규제 2.0 검토 착수, 9월경 협의 마감": 1782993657.1376517,
"글로벌 벤처투자 2026년 상반기 5100억달러 기록, AI 붐 견인": 1782992735.4513547,
"샘 올트먼, 오픈AI 지분 5% 미국 정부 제안": 1782991980.200772,
"미국 소비자, 사상 최고 소고기 가격에도 수요 유지": 1782991940.4111362,
"이더리움 인스티튜셔널 조직 출범, 기관 채택 본격화": 1782991905.9135816,
"코스피 7.89% 폭락해 7,648선에서 마감, 8,000선 무너져": 1782991851.161304,
"솔라나 재단, 프로토콜 거버넌스 프레임워크 출시": 1782990937.5356517,
"유나이티드 테라퓨틱스, 타임뮨 테라퓨틱스 인수": 1782990092.5910883,
"바이낸스, ETHUSD1 영구선물 신규 상장": 1782990051.9226165,
"금융감독원, 가상자산업계에 내부통제 강화 지시": 1782989135.6905093,
"미국, ISIS-K 관련 134개 암호화폐 지갑 제재…테더 자금 동결": 1782988280.3586066,
"수익형 스테이블코인 2분기 15% 감소, 3년 상승세 꺾여": 1782988249.5146716,
"이란, 미국·이스라엘에 공격 경고…하메네이 장례식 앞두고": 1782987497.949832,
"산란 스파이더 조직원 미국 송환…800만달러 암호화폐 몸값 사건": 1782987453.4691527,
"충청권 첨단산업 투자 392조원 규모…반도체·바이오 중심지로": 1782987401.250631,
"소프트뱅크, 오픈AI 지분 담보로 100억달러 대출 협상 재개": 1782987346.3558156,
"베신스 헬스케어, 유니디 매뉴팩처링 인수…장기지속형 제약 기술 강화": 1782986508.4780214,
"소프트뱅크·베인캐피탈, 카카쿠 인수 입찰가 41억 달러로 상향": 1782986456.4177258,
"바이낸스 개인 투자자 비트코인 유입 역대 최저": 1782984648.291802,
"솔라나, 온체인 거버넌스 시스템 출시…100,000 SOL 스테이킹으로 제안 가능": 1782983739.1328363,
"타이코, 170만 달러 해킹 10일 만에 크로스체인 브릿지 완전 복구": 1782981934.9441347,
"금감원, JTBC 회사채 판매 검사 착수…증권사 투자자 보호 의무 점검": 1782981047.875338,
"샘 올트먼, 오픈AI 지분 5% 미국 정부에 제안": 1782980136.8769972,
"바이낸스, 그램(GRAM) 어닝·바이크립토·컨버트·VIP론·마진·선물 등에 추가": 1782979252.4089887,
"국내 증시 급락, 코스피·코스닥 매도 사이드카 발동": 1782978337.384649,
"인도 주식시장 상승, 유가 하락과 정보기술주 반등 견인": 1782976670.0733926,
"미국, 이라크로 달러 송금 재개": 1782976621.058219,
"메타플래닛, 비트코인 2,823개 추가 매수해 총 4만3천 개 보유": 1782976584.0687,
"아이다호 코퍼, NYSE American 상장으로 1,800만 달러 조달": 1782976536.988657,
"쿠코인 얼른, 두 프로젝트 토큰 제거": 1782974852.9272969,
"유럽 MiCA 규제 전면 시행 18개월, 비트코인·USDT 중심 구조 유지": 1782974806.1949112,
"한국거래소, 코스닥 특례상장기업 상장폐지 유예 기준 강화": 1782974752.5479069,
"아발란체 재무상황 악화, 기업 AVAX 보유량 가치 73% 하락": 1782973844.8116567
}