{
"쿠코인, MOVA 입금 서비스 일시 중단": 1782879464.9615138,
"엔저 40년 만 저점 경신, 아시아태평양 외환시장 변동": 1782879425.6331031,
"트럼프 2025년 가상자산 수익이 부동산 초과": 1782879382.329271,
"국민연금 국내주식 리밸런싱 유예 종료, 점진적 조정으로 진행": 1782879338.438439,
"넥써쓰, DCS 페이와 제휴하여 크로쓰 토큰 실생활 결제 추진": 1782878557.2333376,
"넷플릭스 영화 제작비를 암호화폐에 투자한 영화감독 30개월 징역": 1782878507.595032,
"세계은행, 2031년까지 중국 신규 대출 단계적 종료": 1782878450.2484982,
"도요타, 5월 판매량 4개월 연속 감소…중국·미국·중동 부진": 1782877632.6659863,
"스웨덴 사브, 우크라이나와 254억 원 규모 그리펜 전투기 계약 체결": 1782877596.25219,
"캐나다·멕시코, USMCA 유지 추진…미국은 변경 요구": 1782877539.7063859,
"UN 무역기구, 호르무즈 해협 차질이 취약 경제에 지속적 영향 경고": 1782876020.4064236,
"미국 6월 소비자심리 소폭 상승, 노동시장 인식은 악화": 1782875987.337777,
"나이지리아 최대 정유시설, 처음으로 UAE산 원유 수입": 1782875952.4968748,
"ECB, 손실 감소 목적으로 은행 최소준비금 인상 검토 중": 1782875896.4925516,
"미국, 폭염 대비 PJM 상호연결 긴급명령 발령": 1782875840.7771778,
"보잉, IT 장애로 컴퓨터 시스템·응용프로그램 영향": 1782875782.0313787,
"EU MiCA 7월 1일 정식 시행, 미인가 암호화폐 플랫폼 80% 폐쇄 위험": 1782875740.0118926,
"인도, 7월 1일부터 휘발유·경유 판매 제한 해제": 1782874165.0099714,
"금, 13년 만에 최악의 분기 낙폭 기록…연준 강경 기조 영향": 1782874121.7547414,
"미국 4월 석유 생산량 사상 최고 기록": 1782874062.7061496,
"영국 투자자들, 바이낸스·창펑자오 상대로 2억달러 소송 제기": 1782874022.5439186,
"글로벌 M2 공급량 120조 달러 상회…7주 증가율 플러스로 전환": 1782873989.9476376,
"크립토 카드 월간 결제 15억달러 넘어…타이거리서치 '주요 결제 수단 자리 아직'": 1782873941.3619535,
"셸, 호르무즈 해협 혼란으로 2026년 LNG 교역 정체 예상…2050년 수요는 증가": 1782872263.8115041,
"이란 미국 특사 회담 거부로 휴전 협상 난항…유가 상승": 1782872230.0562265,
"중국 6월 제조업 PMI 51.7, 2020년 4분기 이후 분기 최강 실적 기록": 1782872182.374409,
"ITG, 나스닥 상장 임박…공모가 16달러·2억7920만 달러 자금 조달": 1782872151.2091901,
"에코프로비엠, 1조2천억원 유상증자 발표 후 주가 3.44% 하락": 1782871246.97907,
"폴란드, 스웨덴 사브의 잠수함 3척 48억달러에 주문": 1782870333.5547493,
"클리블랜드 연준 총재, AI 인프라 투자 확대가 물가 상승압력 초래할 수 있다고 경고": 1782869439.8820255,
"위메이드, 창업주 박관호 지분 39.33% 중국계 네오펄스에 매각": 1782868537.476254,
"EU MiCA 7월 1일 전면 시행에 커뮤니티 불안…'바이낸스 퇴출' 우려 확산": 1782866735.0913746,
"미 상무장관, 앤스로픽 AI 모델 수출 제한 해제 승인": 1782865019.2503588,
"양자보안 기업 퀀텀 이모션, AI 인프라 글로벌 진출 확대": 1782864984.1573076,
"금 온스당 4008달러, 은 58.527달러로 거래": 1782864934.7928526,
"개인 투자자, 올해 1~5월 국내 증시에 97조원 순매수": 1782864047.421789,
"호주 제조업 구매관리자지수 51.5, 5개월 최고치 기록": 1782863172.2579699,
"스페이스X IPO 한국 투자자 배정 논란, 미래에셋증권과 외신 보도 충돌": 1782863139.1752553,
"미국, AI 기술 수출 규제 해제 추진…정부가 오늘 밤 시행 예정": 1782861437.9560397,
"IREN, 비트코인 채굴 중단하고 AI 인프라 투자로 전환": 1782861379.5010498,
"플레이곤 게임즈, AI 기반 신사업 추진…1000만달러 자금 조달 계획": 1782861341.3199713,
"비자·마스터카드·블랙록·코인베이스·리플 등 140개 기업, 오픈USD 공개…써클 주가 16% 급락": 1782858726.2368016,
"트럼프 대통령, 가상자산 연계로 10억달러 이상 수익 기록": 1782858687.8604395,
"미래에셋증권, 스페이스X IPO서 주문 누락…1조6830억원 청약 미접수": 1782858643.2067173,
"KKR, EDF 전력솔루션 북미 사업 42억 달러에 인수": 1782856957.0114186,
"매사추세츠 주 검찰, 칼시 상대 수정 소송 제기…미성년 타겟 의혹": 1782856913.866838,
"미 고용지표 호조에 달러·금리 상승, 금값은 분기 최대 낙폭": 1782856860.1301596,
"우크라이나, 러시아 크라스노다르 지역의 정유시설 야간 공격": 1782855983.9428678,
"비트코인·달러엔 환율 상관계수 -0.90까지 하락…'엔 캐리 트레이드' 이론에 의문": 1782855938.537949,
"바이낸스·창펑자오, 영국 투자자들로부터 2억달러 소송": 1782855101.0743806,
"트럼프 대통령, 1억달러 이상 가상자산 보유…밈코인·NFT 로열티 6억3500만달러": 1782855043.3292394,
"한국 경제성장률 4% 돌파 전망, 반도체 수출 호황 견인": 1782854247.794254,
"ENS 공동설립자 존슨, 보안위원회 재승인 80% 투표로 저지": 1782854196.8763492,
"해외 거래소들 한국 증시 연계 고배수 선물 잇달아 출시": 1782854144.3040745,
"데이터독, 프런티어 AI 스타트업 어댑티브ML 인수": 1782853497.4208367,
"도지 재단 자회사 House of Doge, 브래그 하우스와 합병 완료해 나스닥 상장": 1782853448.0082064,
"SEC seeks public comment on regulating next generation of ETFs": 1782853403.325756,
"뉴욕라이프 자산운용, 센트리퓨지와 협력해 토큰화 채권펀드 출시": 1782853358.6165125,
"블룸 에너지·브룩필드, AI 인프라 파트너십 5배 확대해 250억 달러 규모로": 1782853299.0763853,
"팬텀 월렛, 하이퍼리퀴드 시장 조성자 영입으로 무기한 선물 강화": 1782853255.8698993,
"트럼프 행정부 부통령 밴스, 이란 폭격 재개 가능성 시사": 1782852393.5832615,
"미시간주, 칼시 예측시장 스포츠 베팅 14일 임시 금지": 1782852338.7516298,
"비트코인 장기 보유자 45% 손실 상태, 과거 약세장 저점 신호": 1782851440.9085279,
"뉴욕증시 반도체주 강세로 상승 마감, 나스닥 1.52% 상승": 1782850595.4313624,
"미국-이란 대화 재개 가능성에 국제 유가 하락": 1782850537.316653,
"비자·마스터카드 등 140개 기업, 새로운 달러 스테이블코인 오픈USD 추진": 1782849695.5623868,
"EU MiCA 규제 7월 1일 시행, 미인가 암호화폐 거래소 80% 폐쇄 위기": 1782849653.1045196,
"캐나다 2분기 초반 경제성장 탄력, 무역 불확실성 지속": 1782848734.6004577,
"미 연방법원, 메타의 소송 기각 신청 거부…청소년 중독 소송 진행": 1782847844.3475068,
"미 대법원, 독립규제기관 위원 해임 제한 폐기…91년 원칙 뒤집어": 1782846941.1582687,
"나스닥, Pyth 통해 실시간 시장 데이터 블록체인 공급 확대": 1782846053.5147228,
"스트라이프·코인베이스 주도 스테이블코인 오픈USD, 채택 확산에는 어려움": 1782845135.4741685,
"네타냐후 이스라엘 총리, 점령 중인 남레바논 방문해 당분간 철수 계획 없다고 발표": 1782843396.358709,
"비트코인 채굴 사업자들, AI 기업 수요 충족을 위한 전력 인프라 자산화 추진": 1782843339.198642,
"슈나이더 일렉트릭, 산업용 AI 기업 코그나이트 31억 달러에 인수": 1782842608.6531687,
"SEC, 암호화폐 ETF 포함 신규 ETF 규제 검토 시작": 1782842555.2120874,
"한국거래소, 에스씨엠생명과학 공시 오류로 투자자 배상": 1782842511.5191674,
"트럼프 행정부, USMCA 연장 거부 선언 예정": 1782842453.6388185,
"블랙록, 에테나 USDe를 기관투자 플랫폼 알라딘에 통합": 1782840682.629457,
"암호화폐 업계, 2026 미국 선거에 1억 8900만 달러 정치자금 투입": 1782840622.034999
}