{
"쿠코인, 커인 129개 상장 해제": 1784023261.7732897,
"미 클래리티 법안, 상원 표결 앞두고 법 집행기관 조건부 지지 확보": 1784021451.1311822,
"USD.AI, 큐뮬러스AI에 1500만달러 대출…엔비디아 B300 GPU 272대 도입 지원": 1784020536.890122,
"한국, 2027년 토큰화 정부채권 CBDC 연계 시범 추진": 1784019696.0441804,
"한국, 토큰화 정부채권 연계 CBDC 사업 추진": 1784019661.7634172,
"글로벌 반도체 롱 포지션 기록적 혼잡…투자자들, 경제 '소프트랜딩' 전망": 1784018426.3915997,
"정부, 환율 안정화 진행 중…반도체·중공업 기업들 선물환 매도 확대": 1784018370.0219283,
"미국 은행권, 스테이블코인이 은행 예금을 대체할 수 있다며 CLARITY Act 강화 촉구": 1784018329.169045,
"이란, 요르단 미군기지 공격했다고 발표…미군 5시간 교전 종료": 1784017004.5131288,
"솔레이어, LAYER 토큰 스테이킹 서비스 출시 임박": 1784016947.6338127,
"리튬 채굴업체 Li-FT Power, 퀘벡주 르나드 광산 인수 옵션 획득": 1784016060.8729384,
"중국 6월 석유 수입 10년 만에 최저 수준": 1784015230.690031,
"코스닥 5% 급락에 매도 사이드카 발동": 1784015193.2429478,
"국내 블록체인 기업 23곳, 베를린 ICT 전시회서 유럽 진출 성과": 1784015142.304881,
"미 정부, 압수한 비트코인·이더 2억8800만달러를 코인베이스 프라임으로 이전": 1784014252.0780852,
"정부, 2026년 하반기 경제정책방향 발표…자본시장·부동산금융 개편": 1784012458.466931,
"미국, 이란에 대한 최근 공습 단계 완료 발표": 1784011633.6446407,
"독일 6월 도매물가지수 -0.7% 월비 하락, 연비 상승세는 둔화": 1784011590.325884,
"파이네트워크 PI 코인 97% 폭락, 월간 1억개 이상 토큰 해제에 매도 압력": 1784011542.9372604,
"미 CLARITY Act, 법 집행기관 지지 확대…상원 처리 압박 가중": 1784010665.6653285,
"정부, 올해 성장률 전망 3.0%로 상향…반도체 호황 반영": 1784010622.284573,
"트럼프, 호르무즈 해협 관련 이란 능력 공격 발표": 1784009733.3984041,
"엘앤에프 리튬값 하락으로 장중 9.67% 급락": 1784008901.950409,
"올해 상반기 정보통신기술 수출 253억8600만 달러 기록": 1784008858.4895859,
"금값 2주 저점에서 회복, 미국 인플레이션 지표 대기": 1784007974.369482,
"예측시장 거래량 사상 최대 108억달러 기록": 1784007937.198376,
"정부, 올해 하반기 디지털자산기본법 입법 추진…스테이블코인 규제체계 구축": 1784007054.2976072,
"코인베이스, 스마트 월렛 검증 기능 강화해 멀티체인 진입장벽 완화": 1784006192.5451784,
"리플, 7월 17일 CLARITY Act 청문회 앞두고 규제 변수 주목": 1784006140.1086535,
"멘틀, 슈퍼 포털 브리지를 체인링크 CCIP로 이관": 1784005269.7617543,
"XRP ETF에 기관자금 유입하나 XRP 가격은 60% 급락": 1784004452.8698425,
"백악관 암호자산 고문 patrick Witt, 군사 훈련 입대": 1784004413.8238485,
"메모리 반도체, 가격 둔화 속에서도 장기 수익성 기대감": 1784004380.5969102,
"솔로 비트코인 채굴자, 150달러 장비로 20만 달러 수익": 1784004343.6219227,
"SBI펀드 IPO 앵커북 20배 청약, 캐피탈그룹·블랙록·골드만삭스·아부다비펀드 등 참여": 1784003492.8809648,
"원/달러 환율 1489.8원으로 두 달 만에 최저치 경신": 1784003453.6169658,
"FDA, 바이오젠 알츠하이머 치료제 피하주사 제형 승인": 1784002541.7729607,
"중국 6월 무역데이터 예상 크게 상회, AI 수요 급증이 주효": 1784000781.3490322,
"미 정부, 압수 비트코인·이더 2억9700만달러를 코인베이스 프라임으로 이전": 1784000736.1937842,
"크라켄, 아비트럼 네트워크에서 USDT·USDC 지원 개시": 1783999853.444298,
"중국 6월 수출 27% 증가, 예상치 초과": 1783998983.7377582,
"리드 스미스, MiCA 규제 준수 자동화 플랫폼 아쿠아리우스 출시": 1783998945.2620773,
"쿠코인, BIO 프로젝트 토큰 언리스팅 예정": 1783998116.4018893,
"미국 상장기업 96%가 순부 창출 실패…극소수 기업에 부의 창출 집중": 1783998062.4662964,
"쿠코인, 모네로(XMR) 네트워크 업그레이드 지원": 1783997277.0010202,
"유가 1개월 고점까지 상승, 호르무즈 해협 미·이란 충돌 격화": 1783997232.8806949,
"SEC, 암호화폐 규칙 제정 본격화…브로커·수탁 기준 명확화 추진": 1783997173.333958,
"상반기 단기사채 발행액 990조원 돌파, 기업어음 대체 가속": 1783997139.92011,
"미 상원 일정 재개, 암호화폐 CLARITY법안 입법 시기는 여전히 불투명": 1783996251.5461676,
"호주 6월 비즈니스 신뢰도 -5로 상승, 기업 경기 개선 신호": 1783995421.0472403,
"로빈후드, 체인링크 CCIP 채택해 토큰화 자산 인프라 강화": 1783995373.9401064,
"리페이 홀딩스, 포레거 캐피탈의 주당 5.25달러 인수 제안 거부": 1783995338.9188256,
"피델리티 펀드, 체인링크로 NAV 온체인 공개": 1783994462.3305812,
"카르다노 창립자 호스킨슨, 이탈설 공식 부인": 1783993646.5486264,
"BNB체인, AWS 연동 AI 에이전트 개발 스튜디오 로드맵 공개": 1783993586.891926,
"미 법집행 단체, 암호화폐 규제 클래리티법 지지…수정 촉구": 1783993539.3492444,
"미국, 이란 선박 해상봉쇄 재개…호르무즈 해협 통행료 20% 부과": 1783991733.9822388,
"오리온 목표주가 상향…해외 법인 실적 호조로 주목": 1783990855.2695086,
"볼리비아, USDT를 법정통화 수준으로 인정 검토 중": 1783989938.3819604,
"트럼프 '호르무즈 통행료' 발표에 유가 배럴당 80달러 상승…뉴욕증시 약세": 1783985509.2732484,
"바이낸스, 고팍스 고파이 피해 보상 방안 검토 중…한국 진출 추진": 1783985454.6661327,
"SUI 기반 DEX 블루무브에서 70만개 토큰 유출…해킹 vs 내부자 논쟁": 1783984642.5512419,
"美 스팩 TAVI, 비타 기업과 디스팩 합병…나스닥 상장 추진": 1783984586.6493514,
"바이낸스, 주식·실물자산 거래로 확장…금융 슈퍼 앱 전환": 1783984541.8412206,
"뉴질랜드 기업신뢰도 반등도 비용 압력 높아져 중앙은행 정책 경로 불확실": 1783982446.8027058,
"미국 대형은행 투자은행 수수료, 2026년 2분기 111억달러로 4년 반 만에 최고 전망": 1783982410.4223597,
"프랭클린 암호자산 CIO, 암호화폐 가격이 펀더멘털과 괴리 지적": 1783981853.9597528,
"호르무즈 해협 선박 공격으로 승무원 실종, 수색 진행 중": 1783980986.70278,
"후티 반군, 사우디아라비아 향해 미사일 발사…4년 휴전 깨져": 1783980938.7332075,
"리드 스미스, MiCA 규정 준수 자동화 도구 '아쿠아리우스' 출시": 1783980102.9316242,
"중동 긴장으로 유가 급등, 미 국채금리·달러 강세…금은 4000달러선 아래로": 1783980062.4013824,
"리플 CEO, XRP는 SEC 증권론과 무관…오픈소스라 통제 불가": 1783978665.3873718,
"SK하이닉스 ADR 급락에 토큰화 증권도 동반 하락": 1783978255.0659852,
"뉴질랜드 중앙은행, 3년 만에 기준금리 인상": 1783977507.0676234,
"미군, 이란 잠수함·함정정비시설 공습": 1783977454.983755,
"금감원, 전산장애 빈번한 금융사 맞춤 점검 착수": 1783977399.519191,
"코인베이스 벤처스, 상반기 암호자산 VC 투자 1위 기록": 1783977343.3635404,
"유가 배럴당 71.91달러로 급락, 중동 지정학 우려에도 약세": 1783976656.4416647,
"캐나다 6월 고용 예상 초과…USDCAD 하락": 1783976595.8813393,
"트럼프 '휴전 종료' 발언에 달러 강세, 위험회피 심화": 1783976537.9517148
}