{
"이란·오만, 호르무즈 해협 통항 조율 논의": 1782566178.3554988,
"S&P글로벌, 다우지수 편입 변화·배당 정책 시행": 1782566136.1551218,
"삼성·SK하이닉스, AI 수요 대응으로 반도체 공장 10년 앞당겨 구축": 1782714652.6213462,
"아시아 주식시장 혼조, AI 의심과 이란 긴장이 전망 흐림": 1782715538.611986,
"이란의 이스라엘 사이버공격, 2026년 급증": 1782715575.0030951,
"인도 주식시장 보합, 미국-이란 협상이 긴장 완화": 1782715628.6931884,
"비트멕스, CEO·CFO·성장 담당자 제거…글로벌 법무담당자가 CEO 승계": 1782717342.1341038,
"루프링, DEX 서비스 종료 선언…사용자 자금 스마트 컨트랙트로 반환": 1782718250.700352,
"비트멕스, CEO·CFO·성장 담당자 제거": 1782718301.9096892,
"한국의 518억 달러 AI 칩 투자, 암호화폐의 자본 확보 약세 부각": 1782718336.3383546,
"한국 은행 대출금리 산정 구조 내년 7월부터 개편": 1782719140.3432682,
"금융위원회, 소비자 보호 평가체계 도입": 1782720938.3007522,
"브릿지바이오, 희귀질환 치료제 임상 연쇄 성공": 1782720991.3362844,
"갤럭시, 미국 암호화폐 규제 법안 CLARITY Act 2026년 통과 확률을 50%로 하향 조정": 1782721839.951546,
"1천억원대 주가조작 혐의 피의자 4명, 7월 1일 구속 심사": 1782722739.0443583,
"미국·이란 기술팀, 도하에서 양해각서 이행 협의 예정": 1782722780.8191426,
"스타링크, 베네수엘라 지진 이후 무료 인터넷 제공": 1782722812.97941,
"BIS, 스테이블코인이 화폐보다 ETF에 가깝고 환위험 야기한다고 경고": 1782723650.852478,
"식스스트릿, 몬누먼트 리 인슈어런스 지분 인수 발표": 1782723705.1475153,
"영국 5월 모기지 승인 급락": 1782724539.917429,
"유로존 6월 경제신뢰지수 소폭 반등": 1782726337.1405406,
"인도 규제 강화로 USDT 프리미엄 8.5% 급등": 1782727251.7245612,
"키움증권, 빗썸 지분 인수 추진…한국 증권사 암호화폐 시장 진출 확대": 1782727290.8957245,
"비트코인 4년 사이클 분석…2026년 10월 저점 가능성": 1782728136.1002553,
"유럽 미인가 암호화폐 사업자, MiCA 규제 최종 기한 도래로 사업 중단 압박": 1782728191.4557252,
"미국 Z세대, 아메리칸드림 달성 불가능 기로에…경제학자들 경고": 1782729045.1817856,
"중동 유전국들, 선박 공격에도 유류·LNG 해상 수송 지속": 1782729936.0417306,
"우크라이나, 해킹조직 적발 후 830만 달러 규모 암호화폐 국가 관리 시작": 1782730853.5158901,
"자이모웍스, 테라반스 바이오파마 9억2900만 달러에 인수": 1782730908.0740716,
"FTAI 인프라, 타이드워터 로지스틱스 인수 완료": 1782730947.425873,
"콘페리, 영국 인사컨설팅사 AMS 11억 달러에 인수 합의": 1782730990.1418092,
"코스피200 변동성지수 사상 최고 기록… 한국 증시 불안심리 확대": 1782731740.4670022,
"비탈릭 부테린, 난독화 기술로 개인정보 보호 온체인 투표 가능성 제시": 1782731785.149044,
"유럽 암호화폐 라이센스 244개 승인… 독일이 주도적 지위": 1782731835.9986174,
"펀드뱅크, IRACE디지털로 사명 변경…전통금융과 암호자산 연결": 1782732644.847261,
"예측시장 구조 통합이 인수합병 물결 촉발할 수 있다는 분석": 1782732701.1413827,
"2026년 2분기 10억달러 이상 스타트업 엑시트 5년 만에 최활발…스페이스X 상장·초대형 M&A로 회수시장 부활": 1782733539.7359166,
"예측시장 구조 통합, 대규모 인수합병 물결 촉발 가능성": 1782734449.7350926,
"마이클 세일러 회사, 최대 20억 달러 규모 자사주 매입 및 비트코인 매도 프로그램 승인": 1782735339.3348346,
"미국 CLARITY 법안 상원 일정 부족으로 2026년 통과 확률 50%로 하향": 1782737138.6962278,
"한국 정부, 반도체 산업 주도권 사수 위해 911조원 메가 투자 계획 발표": 1782737177.874859,
"미국·이란 중재자들 양국 협상 앞두고 완화 채널 구축": 1782737212.2098567,
"마이클 세일러 회사, 비트코인 매입 일시 중단하고 10억 달러 규모 디지털 채권 매입 프로그램 수립": 1782737333.4886854
}