{
"미국 특사 윗코프·쿠시너 카타르 방문, 이란과 직접 만남 없음": 1782825470.9524684,
"카타르 외교 불확실성, 미국-이란 핵합의 전망 흐림": 1782825425.7224128,
"캐나다 4월 GDP 0.5% 증가, 예상 0.4% 상회": 1782825381.6055648,
"테오, 피델리티 토큰화펀드에 2000만 달러 투자": 1782825339.3023205,
"국회 정무위원장에 유동수 의원, 간사에 박상혁 의원 선출": 1782824513.508391,
"나스닥, 블록체인 인프라를 통한 시장 데이터 배포 확대": 1782824454.4558656,
"스타크웨어, 스타크넷 양자내성 로드맵 공개…수개월 내 양자 대비 완료 계획": 1782823585.0970747,
"TD 코웬, 비트코인 약세 전망에 스트래티지 목표가 400달러에서 260달러로 인하": 1782823536.7770686,
"스피코, 코인베이스 스테이블코인 결제로 EU 규제 Treasury 펀드 연동": 1782822643.8417165,
"한국 외환당국, 1분기 136억 달러 순매도로 원화 급락 대응": 1782821738.5606124,
"코르텐캐피탈·앰퍼샌드, 비콘 인텔리전스 인수 완료": 1782821047.1630921,
"패트릭 인더스트리, LCI 인더스트리 전량주식 합병": 1782820993.3105721,
"뉴욕라이프, 센트리퓨지와 토큰화 고수익 채권펀드 출시": 1782820939.5284681,
"쿼터힐, 콘듀엔트 톨링사업 인수": 1782820883.1850815,
"오쎄오, 탈중앙화 OS 메인넷 정식 출시": 1782820851.6482532,
"BIS, 채무·AI 급증·금융 취약성이 글로벌 위험 조성": 1782820079.3790975,
"퀄컴, AI 모듈러 인수…칩 연결 소프트웨어 전략 강화": 1782820022.519217,
"유에스디에이아이, 플루이드와 1억달러 규모 sUSDai 유동성 공급 계약 체결": 1782819978.6085594,
"스트레티지, 12억5000만달러 규모 비트코인 매도 프로그램 공식화": 1782819943.6410942,
"쿠코인, 스토리(IP) 코인명 데이터네트워크(DATA)로 변경 지원": 1782819043.7281594,
"솔라나 컴퍼니, 카자흐스탄 알라타우시티 암호화폐 도시 프로젝트 지원": 1782818205.3582127,
"우리금융경영연구소, 2026년 한국 GDP 성장률 3.0%로 상향 조정": 1782818174.4646742,
"ARK 인베스트, 3거래일간 디지털자산 관련주 4350만 달러 매입": 1782818139.7594907,
"할리우드 감독 카를 린시, 넷플릭스 제작비 1100만달러를 암호화폐·롤스로이스에 유용해 30개월 징역형": 1782817256.8430724,
"미국 CLARITY 법안, 상원 표결 앞두고 백악관 조율 중": 1782815521.1402416,
"원/달러 환율 1,550원 돌파, 금융위기 이후 최고치 기록": 1782815482.146649,
"EU 규제당국, 바이낸스 MiCA 준수 현황 점검": 1782815445.2156768,
"영국 FCA, 스테이블코인 자본 완충금 요건 인하…EU 규제 기준과 하향 차등": 1782814537.861579,
"키움증권 전산 오류로 반대매매 피해…투자자 손실 발생": 1782813652.3432064,
"라가르드 ECB 총재, 유럽 경제 탄력성으로 금리 인하 여지 확대": 1782812780.302166,
"이탈리아 6월 물가지수 예상보다 낮음…서비스 물가 완화": 1782812736.8981128,
"'47 로닌' 영화감독, 넷플릭스 1100만달러를 도지코인 투기에 썼다가 30개월 징역형": 1782811843.4330106,
"미시간 판사, 예측시장 플랫폼 칼시의 스포츠베팅 제공 임시 차단": 1782810940.3104632,
"독일 6월 주간 물가지수 4곳 모두 전월 하락": 1782809137.5208395,
"버핏, 게이츠재단 기부금 지급 연기…에프스타인 관계 검증 중": 1782808342.7692218,
"셀시우스 연계 비트코인 채굴업체 아이오닉 디지털, 나스닥 직접상장 추진…AI 인프라 전환": 1782808293.0841355,
"키움증권, 빗썸 지분 투자 검토…금융권의 거래소 전략적 진출 가속": 1782808244.3768244,
"독일 6월 실업률 예상 다르게…취업자 1000명 증가": 1782807344.0204206,
"국부펀드들 비트코인 저가 매수 중, 수주 내 보유 공개 예상": 1782805538.8767915,
"프랑스 6월 소비자물가, 예상치 하회…연 1.8% 상승": 1782803792.5212598,
"영국 FCA, 암호화폐 규제 최종 프레임워크 확정…2027년 10월 의무 인허가": 1782803745.7805314,
"독일 5월 소매판매 전월대비 1.1% 증가": 1782801981.5358694,
"호주 암호화폐 여행 규칙 7월 시행": 1782801935.364265,
"유럽 MiCA 규제로 암호화폐 기업들 두바이로 이동 가속": 1782801046.2221577,
"중국 억만장자, 암호화폐 관련 10억 달러 사기 혐의로 30년 징역 선고": 1782799300.5508363,
"ARK 인베스트, 암호화폐 관련주 4350만 달러 추가 매입": 1782799250.2722495,
"바이낸스, 주식 인덱스펀드 기반 bStocks 5개 종목 현물 거래 쌍 추가": 1782798382.0448031,
"a16z crypto, 한국 스테이블코인·RWA 기반 기관 인프라 급속 구축 진단": 1782798339.2598948,
"JP모건 '클래리티법 취지는 공감하되 현행 규제로도 디지털자산 혁신 충분'": 1782797445.479056,
"캐나다 BMO, 호주 금융 회사 인수…AI 도입 가속화": 1782796537.346226,
"스트라드비젼, 코스닥 상장 첫날 공모가 대비 39% 하락": 1782795647.6807983,
"인도 인프라 대기업 샤푸르지, 채권 상환 연기 요청": 1782794794.0194457,
"BIS, 스테이블코인을 화폐 아닌 ETF형 자산으로 분류": 1782794738.3535247,
"엔화, 40년 만의 약세 기록…아시아태평양 외환 시장 요동": 1782792997.4825678,
"비트마인, 이더 보유량 570만 개로 증액…러셀 1000 지수 편입": 1782792940.3019598,
"쿠코인 선물, CAP 영구선물 상장…최대 10배 레버리지": 1782792165.8584962,
"쿠코인 선물, MVLL·STRC 주식지수 영구선물 상장": 1782792108.5944118,
"주권펀드들, 비트코인 하락을 진입 기회로 평가": 1782792052.10177,
"중국 2분기 GDP 4.6% 둔화 전망…내수 부진 신호": 1782791136.1013906,
"미국 SEC, 암호화폐 사기 혐의 나노빗에 540만 달러 배상 판결": 1782790278.6358266,
"토큰화 기업 시큐리타이즈, 뉴욕증권거래소 상장 승인": 1782790242.5465999,
"쿠코인, STORY(IP) 컨버트 상장 폐지": 1782789552.2499304,
"인도·중국, AI 산업 낙후로 주요 기업 시가총액 점유율 감소": 1782789496.174629,
"OKX, 비트센서(TAO) 현물 거래 상장": 1782789458.6050239,
"미국 클래리티법, 2주간 핵심 협상 진입…7월 말∼8월 초 상원 표결 가능": 1782789401.9341938,
"오션퍼스트, 13억 달러 규모 다가구 대출 포트폴리오 매각 완료": 1782789342.3868747,
"우리자산운용, AI 성장펀드 출시…테슬라·현대차 핵심 편입": 1782787539.9024448,
"금감원, 채권형 랩 어카운트 부당운용 증권사에 70% 손해배상 결정": 1782786643.9611635,
"중국 6월 제조업 PMI 50.3, 예상치 상회": 1782785843.1525378,
"금융위, 새도약기금으로 취약계층 장기 연체채권 5천억원 소각": 1782785796.723878,
"금호건설, 호남 반도체 클러스터 기대감에 17% 급등": 1782785739.014233,
"슈퍼폼, 한국 금융기관과 협력 논의…온체인 금융·자산 토큰화 전략 수립": 1782784850.4309719,
"월스트리트 상승 마감, 다우지수 사상 최고가 경신…미-이란 휴전 영향": 1782783968.663535,
"트럼프, 휘발유 소매점에 가격 인하 촉구…불응 시 '큰 문제' 경고": 1782783935.8575468,
"아서 헤이즈, 220만달러 규모 시냅스 토큰 매수…하이퍼리퀴드 생태계 기대": 1782783081.4652684,
"싱가포르, 하이퍼리퀴드에 경고…인도네시아 암호화폐 인플루언서 인증 제도 도입": 1782783045.449054,
"삼성전기, 세종공장 조 단위 증설 발표 예정…AI 서버용 기판 생산라인 구축": 1782780335.8188264,
"일본 5월 산업생산 전월비 0.5% 증가, 예상(1.1%) 하회": 1782778582.1096387,
"한국수출입은행, 설립 이후 처음으로 AI 반도체 벤처 퓨리오사에이아이에 200억원 직접 투자": 1782778538.5729835,
"NFT 주간 판매량 5106만달러로 증가...거래자 참여도 확대": 1782776736.8616965
}