{
"인도 중앙은행, 지정학적 리스크로 은행 부실채권 증가 전망": 1782969380.227903,
"미국 7월 고용 통계, 주말 전 주요 경제지표로 부각": 1782969335.9921582,
"기술주 매도에 코스피·닛케이 하락": 1782965809.6796987,
"포틀랜드 제너럴 일렉트릭, 19억 달러 인수 추진·배당 확대": 1782965770.84791,
"KB국민은행, AI 기술 기반 금융 서비스 개발 전담 조직 출범": 1782965739.5324593,
"미쓰비시 일렉트릭, 인포스텔라 완전 인수": 1782964888.161537,
"미래에셋증권, 증시 변동성 대응해 증거금률 인상": 1782964851.527834,
"AI 프라이버시 기업 베니스 AI, 유니콘 달성…외부 자금 첫 조달": 1782963988.6982496,
"예측시장 칼시·폴리마켓, 6월 거래량 75% 증가해 450억 달러 돌파": 1782963941.2787824,
"브룩필드, 인도 데이터센터 재생에너지 수요 기회 포착": 1782963047.224215,
"독일, 군 전력 강화를 위한 예비군 강제 훈련 추진": 1782962247.9281075,
"미국-이란 도하 회담 종료 후 유가 하락": 1782962202.8731937,
"트럼프 2026년 암호화폐로 14억 달러 수익…규제 법안 협상에 이해충돌 논란": 1782962171.3910272,
"연준 올해 기준금리 인상 가능성 제기…암호화폐 등 위험자산 부담 / 로빈후드 레이어2 블록체인 메인넷 출시": 1782962140.542036,
"트럼프 미국비트코인, 1:15 역분할 앞두고 8.4% 하락…나스닥 상장 유지 추진": 1782961303.7778277,
"트론, 6월 네트워크 활동 사상 최고 경신…스테이블코인 결제 수요 견인": 1782961250.9544191,
"아크 인베스트, 써클 주가 41% 하락 속 1800만 달러 투자": 1782959447.5088313,
"호주 5월 무역수지 30억 호주달러 적자로 전환": 1782958590.4431705,
"제네스코, 행동주의 투자자 강압에 이사회 지배구조 논란": 1782958539.8676047,
"10x리서치, 비트코인 엘리엇 파동상 최종 조정 국면 진입 분석…5만 달러 하락 가능성": 1782955846.5359557,
"제트.AI, 플라이익스클루시브 합병 주주승인 과반 확보…AI 인프라 전환 가속": 1782955043.9381285,
"한국 6월 수출 월간 1천억 달러 돌파…반도체 중심 사상 첫 달성": 1782954993.7848392,
"미국 반도체주 급락에 국내 AI 부품주 차익실현…삼성전기 11% 하락": 1782954941.3611023,
"OKX, 오더북 채널 체크섬 필드 폐지": 1782953475.771974,
"OKX, AI/USDT(젠신) 현물거래 상장": 1782953434.300094,
"OKX, MAJOR·J 현물거래 상장 폐지": 1782953392.8784428,
"OKX, IRYS/USDT 현물거래 상장": 1782953351.5014002,
"OKX, API 업데이트 실시": 1782953298.1265516,
"OKX, ELP 메이커 주문 리베이트 폐지": 1782953254.1671438,
"OKX, RLUSD·USDG 거래쌍 수수료 조정": 1782953196.2281418,
"Cboe, 예측시장형 옵션 상품 출시 추진…폴리마켓 경쟁": 1782953141.4730492,
"OKX, GRAM/USD 현물거래 상장": 1782952451.4302564,
"OKX, TON 토큰 마이그레이션 완료": 1782952416.84973,
"워시 연준 의장, 물가 위험 완화 진단…미국 6월 ADP 고용 예상 미달": 1782952380.777212,
"SK아이이테크놀로지, 목표주가 하향 조정…내년 고객 다변화 개선 기대": 1782952324.1059642,
"동신건설, 호남 반도체·전력 인프라 수혜 기대에 급등": 1782952268.5954425,
"OKX, RE(리) 현물거래 상장 및 선물 계약 표준화 진행": 1782951418.4997349,
"SK하이닉스 목표주가 180만원→400만원 상향, AI 수요 폭발이 배경": 1782951383.9430323,
"금·은 현물가격 4040달러·59달러, 금리·지정학 리스크에 변동성 확대": 1782951337.7384422,
"세계 중앙은행들, AI의 금융시장 구조적 충격 경고": 1782949531.7014558,
"한국 6월 소비자물가 3.2% 상승, 국제 유가 오름에 따른 것": 1782948643.70423,
"써클, 오픈USD 컨소시엄 경쟁 우려로 주가 17% 급락": 1782947771.748489,
"다이아몬드백 자회사 바이퍼, 리버벤드 오일 가스 지분 인수 완료": 1782947737.6570892,
"바이낸스 선물, 트래디피 무기한 선물 계약 다수 상장": 1782946337.6784818,
"바이낸스, 스페이스X 토큰화증권 SPCXB 현물거래 지원": 1782946285.1845617,
"바이낸스 선물, 분기물 1225 배송 계약 상장": 1782945988.834091,
"바이낸스, RE 토큰 어닝·매매·전환·VIP대출·마진·선물 지원": 1782945939.7572272,
"써클 CEO, 오픈USD 시장 경쟁력은 참여 기업 수 아닌 유동성으로 결정": 1782945046.69356,
"로빈후드, 퍼블릭 블록체인 메인넷 출시 및 영국 암호화폐 거래 계획 공개": 1782942371.1017108,
"금융위, AI 보안 테스트 중 발생 전산장애 제재 면제": 1782942337.4638436,
"트럼프 행정부, USMCA 현행 조건 갱신 거부…연간 재검토 후 별도 합의 없으면 만료": 1782941445.7009323,
"방위산업체, 자동차·석유 채굴 산업에서 부품 조달로 무기 생산 가속화": 1782940681.1453588,
"미국 주식 강보합 실패, 중앙은행 인플레이션 우려 지속": 1782940647.6834304,
"국내 휘발유·경유 가격 동반 하락, 2주 연속 내림세": 1782940609.820566,
"XRP 레저, 영국 기후 금융 파일럿 블록체인 레이어로 선정": 1782940576.5123832,
"이더리움 생태계, 제도권 진출 움직임 가속화": 1782940544.5452545,
"트레이드웹, 토큰화 미국채 실시간 거래 체결…캔턴 네트워크에서 첫 성사": 1782939763.8789937,
"로빈후드, 'AI 네이티브' 이더리움 레이어2 네트워크 메인넷 공개": 1782939708.4104273,
"트럼프 대통령, 재임 첫해 22억 달러 개인소득 올려…디지털자산이 주 수익원": 1782939656.3162038,
"사우디 PIF, 순이익 2배 이상 증가…수익은 9% 성장": 1782938885.9822075,
"유럽 주식 랠리 후 조정…이란 평화협상 진전에 의문": 1782938827.9316678,
"월드컵이 6월 미국 일자리 통계 4만 개 상승에 영향…골드만삭스 추정": 1782938789.6061776,
"마이클 버리, AI·반도체 버블 붕괴에 역대급 베팅…한국 반도체 투자를 '종말의 시작'으로 경고": 1782938738.5527813,
"마이크론, 2분기 240% 급등 후 3분기 첫날 11% 급락…시가총액 2,000억 달러 증발": 1782937849.6900535,
"로빈후드, 유럽서 무기한 선물 확대·영국서 암호자산 거래 서비스 출시": 1782936934.503447,
"유가 배럴당 68.58달러로 하락, 이란 전쟁 이후 최저 수준": 1782935176.875687,
"리플 공동창업자 지원 PAC, 콜로라도 민주당 예비선거 후보 당선 지원": 1782935141.4754274,
"트럼프 지지 미국비트코인, 나스닥 상장 유지 위해 1:15 역분할 단행": 1782934281.0338233,
"브라질 농업·수출 연계 RWA 프로젝트 발레 캐피탈 토큰, BNB 기반 생태계 공개": 1782934248.6210437,
"멕시코 경제장관, USMCA 갱신 관련 미국의 외국 독립성 우려 해결 의지 표명": 1782933550.408282,
"인터랙티브 브로커스, 6월 거래 53% 급증·고객 자산 1조3,390억 달러로 확대": 1782933517.7142575,
"트럼프 재정공시서, 암호화폐 관련 수익 노출로 암호화폐 규제 법안 협상 긴급성 가중": 1782933464.3513234,
"유로존 6월 물가 상승률 2.8%로 둔화, ECB 7월 금리 동결 가능성 상승": 1782933425.291371,
"UN AI 안전 패널, AI 능력의 과학적 이해 및 규제 능력 초과 경고": 1782933384.6094694,
"워시 연준 의장, 인플레이션 위험 낮아졌으나 정책 유연성 필요": 1782933351.4553795,
"이더리움 재단, 정부·기관 대상 정책 가이드 공개": 1782932537.1361732,
"로빈후드 체인, 메인넷 출시…유니스왑과 협력": 1782932502.973164,
"연준, 인플레이션 위험 낮아졌으나 현물가는 여전히 높다고 평가": 1782932461.774766,
"베니스 AI, 10억 달러 기업가치로 6,500만 달러 시리즈 A 투자 유치": 1782930696.480599,
"로빈후드, 자체 퍼블릭 블록체인 출시…암호화폐 사업 확장": 1782930649.3706234
}