{
"미국·영국 재무부, 토큰화·스테이블코인 규제 정렬": 1784059258.1851063,
"암호화폐 지갑 확장프로그램 85개, 사용자 개인정보 유출 취약점 발견": 1784058372.0346642,
"중국 AI 기업 딥시크, 연내 IPO 추진…기업가치 710억달러": 1784058340.9551833,
"루시드, 파산 검토 보도에 주가 급락…회사 부인": 1784056668.5738192,
"CFTC, 미시간 예측 시장 거래 인정 명령…주 규제당국과 갈등 심화": 1784056625.3729818,
"SWIFT, 토큰화 결제 상용화…리플 XRP는 미포함": 1784056582.3529592,
"미 6월 CPI 3.5% 상승, 5월보다 둔화": 1784056540.914638,
"미 상원 민주당 의원들, 클래리티법을 '부패한 법안'이라 비판": 1784055657.8163426,
"카르다노 재단, 에머르고의 TOKEN2049 운영 인수": 1784054736.176446,
"금투협·증권사, 단일종목 레버리지 ETF 규제 강화": 1784053861.3542676,
"미 상원 클래리티법 협상 난항, 트럼프 디지털자산 둘러싼 윤리규정 논쟁": 1784052679.3084276,
"IBM 2분기 실적 부진으로 장중 26% 급락, 시총 720억달러 증발": 1784051182.640414,
"바이낸스, 스테이블코인 기반 결제·금융서비스로 슈퍼앱 전략 강화": 1784051138.7857435,
"영국 정부, 암호화폐 대출·유동성풀 예치에 자본이득세 연기 적용": 1784050255.604625,
"트럼프, 이라크와 대규모 거래 추진…석유 채굴 계획": 1784049440.6205041,
"일본 JCB, 서클과 양해각서 체결…USDC 결제 시스템 공동 연구": 1784049396.0271869,
"미즈호증권, 서클 투자의견 하향…USDC 수익성 압박 우려": 1784049350.2691405,
"알라이드 골드, 짜이진에 40억 달러 인수 에티오피아 승인": 1784048218.8859081,
"클린스파크, 조지아 데이터센터 20년 임차 계약 체결": 1784046687.2164311,
"미국과 영국, 토큰화 자산 규제 통일 추진": 1784046655.3697498,
"트럼프, 호르무즈 해협 20% 관세 안 건다…유가 하락": 1784045781.6034305,
"상장사 비트코인 보유 전략 엇갈려…보유·매도 나뉨": 1784045741.4403577,
"미 상원, 암호화폐 규제법 'CLARITY Act' 4주 내 표결 추진": 1784044154.025602,
"갤럭시, Aave·Morpho 등 DeFi 금리 통합한 암호화폐 대출 상품 출시": 1784043942.9998574,
"한국 국고채 전 만기 금리 일제히 상승": 1784043056.0389376,
"비트코인 기술 분석: OP_CHECKSIGFROMSTACK·OP_CAT로 거래 구조 검증 가능": 1784042367.349917,
"우버, 딜리버리 히어로 인수 고도화 협상 중": 1784042326.5824738,
"앙커리지 디지털, 기관투자자 대상 트론 네이티브 토큰 스테이킹 지원 확대": 1784042283.9648886,
"영국, DeFi 대출·유동성풀 예치에 자본이득세 연기 적용": 1784042247.4807725,
"벤치마크, 허트8 목표주가 165달러로 상향…AI 데이터센터 계약 168억 달러 평가": 1784042205.2864308,
"트럼프, 호르무즈 해협 안전 보장 대가로 걸프국 투자 확대 추진…기존 관세 철회": 1784042149.493262,
"이더리움 재단 스핀아웃 기업 이쓰시스템즈, 블록체인 프라이버시 기술로 은행 공략": 1784041305.0702724,
"JP모건, 하이퍼리퀴드 성장이 서클 USDC 수익성 위협한다": 1784041266.168942,
"워시 연준 의장, 인플레이션 억제 최우선 과제 강조": 1784040436.5720243,
"테더, 팩트 랩스 700만 달러 펀딩 라운드 주도": 1784040391.4646535,
"이더리움 재단 스핀아웃 기업 '이쓰시스템즈' 출범": 1784040343.7935524,
"우리은행, 주택 관련 대출 한도를 월 30억원에서 월 10억원으로 축소": 1784039589.461053,
"분산화 AI 프로젝트 누스 리서치, 15억달러 밸류에이션으로 7,500만달러 이상 펀딩 협상 중": 1784039556.6999407,
"토큰화 펀드의 핵심 가치는 24시간 유동성이 아닌 대차대조표 관리": 1784039514.8566854,
"스테이블코인 스타트업 벨로시티, 드래곤플라이·퍼스트마크 주도로 3,800만달러 시리즈A 펀딩": 1784039465.0700994,
"트럼프 호르무즈 해협 관세 위협으로 유가 상승, 주식시장 혼조": 1784038585.614037,
"피델리티 라이 분석 \"토큰화 펀드의 진정한 가치는 24시간 유동성이 아닌 대규모 기관의 대차대조표 관리\"": 1784038537.5947437,
"한국 증시 시가총액 18.6% 급락…14일 6천조 원대로 하락": 1784037943.9582033,
"코인베이스 CEO, Base·Zora 전략 실패 인정…AI로 방향 전환": 1784037900.4972718,
"모건크릭 최고투자책임자 \"도지코인·스페이스X 2조달러 평가 우스꽝스럽다\"": 1784037669.2144752,
"미국 6월 CPI 예상 하회로 달러 약세…인플레이션 진행 방향 긍정 평가": 1784036909.2339697,
"OpenAI, ChatGPT에 칼시 월드컵 예측시장 배당…예측시장 플랫폼과 첫 제휴": 1784036849.8127692,
"오픈 USD 출범으로 서클 주가 17% 급락…스테이블코인 수익 구조 변화": 1784036797.9678564,
"에버노스, 나스닥 상장 진전…SEC에 S-4 수정 신고서 제출": 1784036755.420132,
"휴머니티 프로토콜, 3,600만 달러 해킹 후 운영 보안 강화": 1784035860.383187,
"이란의 UAE 유조선 공격으로 중동산 유가 상승": 1784034939.0846047,
"Cap Labs, cUSD 보상 1,200만달러에서 420만달러로 축소…투자자 신뢰 하락": 1784034190.8640375,
"원/달러 환율 10원 하락해 1,493원…수출업체 달러 매도와 외국자금 유입": 1784034157.7265165,
"헛8, 벤치마크의 목표주가 165달러로 상향 조정…AI 인프라 전환 평가": 1784034107.475221,
"분산 컴퓨팅 스타트업 바운들리스, ZK 증명 넘어 AI 컴퓨팅 사업 확장": 1784034063.3235471,
"미국 6월 CPI 예상 크게 하회, 금리 인상 압력 완화": 1784033138.0488827,
"클린스파크, 조지아주에 66억 달러 규모 20년 데이터센터 임차": 1784032257.7509155,
"일본 JCB, 서클과 스테이블코인 결제 공동 연구 추진": 1784031373.8784833,
"유럽중앙은행, 디지털 유로 파일럿에 도이치방크·레볼루트 등 선정": 1784031341.6371164,
"미국 은행권, CLARITY Act 스테이블코인 이자 조항 재검토 요청": 1784030285.8722656,
"리플, 영국 재무부 토큰화 태스크포스 합류": 1784029644.553906,
"AI 열풍 속 사이버보안 투자 상반기 106억달러 유치": 1784029598.298508,
"한국 단일종목 레버리지 ETF 거래 급증으로 코스피 변동성 확대": 1784029538.5808861,
"유럽중앙은행, 디지털 유로 베타 테스트에 36개 결제 서비스 선정": 1784028822.1086838,
"10년 이상 움직이지 않은 비트코인 354만개 기록, 희소성 강화": 1784028762.3420374,
"미·이란 긴장 고조로 유가·비트코인 변동성 확대, CPI가 분기점": 1784028708.7265303,
"파이 네트워크 PI 토큰 사상 최저가 경신, 상장 이후 97% 폭락": 1784028664.4419034,
"월스트리트 선물 혼조, CPI·은행 실적·미·이란 긴장 주시": 1784027900.7168844,
"개인투자자 'AI 병목 론자들', SK하이닉스 옵션 거래 기대": 1784027868.5574958,
"비트코인 BIP-110 논의, 검열과 탈중앙화 논쟁 재점화": 1784027824.6254294,
"미 정부, 압수 암호화폐 2억8800만 달러를 코인베이스 프라임으로 이전": 1784027785.6561213,
"미·이란 긴장 고조로 유가 상승, 비트코인·주식 영향": 1784027746.7769842,
"장기 보유자들 비트코인 신규 구매층으로 이전…차세대 로테이션 진행": 1784026965.9243872,
"바이낸스 고객 비트코인 잔고 64만 BTC 돌파…3개월 연속 증가": 1784026927.840162,
"영국 HMRC, 암호화폐 대여·유동성공급풀에 '무이득·무손실' 세제 적용": 1784026893.883186,
"예측시장 월간 거래량 50억 달러 돌파…2026 월드컵 첫 달 신기록": 1784026860.1779838,
"미국 6월 소기업 낙관지수 97.4…예상치 상회": 1784025989.1723878,
"AI 해킹 '대재앙' 예측은 허구…DeFi 해킹액 감소 추세": 1784025943.9867842,
"OKX, AERGO 코인 마이그레이션 지원": 1784024221.939569,
"개인 비트코인 채굴자, 저가 장비로 20만 달러 블록보상 획득": 1784024187.8570075
}