{
"미 상원, 2026년 가을 디지털자산 세제 법안 공개 예정": 1782259254.0553894,
"원화 스테이블코인 사업화 가속, 은행·핀테크 경쟁 돌입…성패는 가맹점 확보에 달려": 1782258386.753761,
"한국 증시 MSCI 선진국 지수 편입 올해도 무산, 정부 외환·자본시장 개혁 추진": 1782258343.1471844,
"이더리움 스테이킹 세금 논쟁, 오프체인 개발 펀딩으로 해결 방향": 1782257447.1998725,
"비트마인, 이더리움 전체 공급량의 5% 보유한 '트레저리 기업'으로 주목": 1782256598.854961,
"스페이스X 첫 회사채 발행, 채권시장 투자자 신중한 평가": 1782256547.1873708,
"뉴욕증시 AI·반도체 매도로 3대지수 하락": 1782252940.5066633,
"달러 강세·금 약세로 엇갈린 뉴욕 금융시장, 연준 매파 입장 반영": 1782252092.6877573,
"루비니 경제학자, 블록체인 기반 토큰화 금융상품 'USAFi' 출시": 1782252054.3506727,
"모건스탠리 노스헤이븐 펀드, 2분기 환매 요청의 절반 이하만 지급": 1782251192.0230284,
"미 상원 민주당, 트럼프 가족 암호화폐 사업과 아부다비 왕실 연계 청문회 개최 촉구": 1782251139.120105,
"한국 증시 MSCI 선진국 지수 편입 2026년에도 무산…역외 원화 환전 제한이 주요 장벽": 1782249394.9514499,
"미 가톨릭 지도자 82명, 암호화폐 클래리티법 반대…소프트웨어 개발자 보호 조항이 인신매매 조장할 수 있다고 지적": 1782249345.6704805,
"미국 CBOE, 10년 만에 바이너리 옵션 부활…예측시장 경쟁 진입": 1782248457.900064,
"오페라 미니페이, 비자 스테이블코인 결제 카드 출시": 1782247637.5505795,
"미국 상원, 이란 전쟁 중단 투표로 트럼프와 대립": 1782247589.5446742,
"트럼프 양자컴퓨터 보안 투자, 비트코인 공개키 노출 위험 완화": 1782247538.7733889,
"CFTC, 켄터키주 상대 예측시장 관련 소송 제기": 1782245927.2159505,
"미·이란 협상 진전으로 국제유가 하락, 호르무즈 해협 긴장 완화": 1782245895.3168218,
"저커버그 메타, 예측시장 플랫폼 개발 추진": 1782245835.3078005,
"지캐시 채굴사 포르티튜드, 나스닥 상장 기업과 합병 추진": 1782245800.0587096,
"뉴욕증시 나스닥 2.21% 하락, 반도체주 매도세로 약세 마감": 1782245748.1468556,
"미국 상원의원, 암호화폐 문제 아닌 경제 정책에 초점 촉구": 1782244893.2709,
"미 하원, 7월17일 암호화폐 클래리티법 청문회 개최": 1782244858.26127,
"장기 보유 비트코인 홀더 매도 19개월 만에 최저치": 1782243049.5096054,
"미 가톨릭 지도자 약 100명, 클래리티 법안 반대…불법 자금 거래 대책 약화 우려": 1782242144.8647995,
"미국 사모대출 시장 환매 압박 지속…아폴로 2분기 환매를 다시 5%로 제한": 1782241254.2058692,
"미국 재무부, 캄보디아 프린스그룹 연계 제재 확대…개인 9명·법인 26곳 지정": 1782240353.9284654,
"골드만삭스 주식 트레이딩 부문 2분기 50억달러 이상 실적 예상": 1782239454.160404,
"지캐시 채굴 업체 포르티튜드, 나스닥 상장 추진": 1782238587.3090055,
"뉴욕증시 AI 기술주 매도로 전반 조정": 1782238540.4414403,
"뉴욕 남성, 텔레그램 위장 인플루언서로 140만 달러 암호화폐 사기": 1782237654.2685392,
"미국 재무부, 2년물 채권 690억 달러 발행…수익률 4.189%": 1782236738.9200366,
"이더리움 재단, 직원 20% 감원 및 대규모 조직개편 단행": 1782235980.1910172,
"BNY, 자산운용사들의 토큰화 펀드 진출을 'FOMO' 현상으로 분석": 1782235939.0548859,
"메타 저커버그, 폴리마켓·칼시 유형 예측시장 앱 개발 추진": 1782235888.093804,
"스페이스X 첫 회사채 발행에 890억달러 수요 몰려": 1782235846.4427965,
"금투협장, 단일종목 레버리지 상품 비판에 반박…증권사 일방적 이익 아니라 주장": 1782234996.1399739,
"트럼프 미국 대통령, 이란 동결자산으로 미국산 농산물 구매 제안…이란 정부 반박": 1782234952.0828047,
"CFTC 의장, 영구선물이 모든 규제대상 자산에 부적합할 수 있다고 지적": 1782234118.8229384,
"미국 법무부, 자금세탁 혐의 휴이온 그룹 클라우드 계정 압수": 1782234065.433222,
"BNY, 자산운용사들의 토큰화 펀드 진출 'FOMO'로 분석": 1782233196.4406884,
"골드핀치, 커뮤니티 투표로 프라임 종료 결정": 1782233145.5972714,
"CBOE, 비트코인·이더리움 선물을 무기한 선물로 전환 검토": 1782232253.485276,
"SBI, 일본 규제 준수 엔화 스테이블코인 'JPYSC' 이번 주 출시 예정": 1782231390.5604098,
"이란·오만, 호르무즈 해협 통항료 체계 논의 합의": 1782231351.253556,
"체인링크, 유럽·한국 은행 컨소시엄과 국제송금 네트워크 개발": 1782230503.4491751,
"카카오페이, 카카오페이증권 완전 자회사 전환": 1782230463.3982315,
"체인링크, 한국·유럽 47개 은행과 국제송금 프로젝트 추진": 1782229554.358295,
"테더(USDT), 브라질 PIX 결제망 1억7천만 명에게 개방": 1782228657.7170262,
"SEC, 토큰화 주식 규제 지연…규제 불확실성 완화": 1782227892.078005,
"한국 정부, 스테이블코인·RWA·STO 등 디지털자산 '산업 설계' 단계 추진": 1782227844.0115838,
"이더리움 재단 예산 40% 삭감, 직원 20% 감원 추진": 1782227804.6235313,
"미 하원, 7월 중순 CLARITY Act 청문회 예고…암호화폐 규제법안의 분수령": 1782227755.1287024,
"토큰화 스페이스X 주식 10억 달러 수요 받았으나 투자자 환불 대량 발생": 1782225944.6162007,
"인도 유조선 호르무즈 해협 항해 재개": 1782225051.5985672,
"클래리티 법안 최종 주 통과 경로 불투명": 1782224276.2452576,
"금감원, 단일종목 레버리지 ETF 재검토…변동성 우려": 1782224244.0918105,
"트럼프, AI 기업 정부 지분 보유 방안 검토…공공환원 논의": 1782224194.5709696,
"미국 6월 PMI 5개월래 최고…고용은 위축": 1782224150.8916113,
"월마트, 바이브코 인수해 커넥티드TV 광고사업 확장": 1782223401.902963,
"발라드파워, 영국 수전해 기업 지오푸라 4억 달러에 인수": 1782223341.108715,
"트럼프, 양자컴퓨터·포스트양자암호 전환 행정명령 동시 서명": 1782223309.6141522,
"나스닥 2% 하락 출발, 마이크론 폭락에 반도체주 연쇄 타격": 1782223267.6656911,
"OKX 유럽 대표, MiCA 규제 마감 앞두고 암호화폐 거래소 80% 생존 불가능 경고": 1782222482.8958797,
"글로벌 증시 AI 낙관론 균열…나스닥 선물 3%대 폭락, 코스피 사상 최고가 대비 10% 하락": 1782222424.824578,
"태국, 중국 불법 암호화폐 채굴 자금세탁 네트워크 적발…연 3억 달러 규모": 1782222388.968331,
"이더리움 재단, 지도부 대량 이탈 속 직원 20% 감원": 1782222356.648664,
"DeFi Education Fund, 블록체인 보안 강화 연합 출범": 1782221449.0291326,
"Boundless Bio, Serapha Bio와 역합병 추진…주가 급등": 1782220691.4148428,
"양자컴퓨팅, NHanced Semiconductors 인수 완료": 1782220655.9062288,
"미다스 mGLOBAL 토큰, Aave Horizon 출시": 1782220608.9679792,
"수이, 비트코인 온체인 금융 진출…기관 참여 확대": 1782220548.5241907,
"EU 위원회 디지털 유로 법안 승인, 오프라인·온라인 거래 지원": 1782219841.1945033,
"예측거래소 칼시, 인도를 제한 지역에 추가…55개 관할권 포함": 1782219799.6461337,
"미국 상원, 클래리티 법안 통과 경로 불투명…7월 투표 추진 중": 1782219742.8254716,
"로빈후드 암호화폐 전 COO 아고라 합류, 스테이블코인 사업 확대": 1782219688.7222908,
"대만 증시 1년간 세계 5위 규모로 성장…개인 차입투자 급증에 과열 우려": 1782218787.6480722,
"프랭클린템플턴, 250 디지털 인수 완료…암호화폐 전담 신규 부서 설립": 1782218743.5450869,
"스트래티지 STRC, 테라 비교는 부정확…테라와 구조 다르다": 1782218000.09802
}