{
"이란, 1월 시위 관련 남성 처형": 1784733652.8222477,
"트럼프, 호르무즈 해협 선박 공격 시 이란 대교·발전소 공격 위협": 1784733620.576887,
"미국 원유 재고, 예상 반대로 증가": 1784733560.423591,
"벤치마크, 코인베이스 실적 하향 조정…클래리티법이 변수": 1784733515.3276088,
"미국, 사기 관련 암호화폐 2,500만 달러 이상 몰수": 1784733455.333066,
"미국 증권 이전대행업계, 비인가 토큰화 증권 규제 촉구": 1784733403.289956,
"SEC 피어스 위원, 온체인 금고·대출 서비스에 증권규제 경고": 1784733347.9171486,
"폴리마켓, 프랑스 차단 결정에 법적 이의 제기": 1784732454.9956725,
"FATF, DeFi 중앙화 요소에 규제 필요 강조…미준수 플랫폼 폐지 경고": 1784731592.1784074,
"미국 성인 비트코인 보유자, 금 보유자 처음 초과": 1784731544.2811754,
"SEC, 겐슬러 문자 유실 관련 코인베이스와 15만달러 합의": 1784730649.747574,
"칼시, 미국 중간선거 앞두고 미드텀 허브 출시": 1784729731.6017094,
"디지털 유로, 감시 통화인가 현금의 대체재인가": 1784727943.9696336,
"프랭클린템플턴, 에이전트 AI를 블록체인의 차세대 킬러 유스케이스로 평가": 1784727048.3589113,
"Bragg Gaming Group, Drayton International 인수 완료 및 경영진 개편": 1784726142.182789,
"AI 데이터센터 기업 TECfusions, 나스닥 상장 회사와 SPAC 합병 추진": 1784725307.3737862,
"HTX 영국 제재 회피 위해 온체인 지갑 계속 교체": 1784725255.0497692,
"트럼프, 미국 항공사의 레바논 노선 운영 40년만에 재개 허가": 1784724401.126912,
"중동 분쟁 확대로 유가 상승, 홍해 해상 운송 차질": 1784724370.22819,
"코스피 조정에 위탁매매 반대매매 596억원 규모로 급증": 1784724335.7436452,
"중동 긴장 고조로 원/달러 환율 1,480원 돌파": 1784723446.417746,
"MN8 에너지, 그린백커 재생에너지 인수": 1784722537.4336658,
"미 검찰, 국제 사기·세탁 연루 암호화폐 2,500만 달러 몰수 추진": 1784721686.5752568,
"TE 커넥티비티, 아스트로다인 14억 달러 규모 인수 발표": 1784721654.4276485,
"미드나잇 토큰 완체인 브릿지 해킹 후 19% 반등, 호킨슨 ZK 개편 촉구": 1784721601.785825,
"질리카 레저 앱 보안 취약점 발견, 공격자가 개인키 복구 가능": 1784721558.7076278,
"중동 분쟁 격화, 글로벌 석유 정제 회복 위협": 1784720737.7000453,
"IBK기업은행, 변동금리 주택담보대출 판매 중단": 1784719843.1052065,
"Talos, Kalshi 예측시장에 기관 거래 도구 통합": 1784719039.5649467,
"비트코인, 규제 회피 펩타이드 시장의 주요 결제수단 부상": 1784718979.552524,
"Block, Nostr 기반 협업 플랫폼 Buzz 출시…AI 에이전트 지원": 1784718942.625139,
"렙라이젠, 바이오라이프솔루션 15억 달러에 인수": 1784718111.0431097,
"한국 암호화폐 거래량 급감, 투자자들 주식으로 쏠림": 1784718054.8925235,
"파운드리, 채굴자들에 BIP-110 지지 투표 요청": 1784717137.500977,
"크래켄 모회사, 토큰화 주식을 홍콩·영국·한국 종목으로 확대": 1784716242.4009783,
"루비오 미 국무장관, 이란 '많은 위기' 상황 언급": 1784715339.869534,
"바이낸스, 토큰화 증권 10개를 담보자산으로 추가": 1784714579.4567204,
"3M, AI 데이터센터 광통신 기술로 광섬유 시공 시간 85% 단축": 1784714491.7434576,
"SecondFi, 260만 달러 ADA 도난으로 운영 중단": 1784714452.5169976,
"인도 루피, 이란 분쟁 재격화로 유가 급등에 민감성 증가": 1784713594.1519876,
"갤럭시, 비트코인 양자내성 개발에 500만 달러 지원": 1784713538.3529413,
"밸런스 스테이블코인 99% 급락...100만 달러 규모 해킹": 1784711791.6257434,
"S&P·판테라, 디지털자산 지수 출범...비트코인 제외": 1784711740.3980126,
"호르무즈 해협 통과 선박 감소, 보안 우려 지속": 1784710057.3694112,
"미 상원 민주당, 클래리티 법안의 공직자 암호화폐 윤리규정 집행권 문제로 반발": 1784710023.661299,
"텔레그램, 모든 사용자에 비수탁형 암호화폐 지갑 탑재 예고": 1784709984.0621727,
"국제결제은행, USD 스테이블코인의 자본통제 회피 가능성 지적": 1784709940.9154532,
"BOJ, 엔화 급락에 12월보다 앞서 금리 인상 검토": 1784709047.970032,
"BIS, USD 스테이블코인이 자본통제 회피 가능하다고 경고": 1784707300.255836,
"금감원·핀산협, 전자금융업 협의회서 결제 리스크 관리 강화 논의": 1784707250.2216167,
"미국 검찰, 국제 사기·자금세탁 연루 암호화폐 2,500만 달러 몰수 추진": 1784706340.914564,
"정부·여당, 디지털자산기본법 연내 제정 목표로 입법 속도": 1784705448.542908,
"이란, 요르단·바레인 주둔 미군시설 타격": 1784704580.9504478,
"미국 성인 비트코인 보유자, 금 보유자 첫 초과": 1784704536.6913283,
"영국 6월 CPI 2.6%, 물가상승률 소폭 완화": 1784702771.5172918,
"바이낸스 현물, bStocks 10개 거래쌍 신규 추가": 1784702734.2143116,
"쿠코인 선물, ZHIPU·MINIMAX 스탁 인덱스 영구계약 신규 상장": 1784701005.382474,
"루비오 미 국무장관, 이란 위기 협상 의사 재표명": 1784700945.5153885,
"오픈AI, 보안 평가 중 AI 모델이 샌드박스 탈출해 해킹 페이스 공격": 1784700047.5995789,
"금값 2주일 고점 경신, 연준 금리 전망과 중동 분쟁이 주요 변수": 1784699135.3151398,
"골드만삭스, 호르무즈 봉쇄 시 브렌트유 배럴당 120달러 돌파 가능성 제시": 1784695092.9742522,
"미군, 이란 타격 11일째 연속 공습 완료 발표": 1784695038.89057,
"루비오 미 국무장관, ASEAN 회의에서 중국 왕이 외교부장과 회담": 1784695000.2578287,
"HTX, 영국 제재 회피 위해 지갑 계속 교체": 1784694690.5789888,
"코스피 7,000선 회복, 반도체주 주도로 5% 이상 급등": 1784694644.3002005,
"정부, 반도체·AI·휴머노이드 3대 메가 프로젝트 추진": 1784691936.2454097,
"바이낸스 선물, 2026년 7월 전통금융 파생상품 계약 출시": 1784691075.2782195,
"밸런스 코인 99% 급락, 42DAO 해킹으로 915만 달러 손실": 1784691041.7624967,
"일본 석유 수입 급증으로 무역수지 악화, BOJ 금리 인상 압력 증가": 1784690207.6568987,
"미 재무장관, 클래리티 법안 의회 휴회 전 통과 촉구": 1784690172.3521369,
"글로벌 M2 공급량 120조 달러 상회, 단기 유동성 플러스 전환": 1784690140.3263068,
"파키스탄, 암호화폐 범죄 수사 전담팀 출범": 1784689250.6369936,
"쿠코인, 로렌조 프로토콜(BANK) 상장 개시": 1784688583.2345273,
"미국 이란 타격 발표 후 유가 소폭 상승": 1784688533.9643967,
"트럼프, 미국·사우디 30년 핵연료 농축 기술 거래 승인": 1784688487.1297774,
"카르다노, 커뮤니티 투표만으로 하드포크 결정…블록체인 거버넌스 역사 기점": 1784688430.4431949,
"카이코 리서치, 암호화폐 거래소 가치평가 축이 거래량에서 기관 자금·규제·유동성 질로 이동": 1784688382.8866296,
"타이거리서치, 2026년 암호화폐 시장은 내러티브에서 실사용 중심으로 재편": 1784688347.1244683,
"앤트로픽, 미 상무부 제재 후 로비 지출 26% 급증": 1784686542.7144675,
"삼성전자 신용등급 전망 상향, S&P '긍정적'으로 평가": 1784685648.611118
}