{
"SK텔레콤, 영남권 AI 데이터센터에 140조원 투자 계획 발표": 1783084584.8168054,
"영국 노동당 의원, 파라지 개혁당 지도자 암호자산 로비 관련 표준 감시기관에 신고": 1783084539.1631021,
"쿠코인, NFPUSDT 무기한선물계약 상장폐지": 1783082826.2528522,
"미국 5월 공장주문 감소, 항공기 수요 부진이 주요 요인": 1783082775.5226693,
"앤트로픽, 중국 기업의 클로드 우회접속 차단 강화": 1783082738.4737422,
"IMF, 토큰화 확대 시 금융시스템 강화·분열 좌우할 정책 선택 강조": 1783081849.2531233,
"스탠다드차타드, ESMA MiCA 등록부 첫 사후 업데이트에 포함": 1783080986.8422499,
"트럼프, 가족의 암호자산 수익 140억 달러 이상...법규 위반 없다 주장": 1783080935.0400336,
"비트코인 공급 지표, 2022년 11월 이후 첫 '매수' 신호 발생": 1783080156.3675249,
"비트코인 고래, 2주간 167억 달러 매수...기관 투자자는 최악 유출 기록": 1783080108.0403273,
"스포티파이, 칼시·폴리마켓에 로고 제거 요청...조작 스트림 500만 건으로 300만 달러 베팅 결제": 1783080054.3586233,
"지캐시 Ironwood 업그레이드 연기 가능성…인프라 준비 미흡": 1783079193.354291,
"한화, 2040년까지 우주항공·AI에 55조원 투자 발표": 1783079137.1630604,
"뉴욕 소송 피고인, 39,069개 비트코인 지갑 소유권 사건 기각 신청": 1783078255.903941,
"미 법집행기관 NOBLE, 클래리티 법안 공개 지지": 1783077336.7735124,
"IQM 퀀텀 컴퓨터, 나스닥 상장…미국 주요 거래소 첫 유럽 양자컴퓨터 기업": 1783076502.5466475,
"그레이스케일, 최고재무책임자 교체…지배구조 개편 추진": 1783076456.5146835,
"미국 고용 부진에 비트코인 6만2000달러 회복": 1783075537.9888096,
"쿠코인 마진 스팟 지수 구성 변경": 1783074681.3868544,
"쿠코인 트레이딩봇, XEMUSDT 등 여러 거래쌍 폐지": 1783074644.9654243,
"영국 중앙은행 Mann, 금리 인하 근거 강화": 1783073783.7590764,
"일본 임금 인상 3년 연속 5% 초과": 1783073738.9833863,
"인도 중앙은행, 은행의 암호자산 격리 정책 추진": 1783071934.282514,
"러시아 중앙은행, 9월 디지털 루블 본격 도입 준비 완료": 1783071046.5698133,
"아마존, 올해 초기 레오 인터넷 서비스 개시...위성 400개 근접": 1783070300.8325562,
"네덜란드 군부, 드론 소프트웨어 플랫폼에 수백만 달러 투자": 1783070252.5772357,
"영국 6월 최종 서비스업 PMI 48.8, 3년 6개월래 최대 감소폭 기록": 1783070198.8352635,
"IMF, 토큰화는 금융을 빠르고 저렴하게 하지만 충격에 취약하다고 지적": 1783070139.4666283,
"아일랜드, 범죄 수익 비트코인 500개 추가 압수...2026년 누적 1,500개": 1783069255.773578,
"미국 약한 고용지표로 달러 약세, 남아공 란드 강세 전환": 1783068332.9908497,
"유로존 6월 서비스업 PMI 49.4로 개선, 경기 회복세 3개월 최고": 1783067848.3220828,
"한국씨티은행, 원/달러 환율 3개월 내 1,500원선으로 하락 전망": 1783067446.4151227,
"독일 6월 서비스업 PMI 48.6, 3개월 연속 활동 위축": 1783066539.207627,
"쿠코인, PNUT·FLOKI·GALAX·LUNA 교차마진 거래 서비스 상장 폐지": 1783065647.1819522,
"스페인 6월 서비스업 PMI 54.2, 예상치 상회": 1783064789.5538125,
"글로벌 거래소, TradFi 자산 상품 확대 경쟁": 1783064735.7897978,
"미국 상원, 비트코인 클래리티법 최종 문안 수일 내 공개 전망": 1783062977.2064173,
"한국 외국인직접투자 상반기 9.1% 증가, 142억8천만 달러": 1783062942.2898278,
"칼스버그, 인도 상장 추진…7억 달러 규모": 1783062056.1085176,
"19세 '스캐터드 스파이더' 용의자 미국으로 송환…800만 달러 암호화폐 몸값 사건": 1783060298.0213723,
"바이낸스, MiCA 규제 관련 입장 표명…그리스 요건 충족": 1783060249.503906,
"모건스탠리, 비트코인·이더리움·솔라나 현물 ETF 신청서 제출": 1783059386.8795097,
"골드그룹, 골드리소스 인수 공식 승인…99.99% 찬성으로 통과": 1783059339.3760576,
"SEMI, 미국 정부의 메모리 반도체 가격 개입 경고…공급 확대에 집중할 것 촉구": 1783058502.1546924,
"비트코인 현물 ETF에 2억2100만 달러 순유입…10일 연속 유출 기록 종료": 1783058451.5075445,
"바이낸스, 데이타IP 선물 계약 상장": 1783057533.3946908,
"쿠코인, 알티마(ULTIMA) 토큰 마이그레이션 완료": 1783053042.7268128,
"이더리움 현물 ETF 이틀째 순유입…블랙록이 주도": 1783052174.493507,
"미국 6월 고용 5.7만명 증가에 그쳐…금리인상 전망 후퇴": 1783052140.9595141,
"UBS, 호르무즈해협 유량 개선으로 브렌트유 가격 전망 인하": 1783050393.4144893,
"RWA 토큰화, 규제 미비 지역은 해외 진출 우선 고려해야": 1783050341.8380175,
"비트와이즈, STRC 사건 후 스트래티지의 중요성 감소할 것": 1783049444.9848528,
"미국 AI 붐 속 유럽 주식에 투자 자금 유입": 1783048621.0816941,
"미국-이란 협상 진전 부족으로 걸프만 시장 약세": 1783048576.4750896,
"OKX, 선물거래 쿨오프 기간 업그레이드 실시": 1783048535.9733264,
"세큐리타이즈, NYSE 상장 후 솔라나·아발란체에서 토큰화 주식 거래 개시": 1783046783.2584841,
"정부, 환율 급등으로 어려움 겪는 중소기업에 15조원 긴급 지원": 1783046738.80692,
"지캐시 개발팀 이사회 분쟁으로 일괄 사임…후속 팀 구성 추진": 1783045898.6569026,
"미 상원, 27일 암호화폐 법안 투표…3개월 만에 최대 ETF 순유입": 1783045863.5217466,
"중국 서비스업 성장률 소폭 둔화, 수출주문 20개월 만에 최고": 1783044940.4891255,
"일본 서비스업 활동 회복, 4년래 최고 인플레이션 수준의 원가 상승": 1783041336.2061086,
"사모신용펀드 환매 청구 156억달러 중 환금액은 59억달러에 불과": 1783039539.1521552,
"써클 USDC 수익구조 위협 받나...OpenUSD 출범 후 주가 17% 하락": 1783038647.8354468,
"호주 서비스업 활동 회복하나 기업신뢰도 2.5년래 최저": 1783037737.0902293,
"뉴질랜드 소비자신뢰지수 반등, 인플레이션 기대치 하락": 1783035935.5610316,
"Circle 주가 4.31% 상승, 스탠다드차타드와 USDC 협력 확대": 1783034183.4393754,
"솔라나, 온체인 거버넌스 시스템 SGP 도입": 1783034136.3853674,
"북한 연계 해킹 조직, 올해 상반기 가상자산 해킹의 66% 차지": 1783032372.930233,
"한국 원화 현물환 시장 6일부터 24시간 거래 시작": 1783032338.239775,
"미국 6월 고용 5.7만명 증가, 예상의 절반…월가 AI주 차익실현하고 경기방어주로 선회": 1783031447.8851306,
"리플 공동창립자, 美 상원의원 아들이 주도한 파생상품 거래소 지원": 1783030537.7300067,
"글로벌 외환시장, 강달러와 엔 캐리 트레이드 청산 리스크 경고": 1783029690.2012913,
"트럼프 대통령, 지난해 14억달러 가상자산 수익 관련 \"몰랐다\"": 1783029653.9980206,
"샘 알트만, 미국 정부에 오픈AI 지분 5% 제시": 1783028732.287007,
"국내 휘발유·경유 가격 급락, 7일 만에 각각 88원·91원 하락": 1783027020.0812132,
"러시아, 9월 1일 디지털 루블 본격 도입 예정": 1783026974.5281801,
"한국 6월 외환보유액 427억달러, 5월 감소세 후 반등": 1783026936.7303183,
"미국 재무부, ISIS-K 관련 트론 지갑 130개 이상 제재": 1783026050.733061,
"미국 6월 비농업 고용 5.7만명, 달러 약세 심화": 1783025036.3345993,
"캐터필러, 매출 174억 달러로 22% 증가…데이터센터 전력 사업 확대": 1783023447.3271127
}